[2024-12-17T21:25:18.175+0000] {manager.py:483} INFO - Processing files using up to 2 processes at a time 
[2024-12-17T21:25:18.177+0000] {manager.py:484} INFO - Process each file at most once every 30 seconds
[2024-12-17T21:25:18.179+0000] {manager.py:485} INFO - Checking for new files in /opt/airflow/dags every 300 seconds
[2024-12-17T21:25:18.181+0000] {manager.py:821} INFO - Searching for files in /opt/airflow/dags
[2024-12-17T21:25:18.369+0000] {manager.py:824} INFO - There are 1 files in /opt/airflow/dags
[2024-12-17T21:25:18.714+0000] {manager.py:997} INFO - 
================================================================================
DAG File Processing Stats

File Path                           PID  Runtime      # DAGs    # Errors  Last Runtime    Last Run      Last # of DB Queries
--------------------------------  -----  ---------  --------  ----------  --------------  ----------  ----------------------
/opt/airflow/dags/fintech_dag.py     80  0.07s             0           0                                                   0
================================================================================
[2024-12-17T21:25:49.006+0000] {manager.py:997} INFO - 
================================================================================
DAG File Processing Stats

File Path                         PID    Runtime      # DAGs    # Errors  Last Runtime    Last Run               Last # of DB Queries
--------------------------------  -----  ---------  --------  ----------  --------------  -------------------  ----------------------
/opt/airflow/dags/fintech_dag.py                           0           1  8.63s           2024-12-17T21:25:27                       3
================================================================================
[2024-12-17T21:26:19.232+0000] {manager.py:997} INFO - 
================================================================================
DAG File Processing Stats

File Path                         PID    Runtime      # DAGs    # Errors  Last Runtime    Last Run               Last # of DB Queries
--------------------------------  -----  ---------  --------  ----------  --------------  -------------------  ----------------------
/opt/airflow/dags/fintech_dag.py                           0           1  0.74s           2024-12-17T21:25:58                       5
================================================================================
[2024-12-17T21:26:49.659+0000] {manager.py:997} INFO - 
================================================================================
DAG File Processing Stats

File Path                         PID    Runtime      # DAGs    # Errors  Last Runtime    Last Run               Last # of DB Queries
--------------------------------  -----  ---------  --------  ----------  --------------  -------------------  ----------------------
/opt/airflow/dags/fintech_dag.py                           0           1  1.37s           2024-12-17T21:26:29                       5
================================================================================
[2024-12-17T21:53:30.617+0000] {manager.py:483} INFO - Processing files using up to 2 processes at a time 
[2024-12-17T21:53:30.983+0000] {manager.py:484} INFO - Process each file at most once every 30 seconds
[2024-12-17T21:53:30.984+0000] {manager.py:485} INFO - Checking for new files in /opt/airflow/dags every 300 seconds
[2024-12-17T21:53:30.985+0000] {manager.py:821} INFO - Searching for files in /opt/airflow/dags
[2024-12-17T21:53:31.372+0000] {manager.py:824} INFO - There are 1 files in /opt/airflow/dags
[2024-12-17T21:53:31.579+0000] {manager.py:997} INFO - 
================================================================================
DAG File Processing Stats

File Path                           PID  Runtime      # DAGs    # Errors  Last Runtime    Last Run      Last # of DB Queries
--------------------------------  -----  ---------  --------  ----------  --------------  ----------  ----------------------
/opt/airflow/dags/fintech_dag.py     76  0.07s             0           0                                                   0
================================================================================
[2024-12-17T21:54:01.811+0000] {manager.py:997} INFO - 
================================================================================
DAG File Processing Stats

File Path                         PID    Runtime      # DAGs    # Errors  Last Runtime    Last Run               Last # of DB Queries
--------------------------------  -----  ---------  --------  ----------  --------------  -------------------  ----------------------
/opt/airflow/dags/fintech_dag.py                           0           1  2.31s           2024-12-17T21:53:33                       5
================================================================================
[2024-12-17T21:54:31.870+0000] {manager.py:997} INFO - 
================================================================================
DAG File Processing Stats

File Path                         PID    Runtime      # DAGs    # Errors  Last Runtime    Last Run               Last # of DB Queries
--------------------------------  -----  ---------  --------  ----------  --------------  -------------------  ----------------------
/opt/airflow/dags/fintech_dag.py                           0           1  0.83s           2024-12-17T21:54:04                       5
================================================================================
[2024-12-17T21:55:02.427+0000] {manager.py:997} INFO - 
================================================================================
DAG File Processing Stats

File Path                         PID    Runtime      # DAGs    # Errors  Last Runtime    Last Run               Last # of DB Queries
--------------------------------  -----  ---------  --------  ----------  --------------  -------------------  ----------------------
/opt/airflow/dags/fintech_dag.py                           0           1  0.66s           2024-12-17T21:54:35                       5
================================================================================
[2024-12-17T21:55:06.207+0000] {manager.py:465} INFO - Exiting gracefully upon receiving signal 15
[2024-12-17T21:55:06.207+0000] {manager.py:465} INFO - Exiting gracefully upon receiving signal 15
[2024-12-17T21:55:06.926+0000] {manager.py:465} INFO - Exiting gracefully upon receiving signal 15
[2024-12-17T21:59:45.170+0000] {manager.py:483} INFO - Processing files using up to 2 processes at a time 
[2024-12-17T21:59:45.171+0000] {manager.py:484} INFO - Process each file at most once every 30 seconds
[2024-12-17T21:59:45.171+0000] {manager.py:485} INFO - Checking for new files in /opt/airflow/dags every 300 seconds
[2024-12-17T21:59:45.172+0000] {manager.py:821} INFO - Searching for files in /opt/airflow/dags
[2024-12-17T21:59:45.221+0000] {manager.py:824} INFO - There are 1 files in /opt/airflow/dags
[2024-12-17T21:59:45.344+0000] {manager.py:997} INFO - 
================================================================================
DAG File Processing Stats

File Path                           PID  Runtime      # DAGs    # Errors  Last Runtime    Last Run      Last # of DB Queries
--------------------------------  -----  ---------  --------  ----------  --------------  ----------  ----------------------
/opt/airflow/dags/fintech_dag.py     67  0.03s             0           0                                                   0
================================================================================
[2024-12-17T22:00:13.692+0000] {manager.py:465} INFO - Exiting gracefully upon receiving signal 15
[2024-12-17T22:03:40.816+0000] {manager.py:483} INFO - Processing files using up to 2 processes at a time 
[2024-12-17T22:03:40.895+0000] {manager.py:484} INFO - Process each file at most once every 30 seconds
[2024-12-17T22:03:40.897+0000] {manager.py:485} INFO - Checking for new files in /opt/airflow/dags every 300 seconds
[2024-12-17T22:03:40.900+0000] {manager.py:821} INFO - Searching for files in /opt/airflow/dags
[2024-12-17T22:03:41.185+0000] {manager.py:824} INFO - There are 1 files in /opt/airflow/dags
[2024-12-17T22:03:41.535+0000] {manager.py:997} INFO - 
================================================================================
DAG File Processing Stats

File Path                           PID  Runtime      # DAGs    # Errors  Last Runtime    Last Run      Last # of DB Queries
--------------------------------  -----  ---------  --------  ----------  --------------  ----------  ----------------------
/opt/airflow/dags/fintech_dag.py     78  0.06s             0           0                                                   0
================================================================================
[2024-12-17T22:04:11.791+0000] {manager.py:997} INFO - 
================================================================================
DAG File Processing Stats

File Path                         PID    Runtime      # DAGs    # Errors  Last Runtime    Last Run               Last # of DB Queries
--------------------------------  -----  ---------  --------  ----------  --------------  -------------------  ----------------------
/opt/airflow/dags/fintech_dag.py                           0           1  10.18s          2024-12-17T22:03:51                       5
================================================================================
[2024-12-17T22:04:42.078+0000] {manager.py:997} INFO - 
================================================================================
DAG File Processing Stats

File Path                         PID    Runtime      # DAGs    # Errors  Last Runtime    Last Run               Last # of DB Queries
--------------------------------  -----  ---------  --------  ----------  --------------  -------------------  ----------------------
/opt/airflow/dags/fintech_dag.py                           0           1  1.45s           2024-12-17T22:04:23                       5
================================================================================
[2024-12-17T22:04:58.904+0000] {manager.py:465} INFO - Exiting gracefully upon receiving signal 15
[2024-12-17T22:20:50.259+0000] {manager.py:483} INFO - Processing files using up to 2 processes at a time 
[2024-12-17T22:20:50.347+0000] {manager.py:484} INFO - Process each file at most once every 30 seconds
[2024-12-17T22:20:50.348+0000] {manager.py:485} INFO - Checking for new files in /opt/airflow/dags every 300 seconds
[2024-12-17T22:20:50.349+0000] {manager.py:821} INFO - Searching for files in /opt/airflow/dags
[2024-12-17T22:20:50.615+0000] {manager.py:824} INFO - There are 1 files in /opt/airflow/dags
[2024-12-17T22:20:50.729+0000] {manager.py:997} INFO - 
================================================================================
DAG File Processing Stats

File Path                           PID  Runtime      # DAGs    # Errors  Last Runtime    Last Run      Last # of DB Queries
--------------------------------  -----  ---------  --------  ----------  --------------  ----------  ----------------------
/opt/airflow/dags/fintech_dag.py     74  0.03s             0           0                                                   0
================================================================================
[2024-12-17T22:21:20.933+0000] {manager.py:997} INFO - 
================================================================================
DAG File Processing Stats

File Path                         PID    Runtime      # DAGs    # Errors  Last Runtime    Last Run               Last # of DB Queries
--------------------------------  -----  ---------  --------  ----------  --------------  -------------------  ----------------------
/opt/airflow/dags/fintech_dag.py                           0           1  3.41s           2024-12-17T22:20:54                       5
================================================================================
[2024-12-17T22:21:41.095+0000] {manager.py:465} INFO - Exiting gracefully upon receiving signal 15
[2024-12-17T22:37:42.254+0000] {manager.py:483} INFO - Processing files using up to 2 processes at a time 
[2024-12-17T22:37:42.276+0000] {manager.py:484} INFO - Process each file at most once every 30 seconds
[2024-12-17T22:37:42.278+0000] {manager.py:485} INFO - Checking for new files in /opt/airflow/dags every 300 seconds
[2024-12-17T22:37:42.279+0000] {manager.py:821} INFO - Searching for files in /opt/airflow/dags
[2024-12-17T22:37:42.577+0000] {manager.py:824} INFO - There are 1 files in /opt/airflow/dags
[2024-12-17T22:37:42.793+0000] {manager.py:997} INFO - 
================================================================================
DAG File Processing Stats

File Path                           PID  Runtime      # DAGs    # Errors  Last Runtime    Last Run      Last # of DB Queries
--------------------------------  -----  ---------  --------  ----------  --------------  ----------  ----------------------
/opt/airflow/dags/fintech_dag.py     76  0.03s             0           0                                                   0
================================================================================
[2024-12-17T22:38:12.989+0000] {manager.py:997} INFO - 
================================================================================
DAG File Processing Stats

File Path                         PID    Runtime      # DAGs    # Errors  Last Runtime    Last Run               Last # of DB Queries
--------------------------------  -----  ---------  --------  ----------  --------------  -------------------  ----------------------
/opt/airflow/dags/fintech_dag.py                           1           0  5.12s           2024-12-17T22:37:47                      45
================================================================================
[2024-12-17T22:38:43.245+0000] {manager.py:997} INFO - 
================================================================================
DAG File Processing Stats

File Path                         PID    Runtime      # DAGs    # Errors  Last Runtime    Last Run               Last # of DB Queries
--------------------------------  -----  ---------  --------  ----------  --------------  -------------------  ----------------------
/opt/airflow/dags/fintech_dag.py                           1           0  2.20s           2024-12-17T22:38:20                      12
================================================================================
[2024-12-17T22:39:13.614+0000] {manager.py:997} INFO - 
================================================================================
DAG File Processing Stats

File Path                         PID    Runtime      # DAGs    # Errors  Last Runtime    Last Run               Last # of DB Queries
--------------------------------  -----  ---------  --------  ----------  --------------  -------------------  ----------------------
/opt/airflow/dags/fintech_dag.py                           1           0  1.18s           2024-12-17T22:38:51                      12
================================================================================
[2024-12-17T22:39:43.908+0000] {manager.py:997} INFO - 
================================================================================
DAG File Processing Stats

File Path                         PID    Runtime      # DAGs    # Errors  Last Runtime    Last Run               Last # of DB Queries
--------------------------------  -----  ---------  --------  ----------  --------------  -------------------  ----------------------
/opt/airflow/dags/fintech_dag.py                           1           0  1.16s           2024-12-17T22:39:22                      12
================================================================================
[2024-12-17T22:40:14.140+0000] {manager.py:997} INFO - 
================================================================================
DAG File Processing Stats

File Path                         PID    Runtime      # DAGs    # Errors  Last Runtime    Last Run               Last # of DB Queries
--------------------------------  -----  ---------  --------  ----------  --------------  -------------------  ----------------------
/opt/airflow/dags/fintech_dag.py                           1           0  2.09s           2024-12-17T22:39:55                      12
================================================================================
[2024-12-17T22:40:44.382+0000] {manager.py:997} INFO - 
================================================================================
DAG File Processing Stats

File Path                         PID    Runtime      # DAGs    # Errors  Last Runtime    Last Run               Last # of DB Queries
--------------------------------  -----  ---------  --------  ----------  --------------  -------------------  ----------------------
/opt/airflow/dags/fintech_dag.py                           1           0  1.59s           2024-12-17T22:40:26                      12
================================================================================
[2024-12-17T22:41:14.555+0000] {manager.py:997} INFO - 
================================================================================
DAG File Processing Stats

File Path                         PID    Runtime      # DAGs    # Errors  Last Runtime    Last Run               Last # of DB Queries
--------------------------------  -----  ---------  --------  ----------  --------------  -------------------  ----------------------
/opt/airflow/dags/fintech_dag.py                           1           0  1.77s           2024-12-17T22:40:58                      12
================================================================================
[2024-12-17T22:41:44.771+0000] {manager.py:997} INFO - 
================================================================================
DAG File Processing Stats

File Path                         PID    Runtime      # DAGs    # Errors  Last Runtime    Last Run               Last # of DB Queries
--------------------------------  -----  ---------  --------  ----------  --------------  -------------------  ----------------------
/opt/airflow/dags/fintech_dag.py                           1           0  2.02s           2024-12-17T22:41:30                      12
================================================================================
[2024-12-17T22:42:15.267+0000] {manager.py:997} INFO - 
================================================================================
DAG File Processing Stats

File Path                         PID    Runtime      # DAGs    # Errors  Last Runtime    Last Run               Last # of DB Queries
--------------------------------  -----  ---------  --------  ----------  --------------  -------------------  ----------------------
/opt/airflow/dags/fintech_dag.py                           1           0  1.33s           2024-12-17T22:42:02                      12
================================================================================
[2024-12-17T22:42:42.749+0000] {manager.py:821} INFO - Searching for files in /opt/airflow/dags
[2024-12-17T22:42:42.883+0000] {manager.py:824} INFO - There are 1 files in /opt/airflow/dags
[2024-12-17T22:42:45.912+0000] {manager.py:997} INFO - 
================================================================================
DAG File Processing Stats

File Path                         PID    Runtime      # DAGs    # Errors  Last Runtime    Last Run               Last # of DB Queries
--------------------------------  -----  ---------  --------  ----------  --------------  -------------------  ----------------------
/opt/airflow/dags/fintech_dag.py                           1           0  1.37s           2024-12-17T22:42:34                      12
================================================================================
[2024-12-17T22:43:16.323+0000] {manager.py:997} INFO - 
================================================================================
DAG File Processing Stats

File Path                         PID    Runtime      # DAGs    # Errors  Last Runtime    Last Run               Last # of DB Queries
--------------------------------  -----  ---------  --------  ----------  --------------  -------------------  ----------------------
/opt/airflow/dags/fintech_dag.py                           1           0  1.39s           2024-12-17T22:43:05                      12
================================================================================
[2024-12-17T22:43:46.914+0000] {manager.py:997} INFO - 
================================================================================
DAG File Processing Stats

File Path                         PID    Runtime      # DAGs    # Errors  Last Runtime    Last Run               Last # of DB Queries
--------------------------------  -----  ---------  --------  ----------  --------------  -------------------  ----------------------
/opt/airflow/dags/fintech_dag.py                           1           0  2.25s           2024-12-17T22:43:38                      12
================================================================================
[2024-12-17T22:44:17.329+0000] {manager.py:997} INFO - 
================================================================================
DAG File Processing Stats

File Path                         PID    Runtime      # DAGs    # Errors  Last Runtime    Last Run               Last # of DB Queries
--------------------------------  -----  ---------  --------  ----------  --------------  -------------------  ----------------------
/opt/airflow/dags/fintech_dag.py                           1           0  1.38s           2024-12-17T22:44:09                      12
================================================================================
[2024-12-17T22:44:47.336+0000] {manager.py:997} INFO - 
================================================================================
DAG File Processing Stats

File Path                         PID    Runtime      # DAGs    # Errors  Last Runtime    Last Run               Last # of DB Queries
--------------------------------  -----  ---------  --------  ----------  --------------  -------------------  ----------------------
/opt/airflow/dags/fintech_dag.py                           1           0  1.45s           2024-12-17T22:44:41                      12
================================================================================
[2024-12-17T22:45:04.230+0000] {manager.py:465} INFO - Exiting gracefully upon receiving signal 15
[2024-12-19T23:40:41.942+0000] {manager.py:483} INFO - Processing files using up to 2 processes at a time 
[2024-12-19T23:40:42.109+0000] {manager.py:484} INFO - Process each file at most once every 30 seconds
[2024-12-19T23:40:42.110+0000] {manager.py:485} INFO - Checking for new files in /opt/airflow/dags every 300 seconds
[2024-12-19T23:40:42.111+0000] {manager.py:821} INFO - Searching for files in /opt/airflow/dags
[2024-12-19T23:40:42.631+0000] {manager.py:824} INFO - There are 1 files in /opt/airflow/dags
[2024-12-19T23:40:42.758+0000] {manager.py:997} INFO - 
================================================================================
DAG File Processing Stats

File Path                           PID  Runtime      # DAGs    # Errors  Last Runtime    Last Run      Last # of DB Queries
--------------------------------  -----  ---------  --------  ----------  --------------  ----------  ----------------------
/opt/airflow/dags/fintech_dag.py     75  0.03s             0           0                                                   0
================================================================================
[2024-12-19T23:41:12.936+0000] {manager.py:997} INFO - 
================================================================================
DAG File Processing Stats

File Path                         PID    Runtime      # DAGs    # Errors  Last Runtime    Last Run               Last # of DB Queries
--------------------------------  -----  ---------  --------  ----------  --------------  -------------------  ----------------------
/opt/airflow/dags/fintech_dag.py                           1           0  4.76s           2024-12-19T23:40:47                      33
================================================================================
[2024-12-19T23:41:42.949+0000] {manager.py:997} INFO - 
================================================================================
DAG File Processing Stats

File Path                         PID    Runtime      # DAGs    # Errors  Last Runtime    Last Run               Last # of DB Queries
--------------------------------  -----  ---------  --------  ----------  --------------  -------------------  ----------------------
/opt/airflow/dags/fintech_dag.py                           1           0  2.13s           2024-12-19T23:41:19                      12
================================================================================
[2024-12-19T23:42:13.145+0000] {manager.py:997} INFO - 
================================================================================
DAG File Processing Stats

File Path                         PID    Runtime      # DAGs    # Errors  Last Runtime    Last Run               Last # of DB Queries
--------------------------------  -----  ---------  --------  ----------  --------------  -------------------  ----------------------
/opt/airflow/dags/fintech_dag.py                           1           0  1.28s           2024-12-19T23:41:51                      12
================================================================================
[2024-12-19T23:42:43.263+0000] {manager.py:997} INFO - 
================================================================================
DAG File Processing Stats

File Path                         PID    Runtime      # DAGs    # Errors  Last Runtime    Last Run               Last # of DB Queries
--------------------------------  -----  ---------  --------  ----------  --------------  -------------------  ----------------------
/opt/airflow/dags/fintech_dag.py                           1           0  1.88s           2024-12-19T23:42:23                      12
================================================================================
[2024-12-19T23:43:13.469+0000] {manager.py:997} INFO - 
================================================================================
DAG File Processing Stats

File Path                         PID    Runtime      # DAGs    # Errors  Last Runtime    Last Run               Last # of DB Queries
--------------------------------  -----  ---------  --------  ----------  --------------  -------------------  ----------------------
/opt/airflow/dags/fintech_dag.py                           1           0  1.97s           2024-12-19T23:42:55                      12
================================================================================
[2024-12-19T23:43:43.555+0000] {manager.py:997} INFO - 
================================================================================
DAG File Processing Stats

File Path                         PID    Runtime      # DAGs    # Errors  Last Runtime    Last Run               Last # of DB Queries
--------------------------------  -----  ---------  --------  ----------  --------------  -------------------  ----------------------
/opt/airflow/dags/fintech_dag.py                           1           0  1.88s           2024-12-19T23:43:27                      12
================================================================================
[2024-12-19T23:44:14.109+0000] {manager.py:997} INFO - 
================================================================================
DAG File Processing Stats

File Path                         PID    Runtime      # DAGs    # Errors  Last Runtime    Last Run               Last # of DB Queries
--------------------------------  -----  ---------  --------  ----------  --------------  -------------------  ----------------------
/opt/airflow/dags/fintech_dag.py                           1           0  1.52s           2024-12-19T23:43:59                      12
================================================================================
[2024-12-19T23:44:44.483+0000] {manager.py:997} INFO - 
================================================================================
DAG File Processing Stats

File Path                         PID    Runtime      # DAGs    # Errors  Last Runtime    Last Run               Last # of DB Queries
--------------------------------  -----  ---------  --------  ----------  --------------  -------------------  ----------------------
/opt/airflow/dags/fintech_dag.py                           1           0  1.43s           2024-12-19T23:44:30                      12
================================================================================
[2024-12-19T23:45:14.685+0000] {manager.py:997} INFO - 
================================================================================
DAG File Processing Stats

File Path                         PID    Runtime      # DAGs    # Errors  Last Runtime    Last Run               Last # of DB Queries
--------------------------------  -----  ---------  --------  ----------  --------------  -------------------  ----------------------
/opt/airflow/dags/fintech_dag.py                           1           0  1.95s           2024-12-19T23:45:02                      12
================================================================================
[2024-12-19T23:45:32.708+0000] {manager.py:465} INFO - Exiting gracefully upon receiving signal 15
[2024-12-19T23:46:56.634+0000] {manager.py:483} INFO - Processing files using up to 2 processes at a time 
[2024-12-19T23:46:56.635+0000] {manager.py:484} INFO - Process each file at most once every 30 seconds
[2024-12-19T23:46:56.636+0000] {manager.py:485} INFO - Checking for new files in /opt/airflow/dags every 300 seconds
[2024-12-19T23:46:56.637+0000] {manager.py:821} INFO - Searching for files in /opt/airflow/dags
[2024-12-19T23:46:56.748+0000] {manager.py:824} INFO - There are 1 files in /opt/airflow/dags
[2024-12-19T23:46:56.855+0000] {manager.py:997} INFO - 
================================================================================
DAG File Processing Stats

File Path                           PID  Runtime      # DAGs    # Errors  Last Runtime    Last Run      Last # of DB Queries
--------------------------------  -----  ---------  --------  ----------  --------------  ----------  ----------------------
/opt/airflow/dags/fintech_dag.py     74  0.03s             0           0                                                   0
================================================================================
[2024-12-19T23:47:26.868+0000] {manager.py:997} INFO - 
================================================================================
DAG File Processing Stats

File Path                         PID    Runtime      # DAGs    # Errors  Last Runtime    Last Run               Last # of DB Queries
--------------------------------  -----  ---------  --------  ----------  --------------  -------------------  ----------------------
/opt/airflow/dags/fintech_dag.py                           1           0  3.65s           2024-12-19T23:47:00                      12
================================================================================
[2024-12-19T23:47:57.069+0000] {manager.py:997} INFO - 
================================================================================
DAG File Processing Stats

File Path                         PID    Runtime      # DAGs    # Errors  Last Runtime    Last Run               Last # of DB Queries
--------------------------------  -----  ---------  --------  ----------  --------------  -------------------  ----------------------
/opt/airflow/dags/fintech_dag.py                           1           0  1.50s           2024-12-19T23:47:32                      12
================================================================================
[2024-12-19T23:48:27.778+0000] {manager.py:997} INFO - 
================================================================================
DAG File Processing Stats

File Path                         PID    Runtime      # DAGs    # Errors  Last Runtime    Last Run               Last # of DB Queries
--------------------------------  -----  ---------  --------  ----------  --------------  -------------------  ----------------------
/opt/airflow/dags/fintech_dag.py                           1           0  1.25s           2024-12-19T23:48:03                      12
================================================================================
[2024-12-19T23:48:58.274+0000] {manager.py:997} INFO - 
================================================================================
DAG File Processing Stats

File Path                           PID  Runtime      # DAGs    # Errors  Last Runtime    Last Run               Last # of DB Queries
--------------------------------  -----  ---------  --------  ----------  --------------  -------------------  ----------------------
/opt/airflow/dags/fintech_dag.py    154  1.01s             1           0  1.25s           2024-12-19T23:48:35                      12
================================================================================
[2024-12-19T23:49:28.681+0000] {manager.py:997} INFO - 
================================================================================
DAG File Processing Stats

File Path                         PID    Runtime      # DAGs    # Errors  Last Runtime    Last Run               Last # of DB Queries
--------------------------------  -----  ---------  --------  ----------  --------------  -------------------  ----------------------
/opt/airflow/dags/fintech_dag.py                           1           0  1.62s           2024-12-19T23:48:58                      12
================================================================================
[2024-12-19T23:49:59.305+0000] {manager.py:997} INFO - 
================================================================================
DAG File Processing Stats

File Path                         PID    Runtime      # DAGs    # Errors  Last Runtime    Last Run               Last # of DB Queries
--------------------------------  -----  ---------  --------  ----------  --------------  -------------------  ----------------------
/opt/airflow/dags/fintech_dag.py                           1           0  1.30s           2024-12-19T23:49:30                      12
================================================================================
[2024-12-19T23:50:29.807+0000] {manager.py:997} INFO - 
================================================================================
DAG File Processing Stats

File Path                         PID    Runtime      # DAGs    # Errors  Last Runtime    Last Run               Last # of DB Queries
--------------------------------  -----  ---------  --------  ----------  --------------  -------------------  ----------------------
/opt/airflow/dags/fintech_dag.py                           1           0  1.45s           2024-12-19T23:50:02                      12
================================================================================
[2024-12-19T23:52:31.862+0000] {manager.py:483} INFO - Processing files using up to 2 processes at a time 
[2024-12-19T23:52:31.863+0000] {manager.py:484} INFO - Process each file at most once every 30 seconds
[2024-12-19T23:52:31.864+0000] {manager.py:485} INFO - Checking for new files in /opt/airflow/dags every 300 seconds
[2024-12-19T23:52:31.864+0000] {manager.py:821} INFO - Searching for files in /opt/airflow/dags
[2024-12-19T23:52:31.923+0000] {manager.py:824} INFO - There are 1 files in /opt/airflow/dags
[2024-12-19T23:52:32.003+0000] {manager.py:997} INFO - 
================================================================================
DAG File Processing Stats

File Path                           PID  Runtime      # DAGs    # Errors  Last Runtime    Last Run      Last # of DB Queries
--------------------------------  -----  ---------  --------  ----------  --------------  ----------  ----------------------
/opt/airflow/dags/fintech_dag.py     56  0.02s             0           0                                                   0
================================================================================
[2024-12-19T23:53:02.187+0000] {manager.py:997} INFO - 
================================================================================
DAG File Processing Stats

File Path                         PID    Runtime      # DAGs    # Errors  Last Runtime    Last Run               Last # of DB Queries
--------------------------------  -----  ---------  --------  ----------  --------------  -------------------  ----------------------
/opt/airflow/dags/fintech_dag.py                           1           0  2.80s           2024-12-19T23:52:34                      34
================================================================================
[2024-12-19T23:53:32.367+0000] {manager.py:997} INFO - 
================================================================================
DAG File Processing Stats

File Path                         PID    Runtime      # DAGs    # Errors  Last Runtime    Last Run               Last # of DB Queries
--------------------------------  -----  ---------  --------  ----------  --------------  -------------------  ----------------------
/opt/airflow/dags/fintech_dag.py                           1           0  1.39s           2024-12-19T23:53:27                      12
================================================================================
[2024-12-19T23:54:02.783+0000] {manager.py:997} INFO - 
================================================================================
DAG File Processing Stats

File Path                         PID    Runtime      # DAGs    # Errors  Last Runtime    Last Run               Last # of DB Queries
--------------------------------  -----  ---------  --------  ----------  --------------  -------------------  ----------------------
/opt/airflow/dags/fintech_dag.py                           1           0  1.34s           2024-12-19T23:53:59                      12
================================================================================
[2024-12-19T23:54:33.319+0000] {manager.py:997} INFO - 
================================================================================
DAG File Processing Stats

File Path                         PID    Runtime      # DAGs    # Errors  Last Runtime    Last Run               Last # of DB Queries
--------------------------------  -----  ---------  --------  ----------  --------------  -------------------  ----------------------
/opt/airflow/dags/fintech_dag.py                           1           0  1.21s           2024-12-19T23:54:30                      12
================================================================================
[2024-12-19T23:55:03.713+0000] {manager.py:997} INFO - 
================================================================================
DAG File Processing Stats

File Path                         PID    Runtime      # DAGs    # Errors  Last Runtime    Last Run               Last # of DB Queries
--------------------------------  -----  ---------  --------  ----------  --------------  -------------------  ----------------------
/opt/airflow/dags/fintech_dag.py                           1           0  1.24s           2024-12-19T23:55:01                      12
================================================================================
[2024-12-19T23:55:34.153+0000] {manager.py:997} INFO - 
================================================================================
DAG File Processing Stats

File Path                         PID    Runtime      # DAGs    # Errors  Last Runtime    Last Run               Last # of DB Queries
--------------------------------  -----  ---------  --------  ----------  --------------  -------------------  ----------------------
/opt/airflow/dags/fintech_dag.py                           1           0  1.21s           2024-12-19T23:55:33                      12
================================================================================
[2024-12-19T23:56:04.378+0000] {manager.py:997} INFO - 
================================================================================
DAG File Processing Stats

File Path                           PID  Runtime      # DAGs    # Errors  Last Runtime    Last Run               Last # of DB Queries
--------------------------------  -----  ---------  --------  ----------  --------------  -------------------  ----------------------
/opt/airflow/dags/fintech_dag.py    189  1.01s             1           0  1.21s           2024-12-19T23:55:33                      12
================================================================================
[2024-12-19T23:56:34.755+0000] {manager.py:997} INFO - 
================================================================================
DAG File Processing Stats

File Path                         PID    Runtime      # DAGs    # Errors  Last Runtime    Last Run               Last # of DB Queries
--------------------------------  -----  ---------  --------  ----------  --------------  -------------------  ----------------------
/opt/airflow/dags/fintech_dag.py                           1           0  1.55s           2024-12-19T23:56:04                      12
================================================================================
[2024-12-19T23:57:05.330+0000] {manager.py:997} INFO - 
================================================================================
DAG File Processing Stats

File Path                         PID    Runtime      # DAGs    # Errors  Last Runtime    Last Run               Last # of DB Queries
--------------------------------  -----  ---------  --------  ----------  --------------  -------------------  ----------------------
/opt/airflow/dags/fintech_dag.py                           1           0  1.35s           2024-12-19T23:56:36                      12
================================================================================
[2024-12-19T23:57:32.345+0000] {manager.py:821} INFO - Searching for files in /opt/airflow/dags
[2024-12-19T23:57:32.387+0000] {manager.py:824} INFO - There are 1 files in /opt/airflow/dags
[2024-12-19T23:57:35.422+0000] {manager.py:997} INFO - 
================================================================================
DAG File Processing Stats

File Path                         PID    Runtime      # DAGs    # Errors  Last Runtime    Last Run               Last # of DB Queries
--------------------------------  -----  ---------  --------  ----------  --------------  -------------------  ----------------------
/opt/airflow/dags/fintech_dag.py                           1           0  1.38s           2024-12-19T23:57:08                      12
================================================================================
[2024-12-19T23:58:05.640+0000] {manager.py:997} INFO - 
================================================================================
DAG File Processing Stats

File Path                         PID    Runtime      # DAGs    # Errors  Last Runtime    Last Run               Last # of DB Queries
--------------------------------  -----  ---------  --------  ----------  --------------  -------------------  ----------------------
/opt/airflow/dags/fintech_dag.py                           1           0  1.38s           2024-12-19T23:57:39                      12
================================================================================
[2024-12-19T23:58:35.643+0000] {manager.py:997} INFO - 
================================================================================
DAG File Processing Stats

File Path                         PID    Runtime      # DAGs    # Errors  Last Runtime    Last Run               Last # of DB Queries
--------------------------------  -----  ---------  --------  ----------  --------------  -------------------  ----------------------
/opt/airflow/dags/fintech_dag.py                           1           0  1.42s           2024-12-19T23:58:11                      12
================================================================================
[2024-12-19T23:59:05.732+0000] {manager.py:997} INFO - 
================================================================================
DAG File Processing Stats

File Path                         PID    Runtime      # DAGs    # Errors  Last Runtime    Last Run               Last # of DB Queries
--------------------------------  -----  ---------  --------  ----------  --------------  -------------------  ----------------------
/opt/airflow/dags/fintech_dag.py                           1           0  1.86s           2024-12-19T23:58:43                      12
================================================================================
[2024-12-19T23:59:35.942+0000] {manager.py:997} INFO - 
================================================================================
DAG File Processing Stats

File Path                         PID    Runtime      # DAGs    # Errors  Last Runtime    Last Run               Last # of DB Queries
--------------------------------  -----  ---------  --------  ----------  --------------  -------------------  ----------------------
/opt/airflow/dags/fintech_dag.py                           1           0  1.60s           2024-12-19T23:59:15                      12
================================================================================
[2024-12-20T00:00:06.136+0000] {manager.py:997} INFO - 
================================================================================
DAG File Processing Stats

File Path                         PID    Runtime      # DAGs    # Errors  Last Runtime    Last Run               Last # of DB Queries
--------------------------------  -----  ---------  --------  ----------  --------------  -------------------  ----------------------
/opt/airflow/dags/fintech_dag.py                           1           0  1.39s           2024-12-19T23:59:47                      12
================================================================================
[2024-12-20T00:00:36.352+0000] {manager.py:997} INFO - 
================================================================================
DAG File Processing Stats

File Path                         PID    Runtime      # DAGs    # Errors  Last Runtime    Last Run               Last # of DB Queries
--------------------------------  -----  ---------  --------  ----------  --------------  -------------------  ----------------------
/opt/airflow/dags/fintech_dag.py                           1           0  1.54s           2024-12-20T00:00:18                      34
================================================================================
[2024-12-20T00:01:06.368+0000] {manager.py:997} INFO - 
================================================================================
DAG File Processing Stats

File Path                         PID    Runtime      # DAGs    # Errors  Last Runtime    Last Run               Last # of DB Queries
--------------------------------  -----  ---------  --------  ----------  --------------  -------------------  ----------------------
/opt/airflow/dags/fintech_dag.py                           1           0  1.27s           2024-12-20T00:00:50                      12
================================================================================
[2024-12-20T00:01:36.581+0000] {manager.py:997} INFO - 
================================================================================
DAG File Processing Stats

File Path                         PID    Runtime      # DAGs    # Errors  Last Runtime    Last Run               Last # of DB Queries
--------------------------------  -----  ---------  --------  ----------  --------------  -------------------  ----------------------
/opt/airflow/dags/fintech_dag.py                           1           0  1.20s           2024-12-20T00:01:21                      12
================================================================================
[2024-12-20T00:02:06.963+0000] {manager.py:997} INFO - 
================================================================================
DAG File Processing Stats

File Path                         PID    Runtime      # DAGs    # Errors  Last Runtime    Last Run               Last # of DB Queries
--------------------------------  -----  ---------  --------  ----------  --------------  -------------------  ----------------------
/opt/airflow/dags/fintech_dag.py                           1           0  1.18s           2024-12-20T00:01:52                      12
================================================================================
[2024-12-20T00:02:33.147+0000] {manager.py:821} INFO - Searching for files in /opt/airflow/dags
[2024-12-20T00:02:33.209+0000] {manager.py:824} INFO - There are 1 files in /opt/airflow/dags
[2024-12-20T00:02:37.246+0000] {manager.py:997} INFO - 
================================================================================
DAG File Processing Stats

File Path                         PID    Runtime      # DAGs    # Errors  Last Runtime    Last Run               Last # of DB Queries
--------------------------------  -----  ---------  --------  ----------  --------------  -------------------  ----------------------
/opt/airflow/dags/fintech_dag.py                           1           0  1.16s           2024-12-20T00:02:24                      12
================================================================================
[2024-12-20T00:03:07.504+0000] {manager.py:997} INFO - 
================================================================================
DAG File Processing Stats

File Path                         PID    Runtime      # DAGs    # Errors  Last Runtime    Last Run               Last # of DB Queries
--------------------------------  -----  ---------  --------  ----------  --------------  -------------------  ----------------------
/opt/airflow/dags/fintech_dag.py                           1           0  1.26s           2024-12-20T00:02:55                      12
================================================================================
[2024-12-20T00:03:37.915+0000] {manager.py:997} INFO - 
================================================================================
DAG File Processing Stats

File Path                         PID    Runtime      # DAGs    # Errors  Last Runtime    Last Run               Last # of DB Queries
--------------------------------  -----  ---------  --------  ----------  --------------  -------------------  ----------------------
/opt/airflow/dags/fintech_dag.py                           1           0  1.41s           2024-12-20T00:03:27                      12
================================================================================
[2024-12-20T00:04:08.538+0000] {manager.py:997} INFO - 
================================================================================
DAG File Processing Stats

File Path                         PID    Runtime      # DAGs    # Errors  Last Runtime    Last Run               Last # of DB Queries
--------------------------------  -----  ---------  --------  ----------  --------------  -------------------  ----------------------
/opt/airflow/dags/fintech_dag.py                           1           0  1.23s           2024-12-20T00:03:58                      12
================================================================================
[2024-12-20T00:04:38.964+0000] {manager.py:997} INFO - 
================================================================================
DAG File Processing Stats

File Path                         PID    Runtime      # DAGs    # Errors  Last Runtime    Last Run               Last # of DB Queries
--------------------------------  -----  ---------  --------  ----------  --------------  -------------------  ----------------------
/opt/airflow/dags/fintech_dag.py                           1           0  1.13s           2024-12-20T00:04:30                      12
================================================================================
[2024-12-20T00:05:09.274+0000] {manager.py:997} INFO - 
================================================================================
DAG File Processing Stats

File Path                         PID    Runtime      # DAGs    # Errors  Last Runtime    Last Run               Last # of DB Queries
--------------------------------  -----  ---------  --------  ----------  --------------  -------------------  ----------------------
/opt/airflow/dags/fintech_dag.py                           1           0  1.29s           2024-12-20T00:05:01                      12
================================================================================
[2024-12-20T00:05:39.652+0000] {manager.py:997} INFO - 
================================================================================
DAG File Processing Stats

File Path                         PID    Runtime      # DAGs    # Errors  Last Runtime    Last Run               Last # of DB Queries
--------------------------------  -----  ---------  --------  ----------  --------------  -------------------  ----------------------
/opt/airflow/dags/fintech_dag.py                           1           0  1.25s           2024-12-20T00:05:32                      12
================================================================================
[2024-12-20T00:06:09.907+0000] {manager.py:997} INFO - 
================================================================================
DAG File Processing Stats

File Path                         PID    Runtime      # DAGs    # Errors  Last Runtime    Last Run               Last # of DB Queries
--------------------------------  -----  ---------  --------  ----------  --------------  -------------------  ----------------------
/opt/airflow/dags/fintech_dag.py                           1           0  1.31s           2024-12-20T00:06:04                      12
================================================================================
[2024-12-20T00:06:40.472+0000] {manager.py:997} INFO - 
================================================================================
DAG File Processing Stats

File Path                         PID    Runtime      # DAGs    # Errors  Last Runtime    Last Run               Last # of DB Queries
--------------------------------  -----  ---------  --------  ----------  --------------  -------------------  ----------------------
/opt/airflow/dags/fintech_dag.py                           1           0  1.21s           2024-12-20T00:06:35                      12
================================================================================
[2024-12-20T00:07:10.867+0000] {manager.py:997} INFO - 
================================================================================
DAG File Processing Stats

File Path                         PID    Runtime      # DAGs    # Errors  Last Runtime    Last Run               Last # of DB Queries
--------------------------------  -----  ---------  --------  ----------  --------------  -------------------  ----------------------
/opt/airflow/dags/fintech_dag.py                           1           0  1.21s           2024-12-20T00:07:06                      12
================================================================================
[2024-12-20T00:07:34.029+0000] {manager.py:821} INFO - Searching for files in /opt/airflow/dags
[2024-12-20T00:07:34.088+0000] {manager.py:824} INFO - There are 1 files in /opt/airflow/dags
[2024-12-20T00:07:41.176+0000] {manager.py:997} INFO - 
================================================================================
DAG File Processing Stats

File Path                         PID    Runtime      # DAGs    # Errors  Last Runtime    Last Run               Last # of DB Queries
--------------------------------  -----  ---------  --------  ----------  --------------  -------------------  ----------------------
/opt/airflow/dags/fintech_dag.py                           1           0  1.36s           2024-12-20T00:07:38                      12
================================================================================
[2024-12-20T00:08:11.264+0000] {manager.py:997} INFO - 
================================================================================
DAG File Processing Stats

File Path                         PID    Runtime      # DAGs    # Errors  Last Runtime    Last Run               Last # of DB Queries
--------------------------------  -----  ---------  --------  ----------  --------------  -------------------  ----------------------
/opt/airflow/dags/fintech_dag.py                           1           0  1.56s           2024-12-20T00:08:10                      12
================================================================================
[2024-12-20T00:08:13.504+0000] {manager.py:465} INFO - Exiting gracefully upon receiving signal 15
[2024-12-20T00:09:31.078+0000] {manager.py:483} INFO - Processing files using up to 2 processes at a time 
[2024-12-20T00:09:31.079+0000] {manager.py:484} INFO - Process each file at most once every 30 seconds
[2024-12-20T00:09:31.080+0000] {manager.py:485} INFO - Checking for new files in /opt/airflow/dags every 300 seconds
[2024-12-20T00:09:31.081+0000] {manager.py:821} INFO - Searching for files in /opt/airflow/dags
[2024-12-20T00:09:31.151+0000] {manager.py:824} INFO - There are 1 files in /opt/airflow/dags
[2024-12-20T00:09:31.273+0000] {manager.py:997} INFO - 
================================================================================
DAG File Processing Stats

File Path                           PID  Runtime      # DAGs    # Errors  Last Runtime    Last Run      Last # of DB Queries
--------------------------------  -----  ---------  --------  ----------  --------------  ----------  ----------------------
/opt/airflow/dags/fintech_dag.py     74  0.03s             0           0                                                   0
================================================================================
[2024-12-20T00:10:01.469+0000] {manager.py:997} INFO - 
================================================================================
DAG File Processing Stats

File Path                         PID    Runtime      # DAGs    # Errors  Last Runtime    Last Run               Last # of DB Queries
--------------------------------  -----  ---------  --------  ----------  --------------  -------------------  ----------------------
/opt/airflow/dags/fintech_dag.py                           1           0  2.65s           2024-12-20T00:09:33                      12
================================================================================
[2024-12-20T00:10:31.553+0000] {manager.py:997} INFO - 
================================================================================
DAG File Processing Stats

File Path                         PID    Runtime      # DAGs    # Errors  Last Runtime    Last Run               Last # of DB Queries
--------------------------------  -----  ---------  --------  ----------  --------------  -------------------  ----------------------
/opt/airflow/dags/fintech_dag.py                           1           0  1.27s           2024-12-20T00:10:05                      12
================================================================================
[2024-12-20T00:11:01.777+0000] {manager.py:997} INFO - 
================================================================================
DAG File Processing Stats

File Path                         PID    Runtime      # DAGs    # Errors  Last Runtime    Last Run               Last # of DB Queries
--------------------------------  -----  ---------  --------  ----------  --------------  -------------------  ----------------------
/opt/airflow/dags/fintech_dag.py                           1           0  1.35s           2024-12-20T00:10:36                      12
================================================================================
[2024-12-20T00:11:32.326+0000] {manager.py:997} INFO - 
================================================================================
DAG File Processing Stats

File Path                         PID    Runtime      # DAGs    # Errors  Last Runtime    Last Run               Last # of DB Queries
--------------------------------  -----  ---------  --------  ----------  --------------  -------------------  ----------------------
/opt/airflow/dags/fintech_dag.py                           1           0  1.41s           2024-12-20T00:11:08                      12
================================================================================
[2024-12-20T00:12:02.545+0000] {manager.py:997} INFO - 
================================================================================
DAG File Processing Stats

File Path                         PID    Runtime      # DAGs    # Errors  Last Runtime    Last Run               Last # of DB Queries
--------------------------------  -----  ---------  --------  ----------  --------------  -------------------  ----------------------
/opt/airflow/dags/fintech_dag.py                           1           0  1.76s           2024-12-20T00:11:40                      12
================================================================================
[2024-12-20T00:12:32.915+0000] {manager.py:997} INFO - 
================================================================================
DAG File Processing Stats

File Path                         PID    Runtime      # DAGs    # Errors  Last Runtime    Last Run               Last # of DB Queries
--------------------------------  -----  ---------  --------  ----------  --------------  -------------------  ----------------------
/opt/airflow/dags/fintech_dag.py                           1           0  1.29s           2024-12-20T00:12:11                      12
================================================================================
[2024-12-20T00:13:03.217+0000] {manager.py:997} INFO - 
================================================================================
DAG File Processing Stats

File Path                         PID    Runtime      # DAGs    # Errors  Last Runtime    Last Run               Last # of DB Queries
--------------------------------  -----  ---------  --------  ----------  --------------  -------------------  ----------------------
/opt/airflow/dags/fintech_dag.py                           1           0  1.29s           2024-12-20T00:12:43                      12
================================================================================
[2024-12-20T00:13:33.610+0000] {manager.py:997} INFO - 
================================================================================
DAG File Processing Stats

File Path                         PID    Runtime      # DAGs    # Errors  Last Runtime    Last Run               Last # of DB Queries
--------------------------------  -----  ---------  --------  ----------  --------------  -------------------  ----------------------
/opt/airflow/dags/fintech_dag.py                           1           0  1.33s           2024-12-20T00:13:14                      12
================================================================================
[2024-12-20T00:14:03.941+0000] {manager.py:997} INFO - 
================================================================================
DAG File Processing Stats

File Path                         PID    Runtime      # DAGs    # Errors  Last Runtime    Last Run               Last # of DB Queries
--------------------------------  -----  ---------  --------  ----------  --------------  -------------------  ----------------------
/opt/airflow/dags/fintech_dag.py                           1           0  1.37s           2024-12-20T00:13:46                      12
================================================================================
[2024-12-20T00:14:31.367+0000] {manager.py:821} INFO - Searching for files in /opt/airflow/dags
[2024-12-20T00:14:31.409+0000] {manager.py:824} INFO - There are 1 files in /opt/airflow/dags
[2024-12-20T00:14:34.438+0000] {manager.py:997} INFO - 
================================================================================
DAG File Processing Stats

File Path                         PID    Runtime      # DAGs    # Errors  Last Runtime    Last Run               Last # of DB Queries
--------------------------------  -----  ---------  --------  ----------  --------------  -------------------  ----------------------
/opt/airflow/dags/fintech_dag.py                           1           0  1.50s           2024-12-20T00:14:17                      12
================================================================================
[2024-12-20T00:15:05.126+0000] {manager.py:997} INFO - 
================================================================================
DAG File Processing Stats

File Path                         PID    Runtime      # DAGs    # Errors  Last Runtime    Last Run               Last # of DB Queries
--------------------------------  -----  ---------  --------  ----------  --------------  -------------------  ----------------------
/opt/airflow/dags/fintech_dag.py                           1           0  1.25s           2024-12-20T00:14:49                      12
================================================================================
[2024-12-20T00:15:35.552+0000] {manager.py:997} INFO - 
================================================================================
DAG File Processing Stats

File Path                         PID    Runtime      # DAGs    # Errors  Last Runtime    Last Run               Last # of DB Queries
--------------------------------  -----  ---------  --------  ----------  --------------  -------------------  ----------------------
/opt/airflow/dags/fintech_dag.py                           1           0  1.36s           2024-12-20T00:15:20                      12
================================================================================
[2024-12-20T00:16:06.111+0000] {manager.py:997} INFO - 
================================================================================
DAG File Processing Stats

File Path                         PID    Runtime      # DAGs    # Errors  Last Runtime    Last Run               Last # of DB Queries
--------------------------------  -----  ---------  --------  ----------  --------------  -------------------  ----------------------
/opt/airflow/dags/fintech_dag.py                           1           0  1.36s           2024-12-20T00:15:52                      12
================================================================================
[2024-12-20T00:16:08.819+0000] {manager.py:465} INFO - Exiting gracefully upon receiving signal 15
[2024-12-20T00:17:36.963+0000] {manager.py:483} INFO - Processing files using up to 2 processes at a time 
[2024-12-20T00:17:36.964+0000] {manager.py:484} INFO - Process each file at most once every 30 seconds
[2024-12-20T00:17:36.964+0000] {manager.py:485} INFO - Checking for new files in /opt/airflow/dags every 300 seconds
[2024-12-20T00:17:36.965+0000] {manager.py:821} INFO - Searching for files in /opt/airflow/dags
[2024-12-20T00:17:37.008+0000] {manager.py:824} INFO - There are 1 files in /opt/airflow/dags
[2024-12-20T00:17:37.095+0000] {manager.py:997} INFO - 
================================================================================
DAG File Processing Stats

File Path                           PID  Runtime      # DAGs    # Errors  Last Runtime    Last Run      Last # of DB Queries
--------------------------------  -----  ---------  --------  ----------  --------------  ----------  ----------------------
/opt/airflow/dags/fintech_dag.py     56  0.02s             0           0                                                   0
================================================================================
[2024-12-20T00:18:07.297+0000] {manager.py:997} INFO - 
================================================================================
DAG File Processing Stats

File Path                         PID    Runtime      # DAGs    # Errors  Last Runtime    Last Run               Last # of DB Queries
--------------------------------  -----  ---------  --------  ----------  --------------  -------------------  ----------------------
/opt/airflow/dags/fintech_dag.py                           1           0  2.10s           2024-12-20T00:17:39                      12
================================================================================
[2024-12-20T00:18:37.558+0000] {manager.py:997} INFO - 
================================================================================
DAG File Processing Stats

File Path                         PID    Runtime      # DAGs    # Errors  Last Runtime    Last Run               Last # of DB Queries
--------------------------------  -----  ---------  --------  ----------  --------------  -------------------  ----------------------
/opt/airflow/dags/fintech_dag.py                           1           0  1.83s           2024-12-20T00:18:25                      12
================================================================================
[2024-12-20T00:19:08.257+0000] {manager.py:997} INFO - 
================================================================================
DAG File Processing Stats

File Path                         PID    Runtime      # DAGs    # Errors  Last Runtime    Last Run               Last # of DB Queries
--------------------------------  -----  ---------  --------  ----------  --------------  -------------------  ----------------------
/opt/airflow/dags/fintech_dag.py                           1           0  2.29s           2024-12-20T00:18:58                      12
================================================================================
[2024-12-20T00:19:38.730+0000] {manager.py:997} INFO - 
================================================================================
DAG File Processing Stats

File Path                         PID    Runtime      # DAGs    # Errors  Last Runtime    Last Run               Last # of DB Queries
--------------------------------  -----  ---------  --------  ----------  --------------  -------------------  ----------------------
/opt/airflow/dags/fintech_dag.py                           1           0  1.44s           2024-12-20T00:19:30                      12
================================================================================
[2024-12-20T00:19:55.646+0000] {manager.py:465} INFO - Exiting gracefully upon receiving signal 15
[2024-12-20T00:21:05.476+0000] {manager.py:483} INFO - Processing files using up to 2 processes at a time 
[2024-12-20T00:21:05.477+0000] {manager.py:484} INFO - Process each file at most once every 30 seconds
[2024-12-20T00:21:05.478+0000] {manager.py:485} INFO - Checking for new files in /opt/airflow/dags every 300 seconds
[2024-12-20T00:21:05.479+0000] {manager.py:821} INFO - Searching for files in /opt/airflow/dags
[2024-12-20T00:21:05.711+0000] {manager.py:824} INFO - There are 1 files in /opt/airflow/dags
[2024-12-20T00:21:05.847+0000] {manager.py:997} INFO - 
================================================================================
DAG File Processing Stats

File Path                           PID  Runtime      # DAGs    # Errors  Last Runtime    Last Run      Last # of DB Queries
--------------------------------  -----  ---------  --------  ----------  --------------  ----------  ----------------------
/opt/airflow/dags/fintech_dag.py     74  0.03s             0           0                                                   0
================================================================================
[2024-12-20T00:21:36.052+0000] {manager.py:997} INFO - 
================================================================================
DAG File Processing Stats

File Path                         PID    Runtime      # DAGs    # Errors  Last Runtime    Last Run               Last # of DB Queries
--------------------------------  -----  ---------  --------  ----------  --------------  -------------------  ----------------------
/opt/airflow/dags/fintech_dag.py                           1           0  3.28s           2024-12-20T00:21:09                      12
================================================================================
[2024-12-20T00:22:06.482+0000] {manager.py:997} INFO - 
================================================================================
DAG File Processing Stats

File Path                         PID    Runtime      # DAGs    # Errors  Last Runtime    Last Run               Last # of DB Queries
--------------------------------  -----  ---------  --------  ----------  --------------  -------------------  ----------------------
/opt/airflow/dags/fintech_dag.py                           1           0  1.34s           2024-12-20T00:21:40                      12
================================================================================
[2024-12-20T00:22:36.703+0000] {manager.py:997} INFO - 
================================================================================
DAG File Processing Stats

File Path                         PID    Runtime      # DAGs    # Errors  Last Runtime    Last Run               Last # of DB Queries
--------------------------------  -----  ---------  --------  ----------  --------------  -------------------  ----------------------
/opt/airflow/dags/fintech_dag.py                           1           0  1.71s           2024-12-20T00:22:12                      12
================================================================================
[2024-12-20T00:23:00.837+0000] {manager.py:465} INFO - Exiting gracefully upon receiving signal 15
[2024-12-20T00:25:17.178+0000] {manager.py:483} INFO - Processing files using up to 2 processes at a time 
[2024-12-20T00:25:17.179+0000] {manager.py:484} INFO - Process each file at most once every 30 seconds
[2024-12-20T00:25:17.180+0000] {manager.py:485} INFO - Checking for new files in /opt/airflow/dags every 300 seconds
[2024-12-20T00:25:17.180+0000] {manager.py:821} INFO - Searching for files in /opt/airflow/dags
[2024-12-20T00:25:17.288+0000] {manager.py:824} INFO - There are 1 files in /opt/airflow/dags
[2024-12-20T00:25:17.433+0000] {manager.py:997} INFO - 
================================================================================
DAG File Processing Stats

File Path                           PID  Runtime      # DAGs    # Errors  Last Runtime    Last Run      Last # of DB Queries
--------------------------------  -----  ---------  --------  ----------  --------------  ----------  ----------------------
/opt/airflow/dags/fintech_dag.py     68  0.04s             0           0                                                   0
================================================================================
[2024-12-20T00:25:47.648+0000] {manager.py:997} INFO - 
================================================================================
DAG File Processing Stats

File Path                         PID    Runtime      # DAGs    # Errors  Last Runtime    Last Run               Last # of DB Queries
--------------------------------  -----  ---------  --------  ----------  --------------  -------------------  ----------------------
/opt/airflow/dags/fintech_dag.py                           1           0  3.78s           2024-12-20T00:25:21                      12
================================================================================
[2024-12-20T00:26:17.873+0000] {manager.py:997} INFO - 
================================================================================
DAG File Processing Stats

File Path                         PID    Runtime      # DAGs    # Errors  Last Runtime    Last Run               Last # of DB Queries
--------------------------------  -----  ---------  --------  ----------  --------------  -------------------  ----------------------
/opt/airflow/dags/fintech_dag.py                           1           0  2.31s           2024-12-20T00:25:53                      12
================================================================================
[2024-12-20T00:26:48.107+0000] {manager.py:997} INFO - 
================================================================================
DAG File Processing Stats

File Path                         PID    Runtime      # DAGs    # Errors  Last Runtime    Last Run               Last # of DB Queries
--------------------------------  -----  ---------  --------  ----------  --------------  -------------------  ----------------------
/opt/airflow/dags/fintech_dag.py                           1           0  2.11s           2024-12-20T00:26:26                      12
================================================================================
[2024-12-20T00:27:18.406+0000] {manager.py:997} INFO - 
================================================================================
DAG File Processing Stats

File Path                         PID    Runtime      # DAGs    # Errors  Last Runtime    Last Run               Last # of DB Queries
--------------------------------  -----  ---------  --------  ----------  --------------  -------------------  ----------------------
/opt/airflow/dags/fintech_dag.py                           1           0  2.16s           2024-12-20T00:26:58                      12
================================================================================
[2024-12-20T00:27:31.042+0000] {manager.py:465} INFO - Exiting gracefully upon receiving signal 15
[2024-12-20T00:27:31.143+0000] {manager.py:465} INFO - Exiting gracefully upon receiving signal 15
[2024-12-20T00:27:31.856+0000] {manager.py:465} INFO - Exiting gracefully upon receiving signal 15
[2024-12-20T00:28:41.391+0000] {manager.py:483} INFO - Processing files using up to 2 processes at a time 
[2024-12-20T00:28:41.392+0000] {manager.py:484} INFO - Process each file at most once every 30 seconds
[2024-12-20T00:28:41.393+0000] {manager.py:485} INFO - Checking for new files in /opt/airflow/dags every 300 seconds
[2024-12-20T00:28:41.393+0000] {manager.py:821} INFO - Searching for files in /opt/airflow/dags
[2024-12-20T00:28:41.459+0000] {manager.py:824} INFO - There are 1 files in /opt/airflow/dags
[2024-12-20T00:28:41.575+0000] {manager.py:997} INFO - 
================================================================================
DAG File Processing Stats

File Path                           PID  Runtime      # DAGs    # Errors  Last Runtime    Last Run      Last # of DB Queries
--------------------------------  -----  ---------  --------  ----------  --------------  ----------  ----------------------
/opt/airflow/dags/fintech_dag.py     74  0.03s             0           0                                                   0
================================================================================
[2024-12-20T00:29:11.813+0000] {manager.py:997} INFO - 
================================================================================
DAG File Processing Stats

File Path                         PID    Runtime      # DAGs    # Errors  Last Runtime    Last Run               Last # of DB Queries
--------------------------------  -----  ---------  --------  ----------  --------------  -------------------  ----------------------
/opt/airflow/dags/fintech_dag.py                           1           0  3.14s           2024-12-20T00:28:44                      33
================================================================================
[2024-12-20T00:29:41.967+0000] {manager.py:997} INFO - 
================================================================================
DAG File Processing Stats

File Path                         PID    Runtime      # DAGs    # Errors  Last Runtime    Last Run               Last # of DB Queries
--------------------------------  -----  ---------  --------  ----------  --------------  -------------------  ----------------------
/opt/airflow/dags/fintech_dag.py                           1           0  1.91s           2024-12-20T00:29:16                      12
================================================================================
[2024-12-20T00:30:12.271+0000] {manager.py:997} INFO - 
================================================================================
DAG File Processing Stats

File Path                         PID    Runtime      # DAGs    # Errors  Last Runtime    Last Run               Last # of DB Queries
--------------------------------  -----  ---------  --------  ----------  --------------  -------------------  ----------------------
/opt/airflow/dags/fintech_dag.py                           1           0  2.83s           2024-12-20T00:29:50                      12
================================================================================
[2024-12-20T00:30:42.653+0000] {manager.py:997} INFO - 
================================================================================
DAG File Processing Stats

File Path                         PID    Runtime      # DAGs    # Errors  Last Runtime    Last Run               Last # of DB Queries
--------------------------------  -----  ---------  --------  ----------  --------------  -------------------  ----------------------
/opt/airflow/dags/fintech_dag.py                           1           0  2.29s           2024-12-20T00:30:22                      12
================================================================================
[2024-12-20T00:31:12.954+0000] {manager.py:997} INFO - 
================================================================================
DAG File Processing Stats

File Path                         PID    Runtime      # DAGs    # Errors  Last Runtime    Last Run               Last # of DB Queries
--------------------------------  -----  ---------  --------  ----------  --------------  -------------------  ----------------------
/opt/airflow/dags/fintech_dag.py                           1           0  1.63s           2024-12-20T00:30:54                      12
================================================================================
[2024-12-20T00:31:43.707+0000] {manager.py:997} INFO - 
================================================================================
DAG File Processing Stats

File Path                         PID    Runtime      # DAGs    # Errors  Last Runtime    Last Run               Last # of DB Queries
--------------------------------  -----  ---------  --------  ----------  --------------  -------------------  ----------------------
/opt/airflow/dags/fintech_dag.py                           1           0  1.24s           2024-12-20T00:31:25                      12
================================================================================
[2024-12-20T00:32:14.130+0000] {manager.py:997} INFO - 
================================================================================
DAG File Processing Stats

File Path                         PID    Runtime      # DAGs    # Errors  Last Runtime    Last Run               Last # of DB Queries
--------------------------------  -----  ---------  --------  ----------  --------------  -------------------  ----------------------
/opt/airflow/dags/fintech_dag.py                           1           0  1.32s           2024-12-20T00:31:57                      12
================================================================================
[2024-12-20T00:32:44.655+0000] {manager.py:997} INFO - 
================================================================================
DAG File Processing Stats

File Path                         PID    Runtime      # DAGs    # Errors  Last Runtime    Last Run               Last # of DB Queries
--------------------------------  -----  ---------  --------  ----------  --------------  -------------------  ----------------------
/opt/airflow/dags/fintech_dag.py                           1           0  1.32s           2024-12-20T00:32:28                      12
================================================================================
[2024-12-20T00:32:49.181+0000] {manager.py:465} INFO - Exiting gracefully upon receiving signal 15
[2024-12-20T00:34:16.211+0000] {manager.py:483} INFO - Processing files using up to 2 processes at a time 
[2024-12-20T00:34:16.212+0000] {manager.py:484} INFO - Process each file at most once every 30 seconds
[2024-12-20T00:34:16.213+0000] {manager.py:485} INFO - Checking for new files in /opt/airflow/dags every 300 seconds
[2024-12-20T00:34:16.214+0000] {manager.py:821} INFO - Searching for files in /opt/airflow/dags
[2024-12-20T00:34:16.311+0000] {manager.py:824} INFO - There are 1 files in /opt/airflow/dags
[2024-12-20T00:34:16.424+0000] {manager.py:997} INFO - 
================================================================================
DAG File Processing Stats

File Path                           PID  Runtime      # DAGs    # Errors  Last Runtime    Last Run      Last # of DB Queries
--------------------------------  -----  ---------  --------  ----------  --------------  ----------  ----------------------
/opt/airflow/dags/fintech_dag.py     74  0.02s             0           0                                                   0
================================================================================
[2024-12-20T00:34:46.616+0000] {manager.py:997} INFO - 
================================================================================
DAG File Processing Stats

File Path                         PID    Runtime      # DAGs    # Errors  Last Runtime    Last Run               Last # of DB Queries
--------------------------------  -----  ---------  --------  ----------  --------------  -------------------  ----------------------
/opt/airflow/dags/fintech_dag.py                           1           0  2.97s           2024-12-20T00:34:19                      12
================================================================================
[2024-12-20T00:35:16.842+0000] {manager.py:997} INFO - 
================================================================================
DAG File Processing Stats

File Path                         PID    Runtime      # DAGs    # Errors  Last Runtime    Last Run               Last # of DB Queries
--------------------------------  -----  ---------  --------  ----------  --------------  -------------------  ----------------------
/opt/airflow/dags/fintech_dag.py                           1           0  1.23s           2024-12-20T00:34:50                      12
================================================================================
[2024-12-20T00:35:47.613+0000] {manager.py:997} INFO - 
================================================================================
DAG File Processing Stats

File Path                         PID    Runtime      # DAGs    # Errors  Last Runtime    Last Run               Last # of DB Queries
--------------------------------  -----  ---------  --------  ----------  --------------  -------------------  ----------------------
/opt/airflow/dags/fintech_dag.py                           1           0  1.55s           2024-12-20T00:35:26                      12
================================================================================
[2024-12-20T00:36:18.031+0000] {manager.py:997} INFO - 
================================================================================
DAG File Processing Stats

File Path                         PID    Runtime      # DAGs    # Errors  Last Runtime    Last Run               Last # of DB Queries
--------------------------------  -----  ---------  --------  ----------  --------------  -------------------  ----------------------
/opt/airflow/dags/fintech_dag.py                           1           0  1.34s           2024-12-20T00:35:58                      12
================================================================================
[2024-12-20T00:36:48.359+0000] {manager.py:997} INFO - 
================================================================================
DAG File Processing Stats

File Path                         PID    Runtime      # DAGs    # Errors  Last Runtime    Last Run               Last # of DB Queries
--------------------------------  -----  ---------  --------  ----------  --------------  -------------------  ----------------------
/opt/airflow/dags/fintech_dag.py                           1           0  1.66s           2024-12-20T00:36:29                      12
================================================================================
[2024-12-20T00:37:18.468+0000] {manager.py:997} INFO - 
================================================================================
DAG File Processing Stats

File Path                         PID    Runtime      # DAGs    # Errors  Last Runtime    Last Run               Last # of DB Queries
--------------------------------  -----  ---------  --------  ----------  --------------  -------------------  ----------------------
/opt/airflow/dags/fintech_dag.py                           1           0  1.36s           2024-12-20T00:37:01                      12
================================================================================
[2024-12-20T00:37:48.677+0000] {manager.py:997} INFO - 
================================================================================
DAG File Processing Stats

File Path                         PID    Runtime      # DAGs    # Errors  Last Runtime    Last Run               Last # of DB Queries
--------------------------------  -----  ---------  --------  ----------  --------------  -------------------  ----------------------
/opt/airflow/dags/fintech_dag.py                           1           0  1.43s           2024-12-20T00:37:32                      12
================================================================================
[2024-12-20T00:38:19.306+0000] {manager.py:997} INFO - 
================================================================================
DAG File Processing Stats

File Path                         PID    Runtime      # DAGs    # Errors  Last Runtime    Last Run               Last # of DB Queries
--------------------------------  -----  ---------  --------  ----------  --------------  -------------------  ----------------------
/opt/airflow/dags/fintech_dag.py                           1           0  1.34s           2024-12-20T00:38:04                      12
================================================================================
[2024-12-20T00:38:49.838+0000] {manager.py:997} INFO - 
================================================================================
DAG File Processing Stats

File Path                         PID    Runtime      # DAGs    # Errors  Last Runtime    Last Run               Last # of DB Queries
--------------------------------  -----  ---------  --------  ----------  --------------  -------------------  ----------------------
/opt/airflow/dags/fintech_dag.py                           1           0  1.23s           2024-12-20T00:38:35                      12
================================================================================
[2024-12-20T00:39:16.232+0000] {manager.py:821} INFO - Searching for files in /opt/airflow/dags
[2024-12-20T00:39:16.277+0000] {manager.py:824} INFO - There are 1 files in /opt/airflow/dags
[2024-12-20T00:39:20.316+0000] {manager.py:997} INFO - 
================================================================================
DAG File Processing Stats

File Path                         PID    Runtime      # DAGs    # Errors  Last Runtime    Last Run               Last # of DB Queries
--------------------------------  -----  ---------  --------  ----------  --------------  -------------------  ----------------------
/opt/airflow/dags/fintech_dag.py                           1           0  1.28s           2024-12-20T00:39:07                      12
================================================================================
[2024-12-20T00:39:50.733+0000] {manager.py:997} INFO - 
================================================================================
DAG File Processing Stats

File Path                         PID    Runtime      # DAGs    # Errors  Last Runtime    Last Run               Last # of DB Queries
--------------------------------  -----  ---------  --------  ----------  --------------  -------------------  ----------------------
/opt/airflow/dags/fintech_dag.py                           1           0  1.32s           2024-12-20T00:39:38                      12
================================================================================
[2024-12-20T00:40:21.244+0000] {manager.py:997} INFO - 
================================================================================
DAG File Processing Stats

File Path                         PID    Runtime      # DAGs    # Errors  Last Runtime    Last Run               Last # of DB Queries
--------------------------------  -----  ---------  --------  ----------  --------------  -------------------  ----------------------
/opt/airflow/dags/fintech_dag.py                           1           0  1.22s           2024-12-20T00:40:10                      12
================================================================================
[2024-12-20T00:40:51.659+0000] {manager.py:997} INFO - 
================================================================================
DAG File Processing Stats

File Path                         PID    Runtime      # DAGs    # Errors  Last Runtime    Last Run               Last # of DB Queries
--------------------------------  -----  ---------  --------  ----------  --------------  -------------------  ----------------------
/opt/airflow/dags/fintech_dag.py                           1           0  1.21s           2024-12-20T00:40:41                      12
================================================================================
[2024-12-20T00:41:22.062+0000] {manager.py:997} INFO - 
================================================================================
DAG File Processing Stats

File Path                         PID    Runtime      # DAGs    # Errors  Last Runtime    Last Run               Last # of DB Queries
--------------------------------  -----  ---------  --------  ----------  --------------  -------------------  ----------------------
/opt/airflow/dags/fintech_dag.py                           1           0  1.26s           2024-12-20T00:41:13                      12
================================================================================
[2024-12-20T00:41:52.534+0000] {manager.py:997} INFO - 
================================================================================
DAG File Processing Stats

File Path                         PID    Runtime      # DAGs    # Errors  Last Runtime    Last Run               Last # of DB Queries
--------------------------------  -----  ---------  --------  ----------  --------------  -------------------  ----------------------
/opt/airflow/dags/fintech_dag.py                           1           0  1.50s           2024-12-20T00:41:44                      12
================================================================================
[2024-12-20T00:42:22.824+0000] {manager.py:997} INFO - 
================================================================================
DAG File Processing Stats

File Path                         PID    Runtime      # DAGs    # Errors  Last Runtime    Last Run               Last # of DB Queries
--------------------------------  -----  ---------  --------  ----------  --------------  -------------------  ----------------------
/opt/airflow/dags/fintech_dag.py                           1           0  1.67s           2024-12-20T00:42:16                      12
================================================================================
[2024-12-20T00:42:53.070+0000] {manager.py:997} INFO - 
================================================================================
DAG File Processing Stats

File Path                         PID    Runtime      # DAGs    # Errors  Last Runtime    Last Run               Last # of DB Queries
--------------------------------  -----  ---------  --------  ----------  --------------  -------------------  ----------------------
/opt/airflow/dags/fintech_dag.py                           1           0  1.33s           2024-12-20T00:42:48                      12
================================================================================
[2024-12-20T00:43:23.566+0000] {manager.py:997} INFO - 
================================================================================
DAG File Processing Stats

File Path                         PID    Runtime      # DAGs    # Errors  Last Runtime    Last Run               Last # of DB Queries
--------------------------------  -----  ---------  --------  ----------  --------------  -------------------  ----------------------
/opt/airflow/dags/fintech_dag.py                           1           0  1.51s           2024-12-20T00:43:20                      12
================================================================================
[2024-12-20T00:43:53.765+0000] {manager.py:997} INFO - 
================================================================================
DAG File Processing Stats

File Path                         PID    Runtime      # DAGs    # Errors  Last Runtime    Last Run               Last # of DB Queries
--------------------------------  -----  ---------  --------  ----------  --------------  -------------------  ----------------------
/opt/airflow/dags/fintech_dag.py                           1           0  1.59s           2024-12-20T00:43:51                      12
================================================================================
[2024-12-20T00:44:16.919+0000] {manager.py:821} INFO - Searching for files in /opt/airflow/dags
[2024-12-20T00:44:17.107+0000] {manager.py:824} INFO - There are 1 files in /opt/airflow/dags
[2024-12-20T00:44:24.195+0000] {manager.py:997} INFO - 
================================================================================
DAG File Processing Stats

File Path                         PID    Runtime      # DAGs    # Errors  Last Runtime    Last Run               Last # of DB Queries
--------------------------------  -----  ---------  --------  ----------  --------------  -------------------  ----------------------
/opt/airflow/dags/fintech_dag.py                           1           0  1.39s           2024-12-20T00:44:23                      12
================================================================================
[2024-12-20T00:44:54.418+0000] {manager.py:997} INFO - 
================================================================================
DAG File Processing Stats

File Path                           PID  Runtime      # DAGs    # Errors  Last Runtime    Last Run               Last # of DB Queries
--------------------------------  -----  ---------  --------  ----------  --------------  -------------------  ----------------------
/opt/airflow/dags/fintech_dag.py    473  0.00s             1           0  1.39s           2024-12-20T00:44:23                      12
================================================================================
[2024-12-20T00:45:09.250+0000] {manager.py:465} INFO - Exiting gracefully upon receiving signal 15
[2024-12-20T00:46:54.360+0000] {manager.py:483} INFO - Processing files using up to 2 processes at a time 
[2024-12-20T00:46:54.361+0000] {manager.py:484} INFO - Process each file at most once every 30 seconds
[2024-12-20T00:46:54.361+0000] {manager.py:485} INFO - Checking for new files in /opt/airflow/dags every 300 seconds
[2024-12-20T00:46:54.362+0000] {manager.py:821} INFO - Searching for files in /opt/airflow/dags
[2024-12-20T00:46:54.439+0000] {manager.py:824} INFO - There are 1 files in /opt/airflow/dags
[2024-12-20T00:46:54.543+0000] {manager.py:997} INFO - 
================================================================================
DAG File Processing Stats

File Path                           PID  Runtime      # DAGs    # Errors  Last Runtime    Last Run      Last # of DB Queries
--------------------------------  -----  ---------  --------  ----------  --------------  ----------  ----------------------
/opt/airflow/dags/fintech_dag.py     74  0.02s             0           0                                                   0
================================================================================
[2024-12-20T00:47:24.816+0000] {manager.py:997} INFO - 
================================================================================
DAG File Processing Stats

File Path                         PID    Runtime      # DAGs    # Errors  Last Runtime    Last Run               Last # of DB Queries
--------------------------------  -----  ---------  --------  ----------  --------------  -------------------  ----------------------
/opt/airflow/dags/fintech_dag.py                           1           0  2.61s           2024-12-20T00:46:57                      12
================================================================================
[2024-12-20T00:47:55.521+0000] {manager.py:997} INFO - 
================================================================================
DAG File Processing Stats

File Path                         PID    Runtime      # DAGs    # Errors  Last Runtime    Last Run               Last # of DB Queries
--------------------------------  -----  ---------  --------  ----------  --------------  -------------------  ----------------------
/opt/airflow/dags/fintech_dag.py                           1           0  1.16s           2024-12-20T00:47:28                      12
================================================================================
[2024-12-20T00:48:25.872+0000] {manager.py:997} INFO - 
================================================================================
DAG File Processing Stats

File Path                         PID    Runtime      # DAGs    # Errors  Last Runtime    Last Run               Last # of DB Queries
--------------------------------  -----  ---------  --------  ----------  --------------  -------------------  ----------------------
/opt/airflow/dags/fintech_dag.py                           1           0  1.14s           2024-12-20T00:47:59                      12
================================================================================
[2024-12-20T00:48:56.092+0000] {manager.py:997} INFO - 
================================================================================
DAG File Processing Stats

File Path                         PID    Runtime      # DAGs    # Errors  Last Runtime    Last Run               Last # of DB Queries
--------------------------------  -----  ---------  --------  ----------  --------------  -------------------  ----------------------
/opt/airflow/dags/fintech_dag.py                           1           0  1.23s           2024-12-20T00:48:31                      12
================================================================================
[2024-12-20T00:49:26.560+0000] {manager.py:997} INFO - 
================================================================================
DAG File Processing Stats

File Path                         PID    Runtime      # DAGs    # Errors  Last Runtime    Last Run               Last # of DB Queries
--------------------------------  -----  ---------  --------  ----------  --------------  -------------------  ----------------------
/opt/airflow/dags/fintech_dag.py                           1           0  1.36s           2024-12-20T00:49:02                      12
================================================================================
[2024-12-20T00:49:56.624+0000] {manager.py:997} INFO - 
================================================================================
DAG File Processing Stats

File Path                         PID    Runtime      # DAGs    # Errors  Last Runtime    Last Run               Last # of DB Queries
--------------------------------  -----  ---------  --------  ----------  --------------  -------------------  ----------------------
/opt/airflow/dags/fintech_dag.py                           1           0  1.52s           2024-12-20T00:49:34                      12
================================================================================
[2024-12-20T00:50:26.833+0000] {manager.py:997} INFO - 
================================================================================
DAG File Processing Stats

File Path                         PID    Runtime      # DAGs    # Errors  Last Runtime    Last Run               Last # of DB Queries
--------------------------------  -----  ---------  --------  ----------  --------------  -------------------  ----------------------
/opt/airflow/dags/fintech_dag.py                           1           0  1.31s           2024-12-20T00:50:05                      12
================================================================================
[2024-12-20T00:50:57.347+0000] {manager.py:997} INFO - 
================================================================================
DAG File Processing Stats

File Path                         PID    Runtime      # DAGs    # Errors  Last Runtime    Last Run               Last # of DB Queries
--------------------------------  -----  ---------  --------  ----------  --------------  -------------------  ----------------------
/opt/airflow/dags/fintech_dag.py                           1           0  1.23s           2024-12-20T00:50:37                      12
================================================================================
[2024-12-20T00:51:27.750+0000] {manager.py:997} INFO - 
================================================================================
DAG File Processing Stats

File Path                         PID    Runtime      # DAGs    # Errors  Last Runtime    Last Run               Last # of DB Queries
--------------------------------  -----  ---------  --------  ----------  --------------  -------------------  ----------------------
/opt/airflow/dags/fintech_dag.py                           1           0  1.36s           2024-12-20T00:51:08                      12
================================================================================
[2024-12-20T00:51:54.659+0000] {manager.py:821} INFO - Searching for files in /opt/airflow/dags
[2024-12-20T00:51:54.698+0000] {manager.py:824} INFO - There are 1 files in /opt/airflow/dags
[2024-12-20T00:51:58.312+0000] {manager.py:997} INFO - 
================================================================================
DAG File Processing Stats

File Path                         PID    Runtime      # DAGs    # Errors  Last Runtime    Last Run               Last # of DB Queries
--------------------------------  -----  ---------  --------  ----------  --------------  -------------------  ----------------------
/opt/airflow/dags/fintech_dag.py                           1           0  1.38s           2024-12-20T00:51:40                      12
================================================================================
[2024-12-20T00:52:28.367+0000] {manager.py:997} INFO - 
================================================================================
DAG File Processing Stats

File Path                         PID    Runtime      # DAGs    # Errors  Last Runtime    Last Run               Last # of DB Queries
--------------------------------  -----  ---------  --------  ----------  --------------  -------------------  ----------------------
/opt/airflow/dags/fintech_dag.py                           1           0  1.44s           2024-12-20T00:52:12                      12
================================================================================
[2024-12-20T00:52:58.576+0000] {manager.py:997} INFO - 
================================================================================
DAG File Processing Stats

File Path                         PID    Runtime      # DAGs    # Errors  Last Runtime    Last Run               Last # of DB Queries
--------------------------------  -----  ---------  --------  ----------  --------------  -------------------  ----------------------
/opt/airflow/dags/fintech_dag.py                           1           0  1.50s           2024-12-20T00:52:43                      12
================================================================================
[2024-12-20T00:53:28.774+0000] {manager.py:997} INFO - 
================================================================================
DAG File Processing Stats

File Path                         PID    Runtime      # DAGs    # Errors  Last Runtime    Last Run               Last # of DB Queries
--------------------------------  -----  ---------  --------  ----------  --------------  -------------------  ----------------------
/opt/airflow/dags/fintech_dag.py                           1           0  1.53s           2024-12-20T00:53:15                      12
================================================================================
[2024-12-20T00:53:59.001+0000] {manager.py:997} INFO - 
================================================================================
DAG File Processing Stats

File Path                         PID    Runtime      # DAGs    # Errors  Last Runtime    Last Run               Last # of DB Queries
--------------------------------  -----  ---------  --------  ----------  --------------  -------------------  ----------------------
/opt/airflow/dags/fintech_dag.py                           1           0  1.31s           2024-12-20T00:53:47                      12
================================================================================
[2024-12-20T00:54:29.495+0000] {manager.py:997} INFO - 
================================================================================
DAG File Processing Stats

File Path                         PID    Runtime      # DAGs    # Errors  Last Runtime    Last Run               Last # of DB Queries
--------------------------------  -----  ---------  --------  ----------  --------------  -------------------  ----------------------
/opt/airflow/dags/fintech_dag.py                           1           0  1.22s           2024-12-20T00:54:18                      12
================================================================================
[2024-12-20T00:54:59.915+0000] {manager.py:997} INFO - 
================================================================================
DAG File Processing Stats

File Path                         PID    Runtime      # DAGs    # Errors  Last Runtime    Last Run               Last # of DB Queries
--------------------------------  -----  ---------  --------  ----------  --------------  -------------------  ----------------------
/opt/airflow/dags/fintech_dag.py                           1           0  1.27s           2024-12-20T00:54:50                      12
================================================================================
[2024-12-20T00:55:30.373+0000] {manager.py:997} INFO - 
================================================================================
DAG File Processing Stats

File Path                         PID    Runtime      # DAGs    # Errors  Last Runtime    Last Run               Last # of DB Queries
--------------------------------  -----  ---------  --------  ----------  --------------  -------------------  ----------------------
/opt/airflow/dags/fintech_dag.py                           1           0  1.29s           2024-12-20T00:55:21                      12
================================================================================
[2024-12-20T00:56:00.857+0000] {manager.py:997} INFO - 
================================================================================
DAG File Processing Stats

File Path                         PID    Runtime      # DAGs    # Errors  Last Runtime    Last Run               Last # of DB Queries
--------------------------------  -----  ---------  --------  ----------  --------------  -------------------  ----------------------
/opt/airflow/dags/fintech_dag.py                           1           0  1.29s           2024-12-20T00:55:53                      12
================================================================================
[2024-12-20T00:56:31.340+0000] {manager.py:997} INFO - 
================================================================================
DAG File Processing Stats

File Path                         PID    Runtime      # DAGs    # Errors  Last Runtime    Last Run               Last # of DB Queries
--------------------------------  -----  ---------  --------  ----------  --------------  -------------------  ----------------------
/opt/airflow/dags/fintech_dag.py                           1           0  1.37s           2024-12-20T00:56:24                      12
================================================================================
[2024-12-20T00:56:54.852+0000] {manager.py:821} INFO - Searching for files in /opt/airflow/dags
[2024-12-20T00:56:54.907+0000] {manager.py:824} INFO - There are 1 files in /opt/airflow/dags
[2024-12-20T00:57:01.976+0000] {manager.py:997} INFO - 
================================================================================
DAG File Processing Stats

File Path                         PID    Runtime      # DAGs    # Errors  Last Runtime    Last Run               Last # of DB Queries
--------------------------------  -----  ---------  --------  ----------  --------------  -------------------  ----------------------
/opt/airflow/dags/fintech_dag.py                           1           0  1.28s           2024-12-20T00:56:56                      12
================================================================================
[2024-12-20T00:57:32.444+0000] {manager.py:997} INFO - 
================================================================================
DAG File Processing Stats

File Path                         PID    Runtime      # DAGs    # Errors  Last Runtime    Last Run               Last # of DB Queries
--------------------------------  -----  ---------  --------  ----------  --------------  -------------------  ----------------------
/opt/airflow/dags/fintech_dag.py                           1           0  1.27s           2024-12-20T00:57:27                      12
================================================================================
[2024-12-20T00:58:02.911+0000] {manager.py:997} INFO - 
================================================================================
DAG File Processing Stats

File Path                         PID    Runtime      # DAGs    # Errors  Last Runtime    Last Run               Last # of DB Queries
--------------------------------  -----  ---------  --------  ----------  --------------  -------------------  ----------------------
/opt/airflow/dags/fintech_dag.py                           1           0  1.22s           2024-12-20T00:57:59                      12
================================================================================
[2024-12-20T00:58:33.310+0000] {manager.py:997} INFO - 
================================================================================
DAG File Processing Stats

File Path                         PID    Runtime      # DAGs    # Errors  Last Runtime    Last Run               Last # of DB Queries
--------------------------------  -----  ---------  --------  ----------  --------------  -------------------  ----------------------
/opt/airflow/dags/fintech_dag.py                           1           0  1.36s           2024-12-20T00:58:30                      12
================================================================================
[2024-12-20T00:59:03.868+0000] {manager.py:997} INFO - 
================================================================================
DAG File Processing Stats

File Path                         PID    Runtime      # DAGs    # Errors  Last Runtime    Last Run               Last # of DB Queries
--------------------------------  -----  ---------  --------  ----------  --------------  -------------------  ----------------------
/opt/airflow/dags/fintech_dag.py                           1           0  1.24s           2024-12-20T00:59:02                      12
================================================================================
[2024-12-20T00:59:34.309+0000] {manager.py:997} INFO - 
================================================================================
DAG File Processing Stats

File Path                         PID    Runtime      # DAGs    # Errors  Last Runtime    Last Run               Last # of DB Queries
--------------------------------  -----  ---------  --------  ----------  --------------  -------------------  ----------------------
/opt/airflow/dags/fintech_dag.py                           1           0  1.50s           2024-12-20T00:59:33                      12
================================================================================
[2024-12-20T00:59:43.685+0000] {manager.py:465} INFO - Exiting gracefully upon receiving signal 15
[2024-12-20T01:01:25.280+0000] {manager.py:483} INFO - Processing files using up to 2 processes at a time 
[2024-12-20T01:01:25.281+0000] {manager.py:484} INFO - Process each file at most once every 30 seconds
[2024-12-20T01:01:25.282+0000] {manager.py:485} INFO - Checking for new files in /opt/airflow/dags every 300 seconds
[2024-12-20T01:01:25.283+0000] {manager.py:821} INFO - Searching for files in /opt/airflow/dags
[2024-12-20T01:01:25.358+0000] {manager.py:824} INFO - There are 1 files in /opt/airflow/dags
[2024-12-20T01:01:25.480+0000] {manager.py:997} INFO - 
================================================================================
DAG File Processing Stats

File Path                           PID  Runtime      # DAGs    # Errors  Last Runtime    Last Run      Last # of DB Queries
--------------------------------  -----  ---------  --------  ----------  --------------  ----------  ----------------------
/opt/airflow/dags/fintech_dag.py     68  0.03s             0           0                                                   0
================================================================================
[2024-12-20T01:01:55.808+0000] {manager.py:997} INFO - 
================================================================================
DAG File Processing Stats

File Path                         PID    Runtime      # DAGs    # Errors  Last Runtime    Last Run               Last # of DB Queries
--------------------------------  -----  ---------  --------  ----------  --------------  -------------------  ----------------------
/opt/airflow/dags/fintech_dag.py                           1           0  1.33s           2024-12-20T01:01:54                      12
================================================================================
[2024-12-20T01:02:26.252+0000] {manager.py:997} INFO - 
================================================================================
DAG File Processing Stats

File Path                         PID    Runtime      # DAGs    # Errors  Last Runtime    Last Run               Last # of DB Queries
--------------------------------  -----  ---------  --------  ----------  --------------  -------------------  ----------------------
/opt/airflow/dags/fintech_dag.py                           1           0  1.28s           2024-12-20T01:02:04                      12
================================================================================
[2024-12-20T01:02:56.510+0000] {manager.py:997} INFO - 
================================================================================
DAG File Processing Stats

File Path                         PID    Runtime      # DAGs    # Errors  Last Runtime    Last Run               Last # of DB Queries
--------------------------------  -----  ---------  --------  ----------  --------------  -------------------  ----------------------
/opt/airflow/dags/fintech_dag.py                           1           0  1.38s           2024-12-20T01:02:35                      12
================================================================================
[2024-12-20T01:03:27.069+0000] {manager.py:997} INFO - 
================================================================================
DAG File Processing Stats

File Path                         PID    Runtime      # DAGs    # Errors  Last Runtime    Last Run               Last # of DB Queries
--------------------------------  -----  ---------  --------  ----------  --------------  -------------------  ----------------------
/opt/airflow/dags/fintech_dag.py                           1           0  1.38s           2024-12-20T01:03:07                      12
================================================================================
[2024-12-20T01:03:57.094+0000] {manager.py:997} INFO - 
================================================================================
DAG File Processing Stats

File Path                         PID    Runtime      # DAGs    # Errors  Last Runtime    Last Run               Last # of DB Queries
--------------------------------  -----  ---------  --------  ----------  --------------  -------------------  ----------------------
/opt/airflow/dags/fintech_dag.py                           1           0  1.45s           2024-12-20T01:03:38                      12
================================================================================
[2024-12-20T01:04:27.868+0000] {manager.py:997} INFO - 
================================================================================
DAG File Processing Stats

File Path                         PID    Runtime      # DAGs    # Errors  Last Runtime    Last Run               Last # of DB Queries
--------------------------------  -----  ---------  --------  ----------  --------------  -------------------  ----------------------
/opt/airflow/dags/fintech_dag.py                           1           0  1.65s           2024-12-20T01:04:10                      12
================================================================================
[2024-12-20T01:04:58.135+0000] {manager.py:997} INFO - 
================================================================================
DAG File Processing Stats

File Path                         PID    Runtime      # DAGs    # Errors  Last Runtime    Last Run               Last # of DB Queries
--------------------------------  -----  ---------  --------  ----------  --------------  -------------------  ----------------------
/opt/airflow/dags/fintech_dag.py                           1           0  1.49s           2024-12-20T01:04:42                      12
================================================================================
[2024-12-20T01:05:28.150+0000] {manager.py:997} INFO - 
================================================================================
DAG File Processing Stats

File Path                         PID    Runtime      # DAGs    # Errors  Last Runtime    Last Run               Last # of DB Queries
--------------------------------  -----  ---------  --------  ----------  --------------  -------------------  ----------------------
/opt/airflow/dags/fintech_dag.py                           1           0  1.37s           2024-12-20T01:05:14                      12
================================================================================
[2024-12-20T01:05:58.359+0000] {manager.py:997} INFO - 
================================================================================
DAG File Processing Stats

File Path                         PID    Runtime      # DAGs    # Errors  Last Runtime    Last Run               Last # of DB Queries
--------------------------------  -----  ---------  --------  ----------  --------------  -------------------  ----------------------
/opt/airflow/dags/fintech_dag.py                           1           0  1.41s           2024-12-20T01:05:45                      12
================================================================================
[2024-12-20T01:06:25.346+0000] {manager.py:821} INFO - Searching for files in /opt/airflow/dags
[2024-12-20T01:06:25.384+0000] {manager.py:824} INFO - There are 1 files in /opt/airflow/dags
[2024-12-20T01:06:28.416+0000] {manager.py:997} INFO - 
================================================================================
DAG File Processing Stats

File Path                         PID    Runtime      # DAGs    # Errors  Last Runtime    Last Run               Last # of DB Queries
--------------------------------  -----  ---------  --------  ----------  --------------  -------------------  ----------------------
/opt/airflow/dags/fintech_dag.py                           1           0  1.42s           2024-12-20T01:06:17                      12
================================================================================
[2024-12-20T01:06:53.041+0000] {manager.py:465} INFO - Exiting gracefully upon receiving signal 15
[2024-12-20T17:52:30.455+0000] {manager.py:483} INFO - Processing files using up to 2 processes at a time 
[2024-12-20T17:52:30.492+0000] {manager.py:484} INFO - Process each file at most once every 30 seconds
[2024-12-20T17:52:30.493+0000] {manager.py:485} INFO - Checking for new files in /opt/airflow/dags every 300 seconds
[2024-12-20T17:52:30.494+0000] {manager.py:821} INFO - Searching for files in /opt/airflow/dags
[2024-12-20T17:52:30.927+0000] {manager.py:824} INFO - There are 1 files in /opt/airflow/dags
[2024-12-20T17:52:31.214+0000] {manager.py:997} INFO - 
================================================================================
DAG File Processing Stats

File Path                           PID  Runtime      # DAGs    # Errors  Last Runtime    Last Run      Last # of DB Queries
--------------------------------  -----  ---------  --------  ----------  --------------  ----------  ----------------------
/opt/airflow/dags/fintech_dag.py     75  0.10s             0           0                                                   0
================================================================================
[2024-12-20T17:53:01.365+0000] {manager.py:997} INFO - 
================================================================================
DAG File Processing Stats

File Path                         PID    Runtime      # DAGs    # Errors  Last Runtime    Last Run               Last # of DB Queries
--------------------------------  -----  ---------  --------  ----------  --------------  -------------------  ----------------------
/opt/airflow/dags/fintech_dag.py                           1           0  2.33s           2024-12-20T17:52:43                      20
================================================================================
[2024-12-20T17:53:31.630+0000] {manager.py:997} INFO - 
================================================================================
DAG File Processing Stats

File Path                         PID    Runtime      # DAGs    # Errors  Last Runtime    Last Run               Last # of DB Queries
--------------------------------  -----  ---------  --------  ----------  --------------  -------------------  ----------------------
/opt/airflow/dags/fintech_dag.py                           1           0  1.71s           2024-12-20T17:53:15                      12
================================================================================
[2024-12-20T17:54:01.796+0000] {manager.py:997} INFO - 
================================================================================
DAG File Processing Stats

File Path                         PID    Runtime      # DAGs    # Errors  Last Runtime    Last Run               Last # of DB Queries
--------------------------------  -----  ---------  --------  ----------  --------------  -------------------  ----------------------
/opt/airflow/dags/fintech_dag.py                           1           0  2.21s           2024-12-20T17:53:40                      12
================================================================================
[2024-12-20T17:54:31.900+0000] {manager.py:997} INFO - 
================================================================================
DAG File Processing Stats

File Path                         PID    Runtime      # DAGs    # Errors  Last Runtime    Last Run               Last # of DB Queries
--------------------------------  -----  ---------  --------  ----------  --------------  -------------------  ----------------------
/opt/airflow/dags/fintech_dag.py                           1           0  2.04s           2024-12-20T17:54:12                      12
================================================================================
[2024-12-20T17:55:02.050+0000] {manager.py:997} INFO - 
================================================================================
DAG File Processing Stats

File Path                         PID    Runtime      # DAGs    # Errors  Last Runtime    Last Run               Last # of DB Queries
--------------------------------  -----  ---------  --------  ----------  --------------  -------------------  ----------------------
/opt/airflow/dags/fintech_dag.py                           1           0  1.89s           2024-12-20T17:54:44                      12
================================================================================
[2024-12-20T17:55:32.212+0000] {manager.py:997} INFO - 
================================================================================
DAG File Processing Stats

File Path                         PID    Runtime      # DAGs    # Errors  Last Runtime    Last Run               Last # of DB Queries
--------------------------------  -----  ---------  --------  ----------  --------------  -------------------  ----------------------
/opt/airflow/dags/fintech_dag.py                           1           0  1.92s           2024-12-20T17:55:17                      12
================================================================================
[2024-12-20T17:56:02.214+0000] {manager.py:997} INFO - 
================================================================================
DAG File Processing Stats

File Path                         PID    Runtime      # DAGs    # Errors  Last Runtime    Last Run               Last # of DB Queries
--------------------------------  -----  ---------  --------  ----------  --------------  -------------------  ----------------------
/opt/airflow/dags/fintech_dag.py                           1           0  1.76s           2024-12-20T17:55:49                      12
================================================================================
[2024-12-20T17:56:32.835+0000] {manager.py:997} INFO - 
================================================================================
DAG File Processing Stats

File Path                         PID    Runtime      # DAGs    # Errors  Last Runtime    Last Run               Last # of DB Queries
--------------------------------  -----  ---------  --------  ----------  --------------  -------------------  ----------------------
/opt/airflow/dags/fintech_dag.py                           1           0  1.73s           2024-12-20T17:56:21                      12
================================================================================
[2024-12-20T17:57:03.071+0000] {manager.py:997} INFO - 
================================================================================
DAG File Processing Stats

File Path                         PID    Runtime      # DAGs    # Errors  Last Runtime    Last Run               Last # of DB Queries
--------------------------------  -----  ---------  --------  ----------  --------------  -------------------  ----------------------
/opt/airflow/dags/fintech_dag.py                           1           0  1.75s           2024-12-20T17:56:53                      12
================================================================================
[2024-12-20T17:57:31.076+0000] {manager.py:821} INFO - Searching for files in /opt/airflow/dags
[2024-12-20T17:57:31.132+0000] {manager.py:824} INFO - There are 1 files in /opt/airflow/dags
[2024-12-20T17:57:33.169+0000] {manager.py:997} INFO - 
================================================================================
DAG File Processing Stats

File Path                         PID    Runtime      # DAGs    # Errors  Last Runtime    Last Run               Last # of DB Queries
--------------------------------  -----  ---------  --------  ----------  --------------  -------------------  ----------------------
/opt/airflow/dags/fintech_dag.py                           1           0  1.78s           2024-12-20T17:57:25                      12
================================================================================
[2024-12-20T17:58:03.277+0000] {manager.py:997} INFO - 
================================================================================
DAG File Processing Stats

File Path                         PID    Runtime      # DAGs    # Errors  Last Runtime    Last Run               Last # of DB Queries
--------------------------------  -----  ---------  --------  ----------  --------------  -------------------  ----------------------
/opt/airflow/dags/fintech_dag.py                           1           0  1.87s           2024-12-20T17:57:57                      12
================================================================================
[2024-12-20T17:58:33.390+0000] {manager.py:997} INFO - 
================================================================================
DAG File Processing Stats

File Path                         PID    Runtime      # DAGs    # Errors  Last Runtime    Last Run               Last # of DB Queries
--------------------------------  -----  ---------  --------  ----------  --------------  -------------------  ----------------------
/opt/airflow/dags/fintech_dag.py                           1           0  1.87s           2024-12-20T17:58:29                      12
================================================================================
[2024-12-20T17:59:04.042+0000] {manager.py:997} INFO - 
================================================================================
DAG File Processing Stats

File Path                         PID    Runtime      # DAGs    # Errors  Last Runtime    Last Run               Last # of DB Queries
--------------------------------  -----  ---------  --------  ----------  --------------  -------------------  ----------------------
/opt/airflow/dags/fintech_dag.py                           1           0  1.76s           2024-12-20T17:59:01                      12
================================================================================
[2024-12-20T17:59:34.309+0000] {manager.py:997} INFO - 
================================================================================
DAG File Processing Stats

File Path                         PID    Runtime      # DAGs    # Errors  Last Runtime    Last Run               Last # of DB Queries
--------------------------------  -----  ---------  --------  ----------  --------------  -------------------  ----------------------
/opt/airflow/dags/fintech_dag.py                           1           0  1.74s           2024-12-20T17:59:33                      12
================================================================================
[2024-12-20T18:00:04.559+0000] {manager.py:997} INFO - 
================================================================================
DAG File Processing Stats

File Path                           PID  Runtime      # DAGs    # Errors  Last Runtime    Last Run               Last # of DB Queries
--------------------------------  -----  ---------  --------  ----------  --------------  -------------------  ----------------------
/opt/airflow/dags/fintech_dag.py    360  1.01s             1           0  1.74s           2024-12-20T17:59:33                      12
================================================================================
[2024-12-20T18:00:34.826+0000] {manager.py:997} INFO - 
================================================================================
DAG File Processing Stats

File Path                         PID    Runtime      # DAGs    # Errors  Last Runtime    Last Run               Last # of DB Queries
--------------------------------  -----  ---------  --------  ----------  --------------  -------------------  ----------------------
/opt/airflow/dags/fintech_dag.py                           1           0  1.73s           2024-12-20T18:00:05                      12
================================================================================
[2024-12-20T18:01:05.056+0000] {manager.py:997} INFO - 
================================================================================
DAG File Processing Stats

File Path                         PID    Runtime      # DAGs    # Errors  Last Runtime    Last Run               Last # of DB Queries
--------------------------------  -----  ---------  --------  ----------  --------------  -------------------  ----------------------
/opt/airflow/dags/fintech_dag.py                           1           0  1.74s           2024-12-20T18:00:37                      12
================================================================================
[2024-12-20T18:01:35.287+0000] {manager.py:997} INFO - 
================================================================================
DAG File Processing Stats

File Path                         PID    Runtime      # DAGs    # Errors  Last Runtime    Last Run               Last # of DB Queries
--------------------------------  -----  ---------  --------  ----------  --------------  -------------------  ----------------------
/opt/airflow/dags/fintech_dag.py                           1           0  1.79s           2024-12-20T18:01:09                      12
================================================================================
[2024-12-20T18:02:05.520+0000] {manager.py:997} INFO - 
================================================================================
DAG File Processing Stats

File Path                         PID    Runtime      # DAGs    # Errors  Last Runtime    Last Run               Last # of DB Queries
--------------------------------  -----  ---------  --------  ----------  --------------  -------------------  ----------------------
/opt/airflow/dags/fintech_dag.py                           1           0  1.82s           2024-12-20T18:01:41                      12
================================================================================
[2024-12-20T18:02:31.723+0000] {manager.py:821} INFO - Searching for files in /opt/airflow/dags
[2024-12-20T18:02:31.785+0000] {manager.py:824} INFO - There are 1 files in /opt/airflow/dags
[2024-12-20T18:02:35.838+0000] {manager.py:997} INFO - 
================================================================================
DAG File Processing Stats

File Path                         PID    Runtime      # DAGs    # Errors  Last Runtime    Last Run               Last # of DB Queries
--------------------------------  -----  ---------  --------  ----------  --------------  -------------------  ----------------------
/opt/airflow/dags/fintech_dag.py                           1           0  1.78s           2024-12-20T18:02:13                      12
================================================================================
[2024-12-20T18:03:05.927+0000] {manager.py:997} INFO - 
================================================================================
DAG File Processing Stats

File Path                         PID    Runtime      # DAGs    # Errors  Last Runtime    Last Run               Last # of DB Queries
--------------------------------  -----  ---------  --------  ----------  --------------  -------------------  ----------------------
/opt/airflow/dags/fintech_dag.py                           1           0  1.75s           2024-12-20T18:02:45                      12
================================================================================
[2024-12-20T18:03:36.185+0000] {manager.py:997} INFO - 
================================================================================
DAG File Processing Stats

File Path                         PID    Runtime      # DAGs    # Errors  Last Runtime    Last Run               Last # of DB Queries
--------------------------------  -----  ---------  --------  ----------  --------------  -------------------  ----------------------
/opt/airflow/dags/fintech_dag.py                           1           0  2.03s           2024-12-20T18:03:18                      12
================================================================================
[2024-12-20T18:04:06.442+0000] {manager.py:997} INFO - 
================================================================================
DAG File Processing Stats

File Path                         PID    Runtime      # DAGs    # Errors  Last Runtime    Last Run               Last # of DB Queries
--------------------------------  -----  ---------  --------  ----------  --------------  -------------------  ----------------------
/opt/airflow/dags/fintech_dag.py                           1           0  1.74s           2024-12-20T18:03:50                      12
================================================================================
[2024-12-20T18:04:36.667+0000] {manager.py:997} INFO - 
================================================================================
DAG File Processing Stats

File Path                         PID    Runtime      # DAGs    # Errors  Last Runtime    Last Run               Last # of DB Queries
--------------------------------  -----  ---------  --------  ----------  --------------  -------------------  ----------------------
/opt/airflow/dags/fintech_dag.py                           1           0  1.95s           2024-12-20T18:04:22                      12
================================================================================
[2024-12-20T18:05:06.907+0000] {manager.py:997} INFO - 
================================================================================
DAG File Processing Stats

File Path                         PID    Runtime      # DAGs    # Errors  Last Runtime    Last Run               Last # of DB Queries
--------------------------------  -----  ---------  --------  ----------  --------------  -------------------  ----------------------
/opt/airflow/dags/fintech_dag.py                           1           0  1.73s           2024-12-20T18:04:54                      12
================================================================================
[2024-12-20T18:05:37.148+0000] {manager.py:997} INFO - 
================================================================================
DAG File Processing Stats

File Path                         PID    Runtime      # DAGs    # Errors  Last Runtime    Last Run               Last # of DB Queries
--------------------------------  -----  ---------  --------  ----------  --------------  -------------------  ----------------------
/opt/airflow/dags/fintech_dag.py                           1           0  1.96s           2024-12-20T18:05:26                      12
================================================================================
[2024-12-20T18:06:07.728+0000] {manager.py:997} INFO - 
================================================================================
DAG File Processing Stats

File Path                         PID    Runtime      # DAGs    # Errors  Last Runtime    Last Run               Last # of DB Queries
--------------------------------  -----  ---------  --------  ----------  --------------  -------------------  ----------------------
/opt/airflow/dags/fintech_dag.py                           1           0  1.23s           2024-12-20T18:05:57                      12
================================================================================
[2024-12-20T18:06:38.144+0000] {manager.py:997} INFO - 
================================================================================
DAG File Processing Stats

File Path                         PID    Runtime      # DAGs    # Errors  Last Runtime    Last Run               Last # of DB Queries
--------------------------------  -----  ---------  --------  ----------  --------------  -------------------  ----------------------
/opt/airflow/dags/fintech_dag.py                           1           0  1.31s           2024-12-20T18:06:29                      12
================================================================================
[2024-12-20T18:07:08.651+0000] {manager.py:997} INFO - 
================================================================================
DAG File Processing Stats

File Path                         PID    Runtime      # DAGs    # Errors  Last Runtime    Last Run               Last # of DB Queries
--------------------------------  -----  ---------  --------  ----------  --------------  -------------------  ----------------------
/opt/airflow/dags/fintech_dag.py                           1           0  1.26s           2024-12-20T18:07:00                      12
================================================================================
[2024-12-20T18:07:31.809+0000] {manager.py:821} INFO - Searching for files in /opt/airflow/dags
[2024-12-20T18:07:31.865+0000] {manager.py:824} INFO - There are 1 files in /opt/airflow/dags
[2024-12-20T18:07:39.100+0000] {manager.py:997} INFO - 
================================================================================
DAG File Processing Stats

File Path                         PID    Runtime      # DAGs    # Errors  Last Runtime    Last Run               Last # of DB Queries
--------------------------------  -----  ---------  --------  ----------  --------------  -------------------  ----------------------
/opt/airflow/dags/fintech_dag.py                           1           0  1.55s           2024-12-20T18:07:32                      12
================================================================================
[2024-12-20T18:08:09.301+0000] {manager.py:997} INFO - 
================================================================================
DAG File Processing Stats

File Path                         PID    Runtime      # DAGs    # Errors  Last Runtime    Last Run               Last # of DB Queries
--------------------------------  -----  ---------  --------  ----------  --------------  -------------------  ----------------------
/opt/airflow/dags/fintech_dag.py                           1           0  1.55s           2024-12-20T18:08:04                      12
================================================================================
[2024-12-20T18:08:39.585+0000] {manager.py:997} INFO - 
================================================================================
DAG File Processing Stats

File Path                         PID    Runtime      # DAGs    # Errors  Last Runtime    Last Run               Last # of DB Queries
--------------------------------  -----  ---------  --------  ----------  --------------  -------------------  ----------------------
/opt/airflow/dags/fintech_dag.py                           1           0  1.31s           2024-12-20T18:08:35                      12
================================================================================
[2024-12-20T18:09:10.022+0000] {manager.py:997} INFO - 
================================================================================
DAG File Processing Stats

File Path                         PID    Runtime      # DAGs    # Errors  Last Runtime    Last Run               Last # of DB Queries
--------------------------------  -----  ---------  --------  ----------  --------------  -------------------  ----------------------
/opt/airflow/dags/fintech_dag.py                           1           0  1.30s           2024-12-20T18:09:07                      12
================================================================================
[2024-12-20T18:09:15.527+0000] {manager.py:465} INFO - Exiting gracefully upon receiving signal 15
[2024-12-20T18:10:30.577+0000] {manager.py:483} INFO - Processing files using up to 2 processes at a time 
[2024-12-20T18:10:30.578+0000] {manager.py:484} INFO - Process each file at most once every 30 seconds
[2024-12-20T18:10:30.579+0000] {manager.py:485} INFO - Checking for new files in /opt/airflow/dags every 300 seconds
[2024-12-20T18:10:30.580+0000] {manager.py:821} INFO - Searching for files in /opt/airflow/dags
[2024-12-20T18:10:30.678+0000] {manager.py:824} INFO - There are 1 files in /opt/airflow/dags
[2024-12-20T18:10:30.816+0000] {manager.py:997} INFO - 
================================================================================
DAG File Processing Stats

File Path                           PID  Runtime      # DAGs    # Errors  Last Runtime    Last Run      Last # of DB Queries
--------------------------------  -----  ---------  --------  ----------  --------------  ----------  ----------------------
/opt/airflow/dags/fintech_dag.py     74  0.03s             0           0                                                   0
================================================================================
[2024-12-20T18:11:01.012+0000] {manager.py:997} INFO - 
================================================================================
DAG File Processing Stats

File Path                         PID    Runtime      # DAGs    # Errors  Last Runtime    Last Run               Last # of DB Queries
--------------------------------  -----  ---------  --------  ----------  --------------  -------------------  ----------------------
/opt/airflow/dags/fintech_dag.py                           1           0  3.39s           2024-12-20T18:10:34                      12
================================================================================
[2024-12-20T18:11:31.579+0000] {manager.py:997} INFO - 
================================================================================
DAG File Processing Stats

File Path                         PID    Runtime      # DAGs    # Errors  Last Runtime    Last Run               Last # of DB Queries
--------------------------------  -----  ---------  --------  ----------  --------------  -------------------  ----------------------
/opt/airflow/dags/fintech_dag.py                           1           0  1.40s           2024-12-20T18:11:05                      12
================================================================================
[2024-12-20T18:12:01.803+0000] {manager.py:997} INFO - 
================================================================================
DAG File Processing Stats

File Path                         PID    Runtime      # DAGs    # Errors  Last Runtime    Last Run               Last # of DB Queries
--------------------------------  -----  ---------  --------  ----------  --------------  -------------------  ----------------------
/opt/airflow/dags/fintech_dag.py                           1           0  1.64s           2024-12-20T18:11:37                      12
================================================================================
[2024-12-20T18:12:31.821+0000] {manager.py:997} INFO - 
================================================================================
DAG File Processing Stats

File Path                         PID    Runtime      # DAGs    # Errors  Last Runtime    Last Run               Last # of DB Queries
--------------------------------  -----  ---------  --------  ----------  --------------  -------------------  ----------------------
/opt/airflow/dags/fintech_dag.py                           1           0  1.80s           2024-12-20T18:12:09                      12
================================================================================
[2024-12-20T18:13:01.999+0000] {manager.py:997} INFO - 
================================================================================
DAG File Processing Stats

File Path                         PID    Runtime      # DAGs    # Errors  Last Runtime    Last Run               Last # of DB Queries
--------------------------------  -----  ---------  --------  ----------  --------------  -------------------  ----------------------
/opt/airflow/dags/fintech_dag.py                           1           0  1.97s           2024-12-20T18:12:41                      12
================================================================================
[2024-12-20T18:13:07.152+0000] {manager.py:465} INFO - Exiting gracefully upon receiving signal 15
[2024-12-20T18:14:22.452+0000] {manager.py:483} INFO - Processing files using up to 2 processes at a time 
[2024-12-20T18:14:22.453+0000] {manager.py:484} INFO - Process each file at most once every 30 seconds
[2024-12-20T18:14:22.453+0000] {manager.py:485} INFO - Checking for new files in /opt/airflow/dags every 300 seconds
[2024-12-20T18:14:22.454+0000] {manager.py:821} INFO - Searching for files in /opt/airflow/dags
[2024-12-20T18:14:22.506+0000] {manager.py:824} INFO - There are 1 files in /opt/airflow/dags
[2024-12-20T18:14:22.650+0000] {manager.py:997} INFO - 
================================================================================
DAG File Processing Stats

File Path                           PID  Runtime      # DAGs    # Errors  Last Runtime    Last Run      Last # of DB Queries
--------------------------------  -----  ---------  --------  ----------  --------------  ----------  ----------------------
/opt/airflow/dags/fintech_dag.py     74  0.03s             0           0                                                   0
================================================================================
[2024-12-20T18:14:51.559+0000] {manager.py:465} INFO - Exiting gracefully upon receiving signal 15
[2024-12-20T18:15:15.325+0000] {manager.py:483} INFO - Processing files using up to 2 processes at a time 
[2024-12-20T18:15:15.326+0000] {manager.py:484} INFO - Process each file at most once every 30 seconds
[2024-12-20T18:15:15.327+0000] {manager.py:485} INFO - Checking for new files in /opt/airflow/dags every 300 seconds
[2024-12-20T18:15:15.328+0000] {manager.py:821} INFO - Searching for files in /opt/airflow/dags
[2024-12-20T18:15:15.390+0000] {manager.py:824} INFO - There are 1 files in /opt/airflow/dags
[2024-12-20T18:15:15.478+0000] {manager.py:997} INFO - 
================================================================================
DAG File Processing Stats

File Path                           PID  Runtime      # DAGs    # Errors  Last Runtime    Last Run      Last # of DB Queries
--------------------------------  -----  ---------  --------  ----------  --------------  ----------  ----------------------
/opt/airflow/dags/fintech_dag.py     62  0.03s             0           0                                                   0
================================================================================
[2024-12-20T18:15:45.695+0000] {manager.py:997} INFO - 
================================================================================
DAG File Processing Stats

File Path                         PID    Runtime      # DAGs    # Errors  Last Runtime    Last Run               Last # of DB Queries
--------------------------------  -----  ---------  --------  ----------  --------------  -------------------  ----------------------
/opt/airflow/dags/fintech_dag.py                           1           0  2.42s           2024-12-20T18:15:17                      12
================================================================================
[2024-12-20T18:16:16.294+0000] {manager.py:997} INFO - 
================================================================================
DAG File Processing Stats

File Path                         PID    Runtime      # DAGs    # Errors  Last Runtime    Last Run               Last # of DB Queries
--------------------------------  -----  ---------  --------  ----------  --------------  -------------------  ----------------------
/opt/airflow/dags/fintech_dag.py                           1           0  1.32s           2024-12-20T18:15:49                      12
================================================================================
[2024-12-20T18:16:46.810+0000] {manager.py:997} INFO - 
================================================================================
DAG File Processing Stats

File Path                         PID    Runtime      # DAGs    # Errors  Last Runtime    Last Run               Last # of DB Queries
--------------------------------  -----  ---------  --------  ----------  --------------  -------------------  ----------------------
/opt/airflow/dags/fintech_dag.py                           1           0  1.40s           2024-12-20T18:16:21                      12
================================================================================
[2024-12-20T18:17:17.412+0000] {manager.py:997} INFO - 
================================================================================
DAG File Processing Stats

File Path                         PID    Runtime      # DAGs    # Errors  Last Runtime    Last Run               Last # of DB Queries
--------------------------------  -----  ---------  --------  ----------  --------------  -------------------  ----------------------
/opt/airflow/dags/fintech_dag.py                           1           0  1.34s           2024-12-20T18:16:52                      12
================================================================================
[2024-12-20T18:17:47.969+0000] {manager.py:997} INFO - 
================================================================================
DAG File Processing Stats

File Path                         PID    Runtime      # DAGs    # Errors  Last Runtime    Last Run               Last # of DB Queries
--------------------------------  -----  ---------  --------  ----------  --------------  -------------------  ----------------------
/opt/airflow/dags/fintech_dag.py                           1           0  2.00s           2024-12-20T18:17:47                      12
================================================================================
[2024-12-20T18:18:18.192+0000] {manager.py:997} INFO - 
================================================================================
DAG File Processing Stats

File Path                           PID  Runtime      # DAGs    # Errors  Last Runtime    Last Run               Last # of DB Queries
--------------------------------  -----  ---------  --------  ----------  --------------  -------------------  ----------------------
/opt/airflow/dags/fintech_dag.py    201  0.00s             1           0  2.00s           2024-12-20T18:17:47                      12
================================================================================
[2024-12-20T18:18:48.742+0000] {manager.py:997} INFO - 
================================================================================
DAG File Processing Stats

File Path                         PID    Runtime      # DAGs    # Errors  Last Runtime    Last Run               Last # of DB Queries
--------------------------------  -----  ---------  --------  ----------  --------------  -------------------  ----------------------
/opt/airflow/dags/fintech_dag.py                           1           0  1.58s           2024-12-20T18:18:19                      12
================================================================================
[2024-12-20T18:19:18.763+0000] {manager.py:997} INFO - 
================================================================================
DAG File Processing Stats

File Path                         PID    Runtime      # DAGs    # Errors  Last Runtime    Last Run               Last # of DB Queries
--------------------------------  -----  ---------  --------  ----------  --------------  -------------------  ----------------------
/opt/airflow/dags/fintech_dag.py                           1           0  1.61s           2024-12-20T18:18:51                      12
================================================================================
[2024-12-20T18:19:49.368+0000] {manager.py:997} INFO - 
================================================================================
DAG File Processing Stats

File Path                         PID    Runtime      # DAGs    # Errors  Last Runtime    Last Run               Last # of DB Queries
--------------------------------  -----  ---------  --------  ----------  --------------  -------------------  ----------------------
/opt/airflow/dags/fintech_dag.py                           1           0  1.46s           2024-12-20T18:19:23                      12
================================================================================
[2024-12-20T18:20:15.583+0000] {manager.py:821} INFO - Searching for files in /opt/airflow/dags
[2024-12-20T18:20:15.622+0000] {manager.py:824} INFO - There are 1 files in /opt/airflow/dags
[2024-12-20T18:20:19.662+0000] {manager.py:997} INFO - 
================================================================================
DAG File Processing Stats

File Path                         PID    Runtime      # DAGs    # Errors  Last Runtime    Last Run               Last # of DB Queries
--------------------------------  -----  ---------  --------  ----------  --------------  -------------------  ----------------------
/opt/airflow/dags/fintech_dag.py                           1           0  1.37s           2024-12-20T18:19:54                      12
================================================================================
[2024-12-20T18:20:50.280+0000] {manager.py:997} INFO - 
================================================================================
DAG File Processing Stats

File Path                         PID    Runtime      # DAGs    # Errors  Last Runtime    Last Run               Last # of DB Queries
--------------------------------  -----  ---------  --------  ----------  --------------  -------------------  ----------------------
/opt/airflow/dags/fintech_dag.py                           1           0  1.28s           2024-12-20T18:20:26                      12
================================================================================
[2024-12-20T18:21:20.761+0000] {manager.py:997} INFO - 
================================================================================
DAG File Processing Stats

File Path                         PID    Runtime      # DAGs    # Errors  Last Runtime    Last Run               Last # of DB Queries
--------------------------------  -----  ---------  --------  ----------  --------------  -------------------  ----------------------
/opt/airflow/dags/fintech_dag.py                           1           0  1.17s           2024-12-20T18:20:57                      12
================================================================================
[2024-12-20T18:21:51.113+0000] {manager.py:997} INFO - 
================================================================================
DAG File Processing Stats

File Path                         PID    Runtime      # DAGs    # Errors  Last Runtime    Last Run               Last # of DB Queries
--------------------------------  -----  ---------  --------  ----------  --------------  -------------------  ----------------------
/opt/airflow/dags/fintech_dag.py                           1           0  1.25s           2024-12-20T18:21:29                      12
================================================================================
[2024-12-20T18:22:21.396+0000] {manager.py:997} INFO - 
================================================================================
DAG File Processing Stats

File Path                         PID    Runtime      # DAGs    # Errors  Last Runtime    Last Run               Last # of DB Queries
--------------------------------  -----  ---------  --------  ----------  --------------  -------------------  ----------------------
/opt/airflow/dags/fintech_dag.py                           1           0  1.36s           2024-12-20T18:22:00                      12
================================================================================
[2024-12-20T18:22:51.888+0000] {manager.py:997} INFO - 
================================================================================
DAG File Processing Stats

File Path                         PID    Runtime      # DAGs    # Errors  Last Runtime    Last Run               Last # of DB Queries
--------------------------------  -----  ---------  --------  ----------  --------------  -------------------  ----------------------
/opt/airflow/dags/fintech_dag.py                           1           0  1.25s           2024-12-20T18:22:31                      12
================================================================================
[2024-12-20T18:23:22.322+0000] {manager.py:997} INFO - 
================================================================================
DAG File Processing Stats

File Path                         PID    Runtime      # DAGs    # Errors  Last Runtime    Last Run               Last # of DB Queries
--------------------------------  -----  ---------  --------  ----------  --------------  -------------------  ----------------------
/opt/airflow/dags/fintech_dag.py                           1           0  1.16s           2024-12-20T18:23:03                      12
================================================================================
[2024-12-20T18:23:52.679+0000] {manager.py:997} INFO - 
================================================================================
DAG File Processing Stats

File Path                         PID    Runtime      # DAGs    # Errors  Last Runtime    Last Run               Last # of DB Queries
--------------------------------  -----  ---------  --------  ----------  --------------  -------------------  ----------------------
/opt/airflow/dags/fintech_dag.py                           1           0  1.19s           2024-12-20T18:23:34                      12
================================================================================
[2024-12-20T18:24:22.904+0000] {manager.py:997} INFO - 
================================================================================
DAG File Processing Stats

File Path                         PID    Runtime      # DAGs    # Errors  Last Runtime    Last Run               Last # of DB Queries
--------------------------------  -----  ---------  --------  ----------  --------------  -------------------  ----------------------
/opt/airflow/dags/fintech_dag.py                           1           0  1.35s           2024-12-20T18:24:06                      12
================================================================================
[2024-12-20T18:24:53.437+0000] {manager.py:997} INFO - 
================================================================================
DAG File Processing Stats

File Path                         PID    Runtime      # DAGs    # Errors  Last Runtime    Last Run               Last # of DB Queries
--------------------------------  -----  ---------  --------  ----------  --------------  -------------------  ----------------------
/opt/airflow/dags/fintech_dag.py                           1           0  1.18s           2024-12-20T18:24:37                      12
================================================================================
[2024-12-20T18:25:15.596+0000] {manager.py:821} INFO - Searching for files in /opt/airflow/dags
[2024-12-20T18:25:15.644+0000] {manager.py:824} INFO - There are 1 files in /opt/airflow/dags
[2024-12-20T18:25:23.711+0000] {manager.py:997} INFO - 
================================================================================
DAG File Processing Stats

File Path                         PID    Runtime      # DAGs    # Errors  Last Runtime    Last Run               Last # of DB Queries
--------------------------------  -----  ---------  --------  ----------  --------------  -------------------  ----------------------
/opt/airflow/dags/fintech_dag.py                           1           0  1.14s           2024-12-20T18:25:08                      12
================================================================================
[2024-12-20T18:25:53.963+0000] {manager.py:997} INFO - 
================================================================================
DAG File Processing Stats

File Path                         PID    Runtime      # DAGs    # Errors  Last Runtime    Last Run               Last # of DB Queries
--------------------------------  -----  ---------  --------  ----------  --------------  -------------------  ----------------------
/opt/airflow/dags/fintech_dag.py                           1           0  1.18s           2024-12-20T18:25:40                      12
================================================================================
[2024-12-20T18:26:24.285+0000] {manager.py:997} INFO - 
================================================================================
DAG File Processing Stats

File Path                         PID    Runtime      # DAGs    # Errors  Last Runtime    Last Run               Last # of DB Queries
--------------------------------  -----  ---------  --------  ----------  --------------  -------------------  ----------------------
/opt/airflow/dags/fintech_dag.py                           1           0  1.21s           2024-12-20T18:26:11                      12
================================================================================
[2024-12-20T18:26:54.557+0000] {manager.py:997} INFO - 
================================================================================
DAG File Processing Stats

File Path                         PID    Runtime      # DAGs    # Errors  Last Runtime    Last Run               Last # of DB Queries
--------------------------------  -----  ---------  --------  ----------  --------------  -------------------  ----------------------
/opt/airflow/dags/fintech_dag.py                           1           0  1.14s           2024-12-20T18:26:42                      12
================================================================================
[2024-12-20T18:27:24.812+0000] {manager.py:997} INFO - 
================================================================================
DAG File Processing Stats

File Path                         PID    Runtime      # DAGs    # Errors  Last Runtime    Last Run               Last # of DB Queries
--------------------------------  -----  ---------  --------  ----------  --------------  -------------------  ----------------------
/opt/airflow/dags/fintech_dag.py                           1           0  1.20s           2024-12-20T18:27:13                      12
================================================================================
[2024-12-20T18:27:55.248+0000] {manager.py:997} INFO - 
================================================================================
DAG File Processing Stats

File Path                         PID    Runtime      # DAGs    # Errors  Last Runtime    Last Run               Last # of DB Queries
--------------------------------  -----  ---------  --------  ----------  --------------  -------------------  ----------------------
/opt/airflow/dags/fintech_dag.py                           1           0  1.23s           2024-12-20T18:27:45                      12
================================================================================
[2024-12-20T18:28:25.477+0000] {manager.py:997} INFO - 
================================================================================
DAG File Processing Stats

File Path                         PID    Runtime      # DAGs    # Errors  Last Runtime    Last Run               Last # of DB Queries
--------------------------------  -----  ---------  --------  ----------  --------------  -------------------  ----------------------
/opt/airflow/dags/fintech_dag.py                           1           0  1.19s           2024-12-20T18:28:16                      12
================================================================================
[2024-12-20T18:28:55.832+0000] {manager.py:997} INFO - 
================================================================================
DAG File Processing Stats

File Path                         PID    Runtime      # DAGs    # Errors  Last Runtime    Last Run               Last # of DB Queries
--------------------------------  -----  ---------  --------  ----------  --------------  -------------------  ----------------------
/opt/airflow/dags/fintech_dag.py                           1           0  1.16s           2024-12-20T18:28:47                      12
================================================================================
[2024-12-20T18:29:26.066+0000] {manager.py:997} INFO - 
================================================================================
DAG File Processing Stats

File Path                         PID    Runtime      # DAGs    # Errors  Last Runtime    Last Run               Last # of DB Queries
--------------------------------  -----  ---------  --------  ----------  --------------  -------------------  ----------------------
/opt/airflow/dags/fintech_dag.py                           1           0  1.16s           2024-12-20T18:29:19                      12
================================================================================
[2024-12-20T18:29:56.386+0000] {manager.py:997} INFO - 
================================================================================
DAG File Processing Stats

File Path                         PID    Runtime      # DAGs    # Errors  Last Runtime    Last Run               Last # of DB Queries
--------------------------------  -----  ---------  --------  ----------  --------------  -------------------  ----------------------
/opt/airflow/dags/fintech_dag.py                           1           0  1.13s           2024-12-20T18:29:50                      12
================================================================================
[2024-12-20T18:30:16.522+0000] {manager.py:821} INFO - Searching for files in /opt/airflow/dags
[2024-12-20T18:30:16.566+0000] {manager.py:824} INFO - There are 1 files in /opt/airflow/dags
[2024-12-20T18:30:26.675+0000] {manager.py:997} INFO - 
================================================================================
DAG File Processing Stats

File Path                         PID    Runtime      # DAGs    # Errors  Last Runtime    Last Run               Last # of DB Queries
--------------------------------  -----  ---------  --------  ----------  --------------  -------------------  ----------------------
/opt/airflow/dags/fintech_dag.py                           1           0  1.25s           2024-12-20T18:30:21                      12
================================================================================
[2024-12-20T18:30:57.095+0000] {manager.py:997} INFO - 
================================================================================
DAG File Processing Stats

File Path                         PID    Runtime      # DAGs    # Errors  Last Runtime    Last Run               Last # of DB Queries
--------------------------------  -----  ---------  --------  ----------  --------------  -------------------  ----------------------
/opt/airflow/dags/fintech_dag.py                           1           0  1.24s           2024-12-20T18:30:53                      12
================================================================================
[2024-12-20T18:31:27.519+0000] {manager.py:997} INFO - 
================================================================================
DAG File Processing Stats

File Path                         PID    Runtime      # DAGs    # Errors  Last Runtime    Last Run               Last # of DB Queries
--------------------------------  -----  ---------  --------  ----------  --------------  -------------------  ----------------------
/opt/airflow/dags/fintech_dag.py                           1           0  1.37s           2024-12-20T18:31:24                      12
================================================================================
[2024-12-20T18:31:57.588+0000] {manager.py:997} INFO - 
================================================================================
DAG File Processing Stats

File Path                         PID    Runtime      # DAGs    # Errors  Last Runtime    Last Run               Last # of DB Queries
--------------------------------  -----  ---------  --------  ----------  --------------  -------------------  ----------------------
/opt/airflow/dags/fintech_dag.py                           1           0  1.52s           2024-12-20T18:31:56                      12
================================================================================
[2024-12-20T18:32:27.802+0000] {manager.py:997} INFO - 
================================================================================
DAG File Processing Stats

File Path                           PID  Runtime      # DAGs    # Errors  Last Runtime    Last Run               Last # of DB Queries
--------------------------------  -----  ---------  --------  ----------  --------------  -------------------  ----------------------
/opt/airflow/dags/fintech_dag.py    726  1.01s             1           0  1.52s           2024-12-20T18:31:56                      12
================================================================================
[2024-12-20T18:32:57.994+0000] {manager.py:997} INFO - 
================================================================================
DAG File Processing Stats

File Path                         PID    Runtime      # DAGs    # Errors  Last Runtime    Last Run               Last # of DB Queries
--------------------------------  -----  ---------  --------  ----------  --------------  -------------------  ----------------------
/opt/airflow/dags/fintech_dag.py                           1           0  1.37s           2024-12-20T18:32:28                      12
================================================================================
[2024-12-20T18:33:28.570+0000] {manager.py:997} INFO - 
================================================================================
DAG File Processing Stats

File Path                         PID    Runtime      # DAGs    # Errors  Last Runtime    Last Run               Last # of DB Queries
--------------------------------  -----  ---------  --------  ----------  --------------  -------------------  ----------------------
/opt/airflow/dags/fintech_dag.py                           1           0  1.14s           2024-12-20T18:32:59                      12
================================================================================
[2024-12-20T18:33:58.783+0000] {manager.py:997} INFO - 
================================================================================
DAG File Processing Stats

File Path                         PID    Runtime      # DAGs    # Errors  Last Runtime    Last Run               Last # of DB Queries
--------------------------------  -----  ---------  --------  ----------  --------------  -------------------  ----------------------
/opt/airflow/dags/fintech_dag.py                           1           0  1.10s           2024-12-20T18:33:30                      12
================================================================================
[2024-12-20T18:34:29.001+0000] {manager.py:997} INFO - 
================================================================================
DAG File Processing Stats

File Path                         PID    Runtime      # DAGs    # Errors  Last Runtime    Last Run               Last # of DB Queries
--------------------------------  -----  ---------  --------  ----------  --------------  -------------------  ----------------------
/opt/airflow/dags/fintech_dag.py                           1           0  1.19s           2024-12-20T18:34:01                      12
================================================================================
[2024-12-20T18:34:59.647+0000] {manager.py:997} INFO - 
================================================================================
DAG File Processing Stats

File Path                         PID    Runtime      # DAGs    # Errors  Last Runtime    Last Run               Last # of DB Queries
--------------------------------  -----  ---------  --------  ----------  --------------  -------------------  ----------------------
/opt/airflow/dags/fintech_dag.py                           1           0  1.57s           2024-12-20T18:34:33                      12
================================================================================
[2024-12-20T18:35:16.869+0000] {manager.py:821} INFO - Searching for files in /opt/airflow/dags
[2024-12-20T18:35:16.908+0000] {manager.py:824} INFO - There are 1 files in /opt/airflow/dags
[2024-12-20T18:35:30.010+0000] {manager.py:997} INFO - 
================================================================================
DAG File Processing Stats

File Path                         PID    Runtime      # DAGs    # Errors  Last Runtime    Last Run               Last # of DB Queries
--------------------------------  -----  ---------  --------  ----------  --------------  -------------------  ----------------------
/opt/airflow/dags/fintech_dag.py                           1           0  1.31s           2024-12-20T18:35:04                      12
================================================================================
[2024-12-20T18:36:00.343+0000] {manager.py:997} INFO - 
================================================================================
DAG File Processing Stats

File Path                         PID    Runtime      # DAGs    # Errors  Last Runtime    Last Run               Last # of DB Queries
--------------------------------  -----  ---------  --------  ----------  --------------  -------------------  ----------------------
/opt/airflow/dags/fintech_dag.py                           1           0  1.13s           2024-12-20T18:35:36                      12
================================================================================
[2024-12-20T18:36:30.559+0000] {manager.py:997} INFO - 
================================================================================
DAG File Processing Stats

File Path                         PID    Runtime      # DAGs    # Errors  Last Runtime    Last Run               Last # of DB Queries
--------------------------------  -----  ---------  --------  ----------  --------------  -------------------  ----------------------
/opt/airflow/dags/fintech_dag.py                           1           0  1.37s           2024-12-20T18:36:07                      12
================================================================================
[2024-12-20T18:37:01.112+0000] {manager.py:997} INFO - 
================================================================================
DAG File Processing Stats

File Path                         PID    Runtime      # DAGs    # Errors  Last Runtime    Last Run               Last # of DB Queries
--------------------------------  -----  ---------  --------  ----------  --------------  -------------------  ----------------------
/opt/airflow/dags/fintech_dag.py                           1           0  1.15s           2024-12-20T18:36:39                      12
================================================================================
[2024-12-20T18:37:31.439+0000] {manager.py:997} INFO - 
================================================================================
DAG File Processing Stats

File Path                         PID    Runtime      # DAGs    # Errors  Last Runtime    Last Run               Last # of DB Queries
--------------------------------  -----  ---------  --------  ----------  --------------  -------------------  ----------------------
/opt/airflow/dags/fintech_dag.py                           1           0  1.20s           2024-12-20T18:37:10                      12
================================================================================
[2024-12-20T18:38:01.694+0000] {manager.py:997} INFO - 
================================================================================
DAG File Processing Stats

File Path                         PID    Runtime      # DAGs    # Errors  Last Runtime    Last Run               Last # of DB Queries
--------------------------------  -----  ---------  --------  ----------  --------------  -------------------  ----------------------
/opt/airflow/dags/fintech_dag.py                           1           0  1.17s           2024-12-20T18:37:41                      12
================================================================================
[2024-12-20T18:38:32.004+0000] {manager.py:997} INFO - 
================================================================================
DAG File Processing Stats

File Path                         PID    Runtime      # DAGs    # Errors  Last Runtime    Last Run               Last # of DB Queries
--------------------------------  -----  ---------  --------  ----------  --------------  -------------------  ----------------------
/opt/airflow/dags/fintech_dag.py                           1           0  1.16s           2024-12-20T18:38:12                      12
================================================================================
[2024-12-20T18:39:02.235+0000] {manager.py:997} INFO - 
================================================================================
DAG File Processing Stats

File Path                         PID    Runtime      # DAGs    # Errors  Last Runtime    Last Run               Last # of DB Queries
--------------------------------  -----  ---------  --------  ----------  --------------  -------------------  ----------------------
/opt/airflow/dags/fintech_dag.py                           1           0  1.14s           2024-12-20T18:38:44                      12
================================================================================
[2024-12-20T18:39:32.532+0000] {manager.py:997} INFO - 
================================================================================
DAG File Processing Stats

File Path                         PID    Runtime      # DAGs    # Errors  Last Runtime    Last Run               Last # of DB Queries
--------------------------------  -----  ---------  --------  ----------  --------------  -------------------  ----------------------
/opt/airflow/dags/fintech_dag.py                           1           0  1.38s           2024-12-20T18:39:15                      12
================================================================================
[2024-12-20T18:40:02.617+0000] {manager.py:997} INFO - 
================================================================================
DAG File Processing Stats

File Path                         PID    Runtime      # DAGs    # Errors  Last Runtime    Last Run               Last # of DB Queries
--------------------------------  -----  ---------  --------  ----------  --------------  -------------------  ----------------------
/opt/airflow/dags/fintech_dag.py                           1           0  1.60s           2024-12-20T18:39:47                      12
================================================================================
[2024-12-20T18:40:17.099+0000] {manager.py:821} INFO - Searching for files in /opt/airflow/dags
[2024-12-20T18:40:17.252+0000] {manager.py:824} INFO - There are 1 files in /opt/airflow/dags
[2024-12-20T18:40:32.821+0000] {manager.py:997} INFO - 
================================================================================
DAG File Processing Stats

File Path                         PID    Runtime      # DAGs    # Errors  Last Runtime    Last Run               Last # of DB Queries
--------------------------------  -----  ---------  --------  ----------  --------------  -------------------  ----------------------
/opt/airflow/dags/fintech_dag.py                           1           0  1.53s           2024-12-20T18:40:19                      12
================================================================================
[2024-12-20T18:41:03.550+0000] {manager.py:997} INFO - 
================================================================================
DAG File Processing Stats

File Path                         PID    Runtime      # DAGs    # Errors  Last Runtime    Last Run               Last # of DB Queries
--------------------------------  -----  ---------  --------  ----------  --------------  -------------------  ----------------------
/opt/airflow/dags/fintech_dag.py                           1           0  1.24s           2024-12-20T18:40:50                      12
================================================================================
[2024-12-20T18:41:33.984+0000] {manager.py:997} INFO - 
================================================================================
DAG File Processing Stats

File Path                         PID    Runtime      # DAGs    # Errors  Last Runtime    Last Run               Last # of DB Queries
--------------------------------  -----  ---------  --------  ----------  --------------  -------------------  ----------------------
/opt/airflow/dags/fintech_dag.py                           1           0  1.48s           2024-12-20T18:41:22                      12
================================================================================
[2024-12-20T18:42:04.000+0000] {manager.py:997} INFO - 
================================================================================
DAG File Processing Stats

File Path                         PID    Runtime      # DAGs    # Errors  Last Runtime    Last Run               Last # of DB Queries
--------------------------------  -----  ---------  --------  ----------  --------------  -------------------  ----------------------
/opt/airflow/dags/fintech_dag.py                           1           0  1.35s           2024-12-20T18:41:53                      12
================================================================================
[2024-12-20T18:42:34.205+0000] {manager.py:997} INFO - 
================================================================================
DAG File Processing Stats

File Path                         PID    Runtime      # DAGs    # Errors  Last Runtime    Last Run               Last # of DB Queries
--------------------------------  -----  ---------  --------  ----------  --------------  -------------------  ----------------------
/opt/airflow/dags/fintech_dag.py                           1           0  1.31s           2024-12-20T18:42:25                      12
================================================================================
[2024-12-20T18:43:04.708+0000] {manager.py:997} INFO - 
================================================================================
DAG File Processing Stats

File Path                         PID    Runtime      # DAGs    # Errors  Last Runtime    Last Run               Last # of DB Queries
--------------------------------  -----  ---------  --------  ----------  --------------  -------------------  ----------------------
/opt/airflow/dags/fintech_dag.py                           1           0  1.24s           2024-12-20T18:42:56                      12
================================================================================
[2024-12-20T18:43:35.136+0000] {manager.py:997} INFO - 
================================================================================
DAG File Processing Stats

File Path                         PID    Runtime      # DAGs    # Errors  Last Runtime    Last Run               Last # of DB Queries
--------------------------------  -----  ---------  --------  ----------  --------------  -------------------  ----------------------
/opt/airflow/dags/fintech_dag.py                           1           0  1.24s           2024-12-20T18:43:28                      12
================================================================================
[2024-12-20T18:44:05.577+0000] {manager.py:997} INFO - 
================================================================================
DAG File Processing Stats

File Path                         PID    Runtime      # DAGs    # Errors  Last Runtime    Last Run               Last # of DB Queries
--------------------------------  -----  ---------  --------  ----------  --------------  -------------------  ----------------------
/opt/airflow/dags/fintech_dag.py                           1           0  1.17s           2024-12-20T18:43:59                      12
================================================================================
[2024-12-20T18:44:35.800+0000] {manager.py:997} INFO - 
================================================================================
DAG File Processing Stats

File Path                         PID    Runtime      # DAGs    # Errors  Last Runtime    Last Run               Last # of DB Queries
--------------------------------  -----  ---------  --------  ----------  --------------  -------------------  ----------------------
/opt/airflow/dags/fintech_dag.py                           1           0  1.12s           2024-12-20T18:44:30                      12
================================================================================
[2024-12-20T18:45:06.095+0000] {manager.py:997} INFO - 
================================================================================
DAG File Processing Stats

File Path                         PID    Runtime      # DAGs    # Errors  Last Runtime    Last Run               Last # of DB Queries
--------------------------------  -----  ---------  --------  ----------  --------------  -------------------  ----------------------
/opt/airflow/dags/fintech_dag.py                           1           0  1.25s           2024-12-20T18:45:02                      12
================================================================================
[2024-12-20T18:45:17.169+0000] {manager.py:821} INFO - Searching for files in /opt/airflow/dags
[2024-12-20T18:45:17.203+0000] {manager.py:824} INFO - There are 1 files in /opt/airflow/dags
[2024-12-20T18:45:36.440+0000] {manager.py:997} INFO - 
================================================================================
DAG File Processing Stats

File Path                         PID    Runtime      # DAGs    # Errors  Last Runtime    Last Run               Last # of DB Queries
--------------------------------  -----  ---------  --------  ----------  --------------  -------------------  ----------------------
/opt/airflow/dags/fintech_dag.py                           1           0  1.14s           2024-12-20T18:45:33                      12
================================================================================
[2024-12-20T18:46:06.669+0000] {manager.py:997} INFO - 
================================================================================
DAG File Processing Stats

File Path                         PID    Runtime      # DAGs    # Errors  Last Runtime    Last Run               Last # of DB Queries
--------------------------------  -----  ---------  --------  ----------  --------------  -------------------  ----------------------
/opt/airflow/dags/fintech_dag.py                           1           0  1.17s           2024-12-20T18:46:04                      12
================================================================================
[2024-12-20T18:46:37.015+0000] {manager.py:997} INFO - 
================================================================================
DAG File Processing Stats

File Path                         PID    Runtime      # DAGs    # Errors  Last Runtime    Last Run               Last # of DB Queries
--------------------------------  -----  ---------  --------  ----------  --------------  -------------------  ----------------------
/opt/airflow/dags/fintech_dag.py                           1           0  1.15s           2024-12-20T18:46:36                      12
================================================================================
[2024-12-20T18:47:07.233+0000] {manager.py:997} INFO - 
================================================================================
DAG File Processing Stats

File Path                           PID  Runtime      # DAGs    # Errors  Last Runtime    Last Run               Last # of DB Queries
--------------------------------  -----  ---------  --------  ----------  --------------  -------------------  ----------------------
/opt/airflow/dags/fintech_dag.py   1266  1.01s             1           0  1.15s           2024-12-20T18:46:36                      12
================================================================================
[2024-12-20T18:47:37.450+0000] {manager.py:997} INFO - 
================================================================================
DAG File Processing Stats

File Path                           PID  Runtime      # DAGs    # Errors  Last Runtime    Last Run               Last # of DB Queries
--------------------------------  -----  ---------  --------  ----------  --------------  -------------------  ----------------------
/opt/airflow/dags/fintech_dag.py   1285  0.00s             1           0  1.14s           2024-12-20T18:47:07                      12
================================================================================
[2024-12-20T18:48:07.761+0000] {manager.py:997} INFO - 
================================================================================
DAG File Processing Stats

File Path                         PID    Runtime      # DAGs    # Errors  Last Runtime    Last Run               Last # of DB Queries
--------------------------------  -----  ---------  --------  ----------  --------------  -------------------  ----------------------
/opt/airflow/dags/fintech_dag.py                           1           0  1.14s           2024-12-20T18:47:38                      12
================================================================================
[2024-12-20T18:48:37.988+0000] {manager.py:997} INFO - 
================================================================================
DAG File Processing Stats

File Path                         PID    Runtime      # DAGs    # Errors  Last Runtime    Last Run               Last # of DB Queries
--------------------------------  -----  ---------  --------  ----------  --------------  -------------------  ----------------------
/opt/airflow/dags/fintech_dag.py                           1           0  1.12s           2024-12-20T18:48:09                      12
================================================================================
[2024-12-20T18:49:08.394+0000] {manager.py:997} INFO - 
================================================================================
DAG File Processing Stats

File Path                         PID    Runtime      # DAGs    # Errors  Last Runtime    Last Run               Last # of DB Queries
--------------------------------  -----  ---------  --------  ----------  --------------  -------------------  ----------------------
/opt/airflow/dags/fintech_dag.py                           1           0  1.14s           2024-12-20T18:48:41                      12
================================================================================
[2024-12-20T18:49:38.608+0000] {manager.py:997} INFO - 
================================================================================
DAG File Processing Stats

File Path                         PID    Runtime      # DAGs    # Errors  Last Runtime    Last Run               Last # of DB Queries
--------------------------------  -----  ---------  --------  ----------  --------------  -------------------  ----------------------
/opt/airflow/dags/fintech_dag.py                           1           0  1.35s           2024-12-20T18:49:12                      12
================================================================================
[2024-12-20T18:50:09.132+0000] {manager.py:997} INFO - 
================================================================================
DAG File Processing Stats

File Path                         PID    Runtime      # DAGs    # Errors  Last Runtime    Last Run               Last # of DB Queries
--------------------------------  -----  ---------  --------  ----------  --------------  -------------------  ----------------------
/opt/airflow/dags/fintech_dag.py                           1           0  1.21s           2024-12-20T18:49:44                      12
================================================================================
[2024-12-20T18:50:17.380+0000] {manager.py:821} INFO - Searching for files in /opt/airflow/dags
[2024-12-20T18:50:17.439+0000] {manager.py:824} INFO - There are 1 files in /opt/airflow/dags
[2024-12-20T18:50:39.601+0000] {manager.py:997} INFO - 
================================================================================
DAG File Processing Stats

File Path                         PID    Runtime      # DAGs    # Errors  Last Runtime    Last Run               Last # of DB Queries
--------------------------------  -----  ---------  --------  ----------  --------------  -------------------  ----------------------
/opt/airflow/dags/fintech_dag.py                           1           0  1.20s           2024-12-20T18:50:15                      12
================================================================================
[2024-12-20T18:51:09.892+0000] {manager.py:997} INFO - 
================================================================================
DAG File Processing Stats

File Path                         PID    Runtime      # DAGs    # Errors  Last Runtime    Last Run               Last # of DB Queries
--------------------------------  -----  ---------  --------  ----------  --------------  -------------------  ----------------------
/opt/airflow/dags/fintech_dag.py                           1           0  1.27s           2024-12-20T18:50:46                      12
================================================================================
[2024-12-20T18:51:40.253+0000] {manager.py:997} INFO - 
================================================================================
DAG File Processing Stats

File Path                         PID    Runtime      # DAGs    # Errors  Last Runtime    Last Run               Last # of DB Queries
--------------------------------  -----  ---------  --------  ----------  --------------  -------------------  ----------------------
/opt/airflow/dags/fintech_dag.py                           1           0  1.22s           2024-12-20T18:51:18                      12
================================================================================
[2024-12-20T18:52:10.475+0000] {manager.py:997} INFO - 
================================================================================
DAG File Processing Stats

File Path                         PID    Runtime      # DAGs    # Errors  Last Runtime    Last Run               Last # of DB Queries
--------------------------------  -----  ---------  --------  ----------  --------------  -------------------  ----------------------
/opt/airflow/dags/fintech_dag.py                           1           0  1.19s           2024-12-20T18:51:49                      12
================================================================================
[2024-12-20T18:52:40.820+0000] {manager.py:997} INFO - 
================================================================================
DAG File Processing Stats

File Path                         PID    Runtime      # DAGs    # Errors  Last Runtime    Last Run               Last # of DB Queries
--------------------------------  -----  ---------  --------  ----------  --------------  -------------------  ----------------------
/opt/airflow/dags/fintech_dag.py                           1           0  1.68s           2024-12-20T18:52:21                      12
================================================================================
[2024-12-20T18:53:11.025+0000] {manager.py:997} INFO - 
================================================================================
DAG File Processing Stats

File Path                         PID    Runtime      # DAGs    # Errors  Last Runtime    Last Run               Last # of DB Queries
--------------------------------  -----  ---------  --------  ----------  --------------  -------------------  ----------------------
/opt/airflow/dags/fintech_dag.py                           1           0  1.48s           2024-12-20T18:52:52                      12
================================================================================
[2024-12-20T18:53:41.248+0000] {manager.py:997} INFO - 
================================================================================
DAG File Processing Stats

File Path                         PID    Runtime      # DAGs    # Errors  Last Runtime    Last Run               Last # of DB Queries
--------------------------------  -----  ---------  --------  ----------  --------------  -------------------  ----------------------
/opt/airflow/dags/fintech_dag.py                           1           0  1.34s           2024-12-20T18:53:24                      12
================================================================================
[2024-12-20T18:54:11.785+0000] {manager.py:997} INFO - 
================================================================================
DAG File Processing Stats

File Path                         PID    Runtime      # DAGs    # Errors  Last Runtime    Last Run               Last # of DB Queries
--------------------------------  -----  ---------  --------  ----------  --------------  -------------------  ----------------------
/opt/airflow/dags/fintech_dag.py                           1           0  1.23s           2024-12-20T18:53:55                      12
================================================================================
[2024-12-20T18:54:42.211+0000] {manager.py:997} INFO - 
================================================================================
DAG File Processing Stats

File Path                         PID    Runtime      # DAGs    # Errors  Last Runtime    Last Run               Last # of DB Queries
--------------------------------  -----  ---------  --------  ----------  --------------  -------------------  ----------------------
/opt/airflow/dags/fintech_dag.py                           1           0  1.23s           2024-12-20T18:54:27                      12
================================================================================
[2024-12-20T18:55:12.629+0000] {manager.py:997} INFO - 
================================================================================
DAG File Processing Stats

File Path                         PID    Runtime      # DAGs    # Errors  Last Runtime    Last Run               Last # of DB Queries
--------------------------------  -----  ---------  --------  ----------  --------------  -------------------  ----------------------
/opt/airflow/dags/fintech_dag.py                           1           0  1.38s           2024-12-20T18:54:58                      12
================================================================================
[2024-12-20T18:55:17.660+0000] {manager.py:821} INFO - Searching for files in /opt/airflow/dags
[2024-12-20T18:55:17.697+0000] {manager.py:824} INFO - There are 1 files in /opt/airflow/dags
[2024-12-20T18:55:43.215+0000] {manager.py:997} INFO - 
================================================================================
DAG File Processing Stats

File Path                         PID    Runtime      # DAGs    # Errors  Last Runtime    Last Run               Last # of DB Queries
--------------------------------  -----  ---------  --------  ----------  --------------  -------------------  ----------------------
/opt/airflow/dags/fintech_dag.py                           1           0  1.26s           2024-12-20T18:55:30                      12
================================================================================
[2024-12-20T18:56:13.662+0000] {manager.py:997} INFO - 
================================================================================
DAG File Processing Stats

File Path                         PID    Runtime      # DAGs    # Errors  Last Runtime    Last Run               Last # of DB Queries
--------------------------------  -----  ---------  --------  ----------  --------------  -------------------  ----------------------
/opt/airflow/dags/fintech_dag.py                           1           0  1.29s           2024-12-20T18:56:01                      12
================================================================================
[2024-12-20T18:56:44.155+0000] {manager.py:997} INFO - 
================================================================================
DAG File Processing Stats

File Path                         PID    Runtime      # DAGs    # Errors  Last Runtime    Last Run               Last # of DB Queries
--------------------------------  -----  ---------  --------  ----------  --------------  -------------------  ----------------------
/opt/airflow/dags/fintech_dag.py                           1           0  1.20s           2024-12-20T18:56:33                      12
================================================================================
[2024-12-20T18:57:14.529+0000] {manager.py:997} INFO - 
================================================================================
DAG File Processing Stats

File Path                         PID    Runtime      # DAGs    # Errors  Last Runtime    Last Run               Last # of DB Queries
--------------------------------  -----  ---------  --------  ----------  --------------  -------------------  ----------------------
/opt/airflow/dags/fintech_dag.py                           1           0  1.25s           2024-12-20T18:57:04                      12
================================================================================
[2024-12-20T18:57:44.787+0000] {manager.py:997} INFO - 
================================================================================
DAG File Processing Stats

File Path                         PID    Runtime      # DAGs    # Errors  Last Runtime    Last Run               Last # of DB Queries
--------------------------------  -----  ---------  --------  ----------  --------------  -------------------  ----------------------
/opt/airflow/dags/fintech_dag.py                           1           0  1.19s           2024-12-20T18:57:35                      12
================================================================================
[2024-12-20T18:58:15.115+0000] {manager.py:997} INFO - 
================================================================================
DAG File Processing Stats

File Path                         PID    Runtime      # DAGs    # Errors  Last Runtime    Last Run               Last # of DB Queries
--------------------------------  -----  ---------  --------  ----------  --------------  -------------------  ----------------------
/opt/airflow/dags/fintech_dag.py                           1           0  1.18s           2024-12-20T18:58:07                      12
================================================================================
[2024-12-20T18:58:45.351+0000] {manager.py:997} INFO - 
================================================================================
DAG File Processing Stats

File Path                         PID    Runtime      # DAGs    # Errors  Last Runtime    Last Run               Last # of DB Queries
--------------------------------  -----  ---------  --------  ----------  --------------  -------------------  ----------------------
/opt/airflow/dags/fintech_dag.py                           1           0  1.21s           2024-12-20T18:58:38                      12
================================================================================
[2024-12-20T18:59:15.723+0000] {manager.py:997} INFO - 
================================================================================
DAG File Processing Stats

File Path                         PID    Runtime      # DAGs    # Errors  Last Runtime    Last Run               Last # of DB Queries
--------------------------------  -----  ---------  --------  ----------  --------------  -------------------  ----------------------
/opt/airflow/dags/fintech_dag.py                           1           0  1.22s           2024-12-20T18:59:09                      12
================================================================================
[2024-12-20T18:59:45.962+0000] {manager.py:997} INFO - 
================================================================================
DAG File Processing Stats

File Path                         PID    Runtime      # DAGs    # Errors  Last Runtime    Last Run               Last # of DB Queries
--------------------------------  -----  ---------  --------  ----------  --------------  -------------------  ----------------------
/opt/airflow/dags/fintech_dag.py                           1           0  1.23s           2024-12-20T18:59:41                      12
================================================================================
[2024-12-20T19:00:16.369+0000] {manager.py:997} INFO - 
================================================================================
DAG File Processing Stats

File Path                         PID    Runtime      # DAGs    # Errors  Last Runtime    Last Run               Last # of DB Queries
--------------------------------  -----  ---------  --------  ----------  --------------  -------------------  ----------------------
/opt/airflow/dags/fintech_dag.py                           1           0  1.22s           2024-12-20T19:00:12                      12
================================================================================
[2024-12-20T19:00:18.379+0000] {manager.py:821} INFO - Searching for files in /opt/airflow/dags
[2024-12-20T19:00:18.444+0000] {manager.py:824} INFO - There are 1 files in /opt/airflow/dags
[2024-12-20T19:00:46.761+0000] {manager.py:997} INFO - 
================================================================================
DAG File Processing Stats

File Path                         PID    Runtime      # DAGs    # Errors  Last Runtime    Last Run               Last # of DB Queries
--------------------------------  -----  ---------  --------  ----------  --------------  -------------------  ----------------------
/opt/airflow/dags/fintech_dag.py                           1           0  1.20s           2024-12-20T19:00:43                      12
================================================================================
[2024-12-20T19:01:17.020+0000] {manager.py:997} INFO - 
================================================================================
DAG File Processing Stats

File Path                         PID    Runtime      # DAGs    # Errors  Last Runtime    Last Run               Last # of DB Queries
--------------------------------  -----  ---------  --------  ----------  --------------  -------------------  ----------------------
/opt/airflow/dags/fintech_dag.py                           1           0  1.23s           2024-12-20T19:01:15                      12
================================================================================
[2024-12-20T19:01:47.377+0000] {manager.py:997} INFO - 
================================================================================
DAG File Processing Stats

File Path                         PID    Runtime      # DAGs    # Errors  Last Runtime    Last Run               Last # of DB Queries
--------------------------------  -----  ---------  --------  ----------  --------------  -------------------  ----------------------
/opt/airflow/dags/fintech_dag.py                           1           0  1.19s           2024-12-20T19:01:46                      12
================================================================================
[2024-12-20T19:02:17.597+0000] {manager.py:997} INFO - 
================================================================================
DAG File Processing Stats

File Path                           PID  Runtime      # DAGs    # Errors  Last Runtime    Last Run               Last # of DB Queries
--------------------------------  -----  ---------  --------  ----------  --------------  -------------------  ----------------------
/opt/airflow/dags/fintech_dag.py   1825  1.01s             1           0  1.19s           2024-12-20T19:01:46                      12
================================================================================
[2024-12-20T19:02:47.824+0000] {manager.py:997} INFO - 
================================================================================
DAG File Processing Stats

File Path                           PID  Runtime      # DAGs    # Errors  Last Runtime    Last Run               Last # of DB Queries
--------------------------------  -----  ---------  --------  ----------  --------------  -------------------  ----------------------
/opt/airflow/dags/fintech_dag.py   1844  0.00s             1           0  1.18s           2024-12-20T19:02:17                      12
================================================================================
[2024-12-20T19:03:18.163+0000] {manager.py:997} INFO - 
================================================================================
DAG File Processing Stats

File Path                         PID    Runtime      # DAGs    # Errors  Last Runtime    Last Run               Last # of DB Queries
--------------------------------  -----  ---------  --------  ----------  --------------  -------------------  ----------------------
/opt/airflow/dags/fintech_dag.py                           1           0  1.17s           2024-12-20T19:02:48                      12
================================================================================
[2024-12-20T19:03:48.379+0000] {manager.py:997} INFO - 
================================================================================
DAG File Processing Stats

File Path                         PID    Runtime      # DAGs    # Errors  Last Runtime    Last Run               Last # of DB Queries
--------------------------------  -----  ---------  --------  ----------  --------------  -------------------  ----------------------
/opt/airflow/dags/fintech_dag.py                           1           0  1.34s           2024-12-20T19:03:20                      12
================================================================================
[2024-12-20T19:04:18.902+0000] {manager.py:997} INFO - 
================================================================================
DAG File Processing Stats

File Path                         PID    Runtime      # DAGs    # Errors  Last Runtime    Last Run               Last # of DB Queries
--------------------------------  -----  ---------  --------  ----------  --------------  -------------------  ----------------------
/opt/airflow/dags/fintech_dag.py                           1           0  1.37s           2024-12-20T19:03:52                      12
================================================================================
[2024-12-20T19:04:49.473+0000] {manager.py:997} INFO - 
================================================================================
DAG File Processing Stats

File Path                         PID    Runtime      # DAGs    # Errors  Last Runtime    Last Run               Last # of DB Queries
--------------------------------  -----  ---------  --------  ----------  --------------  -------------------  ----------------------
/opt/airflow/dags/fintech_dag.py                           1           0  1.32s           2024-12-20T19:04:23                      12
================================================================================
[2024-12-20T19:05:18.981+0000] {manager.py:821} INFO - Searching for files in /opt/airflow/dags
[2024-12-20T19:05:19.020+0000] {manager.py:824} INFO - There are 1 files in /opt/airflow/dags
[2024-12-20T19:05:20.037+0000] {manager.py:997} INFO - 
================================================================================
DAG File Processing Stats

File Path                         PID    Runtime      # DAGs    # Errors  Last Runtime    Last Run               Last # of DB Queries
--------------------------------  -----  ---------  --------  ----------  --------------  -------------------  ----------------------
/opt/airflow/dags/fintech_dag.py                           1           0  1.25s           2024-12-20T19:04:55                      12
================================================================================
[2024-12-20T19:05:50.422+0000] {manager.py:997} INFO - 
================================================================================
DAG File Processing Stats

File Path                         PID    Runtime      # DAGs    # Errors  Last Runtime    Last Run               Last # of DB Queries
--------------------------------  -----  ---------  --------  ----------  --------------  -------------------  ----------------------
/opt/airflow/dags/fintech_dag.py                           1           0  1.21s           2024-12-20T19:05:26                      12
================================================================================
[2024-12-20T19:06:20.644+0000] {manager.py:997} INFO - 
================================================================================
DAG File Processing Stats

File Path                         PID    Runtime      # DAGs    # Errors  Last Runtime    Last Run               Last # of DB Queries
--------------------------------  -----  ---------  --------  ----------  --------------  -------------------  ----------------------
/opt/airflow/dags/fintech_dag.py                           1           0  1.27s           2024-12-20T19:05:57                      12
================================================================================
[2024-12-20T19:06:51.103+0000] {manager.py:997} INFO - 
================================================================================
DAG File Processing Stats

File Path                         PID    Runtime      # DAGs    # Errors  Last Runtime    Last Run               Last # of DB Queries
--------------------------------  -----  ---------  --------  ----------  --------------  -------------------  ----------------------
/opt/airflow/dags/fintech_dag.py                           1           0  1.35s           2024-12-20T19:06:29                      12
================================================================================
[2024-12-20T19:07:21.655+0000] {manager.py:997} INFO - 
================================================================================
DAG File Processing Stats

File Path                         PID    Runtime      # DAGs    # Errors  Last Runtime    Last Run               Last # of DB Queries
--------------------------------  -----  ---------  --------  ----------  --------------  -------------------  ----------------------
/opt/airflow/dags/fintech_dag.py                           1           0  1.39s           2024-12-20T19:07:00                      12
================================================================================
[2024-12-20T19:07:52.253+0000] {manager.py:997} INFO - 
================================================================================
DAG File Processing Stats

File Path                         PID    Runtime      # DAGs    # Errors  Last Runtime    Last Run               Last # of DB Queries
--------------------------------  -----  ---------  --------  ----------  --------------  -------------------  ----------------------
/opt/airflow/dags/fintech_dag.py                           1           0  1.20s           2024-12-20T19:07:32                      12
================================================================================
[2024-12-20T19:08:22.625+0000] {manager.py:997} INFO - 
================================================================================
DAG File Processing Stats

File Path                         PID    Runtime      # DAGs    # Errors  Last Runtime    Last Run               Last # of DB Queries
--------------------------------  -----  ---------  --------  ----------  --------------  -------------------  ----------------------
/opt/airflow/dags/fintech_dag.py                           1           0  1.31s           2024-12-20T19:08:03                      12
================================================================================
[2024-12-20T19:08:52.956+0000] {manager.py:997} INFO - 
================================================================================
DAG File Processing Stats

File Path                         PID    Runtime      # DAGs    # Errors  Last Runtime    Last Run               Last # of DB Queries
--------------------------------  -----  ---------  --------  ----------  --------------  -------------------  ----------------------
/opt/airflow/dags/fintech_dag.py                           1           0  1.21s           2024-12-20T19:08:34                      12
================================================================================
[2024-12-20T19:09:23.229+0000] {manager.py:997} INFO - 
================================================================================
DAG File Processing Stats

File Path                         PID    Runtime      # DAGs    # Errors  Last Runtime    Last Run               Last # of DB Queries
--------------------------------  -----  ---------  --------  ----------  --------------  -------------------  ----------------------
/opt/airflow/dags/fintech_dag.py                           1           0  1.31s           2024-12-20T19:09:06                      12
================================================================================
[2024-12-20T19:09:53.707+0000] {manager.py:997} INFO - 
================================================================================
DAG File Processing Stats

File Path                         PID    Runtime      # DAGs    # Errors  Last Runtime    Last Run               Last # of DB Queries
--------------------------------  -----  ---------  --------  ----------  --------------  -------------------  ----------------------
/opt/airflow/dags/fintech_dag.py                           1           0  1.19s           2024-12-20T19:09:37                      12
================================================================================
[2024-12-20T19:10:19.051+0000] {manager.py:821} INFO - Searching for files in /opt/airflow/dags
[2024-12-20T19:10:19.183+0000] {manager.py:824} INFO - There are 1 files in /opt/airflow/dags
[2024-12-20T19:10:24.227+0000] {manager.py:997} INFO - 
================================================================================
DAG File Processing Stats

File Path                         PID    Runtime      # DAGs    # Errors  Last Runtime    Last Run               Last # of DB Queries
--------------------------------  -----  ---------  --------  ----------  --------------  -------------------  ----------------------
/opt/airflow/dags/fintech_dag.py                           1           0  1.19s           2024-12-20T19:10:08                      12
================================================================================
[2024-12-20T19:10:54.447+0000] {manager.py:997} INFO - 
================================================================================
DAG File Processing Stats

File Path                         PID    Runtime      # DAGs    # Errors  Last Runtime    Last Run               Last # of DB Queries
--------------------------------  -----  ---------  --------  ----------  --------------  -------------------  ----------------------
/opt/airflow/dags/fintech_dag.py                           1           0  1.30s           2024-12-20T19:10:40                      12
================================================================================
[2024-12-20T19:11:25.021+0000] {manager.py:997} INFO - 
================================================================================
DAG File Processing Stats

File Path                         PID    Runtime      # DAGs    # Errors  Last Runtime    Last Run               Last # of DB Queries
--------------------------------  -----  ---------  --------  ----------  --------------  -------------------  ----------------------
/opt/airflow/dags/fintech_dag.py                           1           0  1.20s           2024-12-20T19:11:12                      12
================================================================================
[2024-12-20T19:11:55.399+0000] {manager.py:997} INFO - 
================================================================================
DAG File Processing Stats

File Path                         PID    Runtime      # DAGs    # Errors  Last Runtime    Last Run               Last # of DB Queries
--------------------------------  -----  ---------  --------  ----------  --------------  -------------------  ----------------------
/opt/airflow/dags/fintech_dag.py                           1           0  1.24s           2024-12-20T19:11:43                      12
================================================================================
[2024-12-20T19:12:25.656+0000] {manager.py:997} INFO - 
================================================================================
DAG File Processing Stats

File Path                         PID    Runtime      # DAGs    # Errors  Last Runtime    Last Run               Last # of DB Queries
--------------------------------  -----  ---------  --------  ----------  --------------  -------------------  ----------------------
/opt/airflow/dags/fintech_dag.py                           1           0  1.20s           2024-12-20T19:12:14                      12
================================================================================
[2024-12-20T19:12:55.997+0000] {manager.py:997} INFO - 
================================================================================
DAG File Processing Stats

File Path                         PID    Runtime      # DAGs    # Errors  Last Runtime    Last Run               Last # of DB Queries
--------------------------------  -----  ---------  --------  ----------  --------------  -------------------  ----------------------
/opt/airflow/dags/fintech_dag.py                           1           0  1.23s           2024-12-20T19:12:46                      12
================================================================================
[2024-12-20T19:13:26.280+0000] {manager.py:997} INFO - 
================================================================================
DAG File Processing Stats

File Path                         PID    Runtime      # DAGs    # Errors  Last Runtime    Last Run               Last # of DB Queries
--------------------------------  -----  ---------  --------  ----------  --------------  -------------------  ----------------------
/opt/airflow/dags/fintech_dag.py                           1           0  1.21s           2024-12-20T19:13:17                      12
================================================================================
[2024-12-20T19:13:56.600+0000] {manager.py:997} INFO - 
================================================================================
DAG File Processing Stats

File Path                         PID    Runtime      # DAGs    # Errors  Last Runtime    Last Run               Last # of DB Queries
--------------------------------  -----  ---------  --------  ----------  --------------  -------------------  ----------------------
/opt/airflow/dags/fintech_dag.py                           1           0  1.21s           2024-12-20T19:13:48                      12
================================================================================
[2024-12-20T19:14:26.883+0000] {manager.py:997} INFO - 
================================================================================
DAG File Processing Stats

File Path                         PID    Runtime      # DAGs    # Errors  Last Runtime    Last Run               Last # of DB Queries
--------------------------------  -----  ---------  --------  ----------  --------------  -------------------  ----------------------
/opt/airflow/dags/fintech_dag.py                           1           0  1.35s           2024-12-20T19:14:20                      12
================================================================================
[2024-12-20T19:14:57.362+0000] {manager.py:997} INFO - 
================================================================================
DAG File Processing Stats

File Path                         PID    Runtime      # DAGs    # Errors  Last Runtime    Last Run               Last # of DB Queries
--------------------------------  -----  ---------  --------  ----------  --------------  -------------------  ----------------------
/opt/airflow/dags/fintech_dag.py                           1           0  1.34s           2024-12-20T19:14:51                      12
================================================================================
[2024-12-20T19:15:19.512+0000] {manager.py:821} INFO - Searching for files in /opt/airflow/dags
[2024-12-20T19:15:19.559+0000] {manager.py:824} INFO - There are 1 files in /opt/airflow/dags
[2024-12-20T19:15:27.893+0000] {manager.py:997} INFO - 
================================================================================
DAG File Processing Stats

File Path                         PID    Runtime      # DAGs    # Errors  Last Runtime    Last Run               Last # of DB Queries
--------------------------------  -----  ---------  --------  ----------  --------------  -------------------  ----------------------
/opt/airflow/dags/fintech_dag.py                           1           0  1.23s           2024-12-20T19:15:23                      12
================================================================================
[2024-12-20T19:15:58.311+0000] {manager.py:997} INFO - 
================================================================================
DAG File Processing Stats

File Path                         PID    Runtime      # DAGs    # Errors  Last Runtime    Last Run               Last # of DB Queries
--------------------------------  -----  ---------  --------  ----------  --------------  -------------------  ----------------------
/opt/airflow/dags/fintech_dag.py                           1           0  1.20s           2024-12-20T19:15:54                      12
================================================================================
[2024-12-20T19:47:16.601+0000] {manager.py:821} INFO - Searching for files in /opt/airflow/dags
[2024-12-20T19:47:16.744+0000] {manager.py:824} INFO - There are 1 files in /opt/airflow/dags
[2024-12-20T19:47:17.823+0000] {manager.py:997} INFO - 
================================================================================
DAG File Processing Stats

File Path                           PID  Runtime      # DAGs    # Errors  Last Runtime    Last Run               Last # of DB Queries
--------------------------------  -----  ---------  --------  ----------  --------------  -------------------  ----------------------
/opt/airflow/dags/fintech_dag.py   2362  1.02s             1           0  1.67s           2024-12-20T19:16:26                      12
================================================================================
[2024-12-20T19:47:43.444+0000] {manager.py:465} INFO - Exiting gracefully upon receiving signal 15
[2024-12-21T17:12:25.267+0000] {manager.py:483} INFO - Processing files using up to 2 processes at a time 
[2024-12-21T17:12:25.324+0000] {manager.py:484} INFO - Process each file at most once every 30 seconds
[2024-12-21T17:12:25.325+0000] {manager.py:485} INFO - Checking for new files in /opt/airflow/dags every 300 seconds
[2024-12-21T17:12:25.327+0000] {manager.py:821} INFO - Searching for files in /opt/airflow/dags
[2024-12-21T17:12:26.693+0000] {manager.py:824} INFO - There are 1 files in /opt/airflow/dags
[2024-12-21T17:12:29.266+0000] {manager.py:997} INFO - 
================================================================================
DAG File Processing Stats

File Path                           PID  Runtime      # DAGs    # Errors  Last Runtime    Last Run      Last # of DB Queries
--------------------------------  -----  ---------  --------  ----------  --------------  ----------  ----------------------
/opt/airflow/dags/fintech_dag.py     81  1.00s             0           0                                                   0
================================================================================
[2024-12-21T17:12:59.924+0000] {manager.py:997} INFO - 
================================================================================
DAG File Processing Stats

File Path                         PID    Runtime      # DAGs    # Errors  Last Runtime    Last Run               Last # of DB Queries
--------------------------------  -----  ---------  --------  ----------  --------------  -------------------  ----------------------
/opt/airflow/dags/fintech_dag.py                           1           0  9.28s           2024-12-21T17:12:59                      24
================================================================================
[2024-12-21T17:13:30.746+0000] {manager.py:997} INFO - 
================================================================================
DAG File Processing Stats

File Path                           PID  Runtime      # DAGs    # Errors  Last Runtime    Last Run               Last # of DB Queries
--------------------------------  -----  ---------  --------  ----------  --------------  -------------------  ----------------------
/opt/airflow/dags/fintech_dag.py    119  1.03s             1           0  9.28s           2024-12-21T17:12:59                      24
================================================================================
[2024-12-21T17:14:01.125+0000] {manager.py:997} INFO - 
================================================================================
DAG File Processing Stats

File Path                         PID    Runtime      # DAGs    # Errors  Last Runtime    Last Run               Last # of DB Queries
--------------------------------  -----  ---------  --------  ----------  --------------  -------------------  ----------------------
/opt/airflow/dags/fintech_dag.py                           1           0  8.99s           2024-12-21T17:13:38                      12
================================================================================
[2024-12-21T17:14:31.870+0000] {manager.py:997} INFO - 
================================================================================
DAG File Processing Stats

File Path                         PID    Runtime      # DAGs    # Errors  Last Runtime    Last Run               Last # of DB Queries
--------------------------------  -----  ---------  --------  ----------  --------------  -------------------  ----------------------
/opt/airflow/dags/fintech_dag.py                           1           0  5.52s           2024-12-21T17:14:14                      12
================================================================================
[2024-12-21T17:15:02.221+0000] {manager.py:997} INFO - 
================================================================================
DAG File Processing Stats

File Path                         PID    Runtime      # DAGs    # Errors  Last Runtime    Last Run               Last # of DB Queries
--------------------------------  -----  ---------  --------  ----------  --------------  -------------------  ----------------------
/opt/airflow/dags/fintech_dag.py                           1           0  3.86s           2024-12-21T17:14:49                      12
================================================================================
[2024-12-21T17:15:32.427+0000] {manager.py:997} INFO - 
================================================================================
DAG File Processing Stats

File Path                         PID    Runtime      # DAGs    # Errors  Last Runtime    Last Run               Last # of DB Queries
--------------------------------  -----  ---------  --------  ----------  --------------  -------------------  ----------------------
/opt/airflow/dags/fintech_dag.py                           1           0  5.82s           2024-12-21T17:15:25                      12
================================================================================
[2024-12-21T17:16:02.745+0000] {manager.py:997} INFO - 
================================================================================
DAG File Processing Stats

File Path                           PID  Runtime      # DAGs    # Errors  Last Runtime    Last Run               Last # of DB Queries
--------------------------------  -----  ---------  --------  ----------  --------------  -------------------  ----------------------
/opt/airflow/dags/fintech_dag.py    201  6.16s             1           0  5.82s           2024-12-21T17:15:25                      12
================================================================================
[2024-12-21T17:16:33.386+0000] {manager.py:997} INFO - 
================================================================================
DAG File Processing Stats

File Path                         PID    Runtime      # DAGs    # Errors  Last Runtime    Last Run               Last # of DB Queries
--------------------------------  -----  ---------  --------  ----------  --------------  -------------------  ----------------------
/opt/airflow/dags/fintech_dag.py                           1           0  14.53s          2024-12-21T17:16:11                      12
================================================================================
[2024-12-21T17:17:03.402+0000] {manager.py:997} INFO - 
================================================================================
DAG File Processing Stats

File Path                         PID    Runtime      # DAGs    # Errors  Last Runtime    Last Run               Last # of DB Queries
--------------------------------  -----  ---------  --------  ----------  --------------  -------------------  ----------------------
/opt/airflow/dags/fintech_dag.py                           1           0  10.50s          2024-12-21T17:16:52                      12
================================================================================
[2024-12-21T17:17:25.992+0000] {manager.py:821} INFO - Searching for files in /opt/airflow/dags
[2024-12-21T17:17:26.556+0000] {manager.py:824} INFO - There are 1 files in /opt/airflow/dags
[2024-12-21T17:17:33.805+0000] {manager.py:997} INFO - 
================================================================================
DAG File Processing Stats

File Path                           PID  Runtime      # DAGs    # Errors  Last Runtime    Last Run               Last # of DB Queries
--------------------------------  -----  ---------  --------  ----------  --------------  -------------------  ----------------------
/opt/airflow/dags/fintech_dag.py    245  9.92s             1           0  10.50s          2024-12-21T17:16:52                      12
================================================================================
[2024-12-21T17:18:04.080+0000] {manager.py:997} INFO - 
================================================================================
DAG File Processing Stats

File Path                         PID    Runtime      # DAGs    # Errors  Last Runtime    Last Run               Last # of DB Queries
--------------------------------  -----  ---------  --------  ----------  --------------  -------------------  ----------------------
/opt/airflow/dags/fintech_dag.py                           1           0  11.66s          2024-12-21T17:17:35                      12
================================================================================
[2024-12-21T17:18:35.077+0000] {manager.py:997} INFO - 
================================================================================
DAG File Processing Stats

File Path                         PID    Runtime      # DAGs    # Errors  Last Runtime    Last Run               Last # of DB Queries
--------------------------------  -----  ---------  --------  ----------  --------------  -------------------  ----------------------
/opt/airflow/dags/fintech_dag.py                           1           0  13.55s          2024-12-21T17:18:19                      12
================================================================================
[2024-12-21T17:19:05.171+0000] {manager.py:997} INFO - 
================================================================================
DAG File Processing Stats

File Path                           PID  Runtime      # DAGs    # Errors  Last Runtime    Last Run               Last # of DB Queries
--------------------------------  -----  ---------  --------  ----------  --------------  -------------------  ----------------------
/opt/airflow/dags/fintech_dag.py    289  15.30s            1           0  13.55s          2024-12-21T17:18:19                      12
================================================================================
[2024-12-21T17:19:33.388+0000] {manager.py:465} INFO - Exiting gracefully upon receiving signal 15
[2024-12-21T17:24:28.880+0000] {manager.py:483} INFO - Processing files using up to 2 processes at a time 
[2024-12-21T17:24:28.894+0000] {manager.py:484} INFO - Process each file at most once every 30 seconds
[2024-12-21T17:24:28.896+0000] {manager.py:485} INFO - Checking for new files in /opt/airflow/dags every 300 seconds
[2024-12-21T17:24:28.897+0000] {manager.py:821} INFO - Searching for files in /opt/airflow/dags
[2024-12-21T17:24:29.123+0000] {manager.py:824} INFO - There are 1 files in /opt/airflow/dags
[2024-12-21T17:24:29.261+0000] {manager.py:997} INFO - 
================================================================================
DAG File Processing Stats

File Path                           PID  Runtime      # DAGs    # Errors  Last Runtime    Last Run      Last # of DB Queries
--------------------------------  -----  ---------  --------  ----------  --------------  ----------  ----------------------
/opt/airflow/dags/fintech_dag.py     74  0.03s             0           0                                                   0
================================================================================
[2024-12-21T17:24:59.317+0000] {manager.py:997} INFO - 
================================================================================
DAG File Processing Stats

File Path                           PID  Runtime      # DAGs    # Errors  Last Runtime    Last Run               Last # of DB Queries
--------------------------------  -----  ---------  --------  ----------  --------------  -------------------  ----------------------
/opt/airflow/dags/fintech_dag.py     93  0.01s             1           0  2.80s           2024-12-21T17:24:32                      34
================================================================================
[2024-12-21T17:25:29.982+0000] {manager.py:997} INFO - 
================================================================================
DAG File Processing Stats

File Path                         PID    Runtime      # DAGs    # Errors  Last Runtime    Last Run               Last # of DB Queries
--------------------------------  -----  ---------  --------  ----------  --------------  -------------------  ----------------------
/opt/airflow/dags/fintech_dag.py                           1           0  2.36s           2024-12-21T17:25:01                      17
================================================================================
[2024-12-21T17:26:00.511+0000] {manager.py:997} INFO - 
================================================================================
DAG File Processing Stats

File Path                         PID    Runtime      # DAGs    # Errors  Last Runtime    Last Run               Last # of DB Queries
--------------------------------  -----  ---------  --------  ----------  --------------  -------------------  ----------------------
/opt/airflow/dags/fintech_dag.py                           1           0  2.22s           2024-12-21T17:25:34                      12
================================================================================
[2024-12-21T17:26:31.068+0000] {manager.py:997} INFO - 
================================================================================
DAG File Processing Stats

File Path                         PID    Runtime      # DAGs    # Errors  Last Runtime    Last Run               Last # of DB Queries
--------------------------------  -----  ---------  --------  ----------  --------------  -------------------  ----------------------
/opt/airflow/dags/fintech_dag.py                           1           0  2.45s           2024-12-21T17:26:07                      12
================================================================================
[2024-12-21T17:27:01.272+0000] {manager.py:997} INFO - 
================================================================================
DAG File Processing Stats

File Path                         PID    Runtime      # DAGs    # Errors  Last Runtime    Last Run               Last # of DB Queries
--------------------------------  -----  ---------  --------  ----------  --------------  -------------------  ----------------------
/opt/airflow/dags/fintech_dag.py                           1           0  1.79s           2024-12-21T17:26:38                      12
================================================================================
[2024-12-21T17:27:22.160+0000] {manager.py:465} INFO - Exiting gracefully upon receiving signal 15
[2024-12-21T17:28:52.595+0000] {manager.py:483} INFO - Processing files using up to 2 processes at a time 
[2024-12-21T17:28:52.596+0000] {manager.py:484} INFO - Process each file at most once every 30 seconds
[2024-12-21T17:28:52.598+0000] {manager.py:485} INFO - Checking for new files in /opt/airflow/dags every 300 seconds
[2024-12-21T17:28:52.599+0000] {manager.py:821} INFO - Searching for files in /opt/airflow/dags
[2024-12-21T17:28:52.721+0000] {manager.py:824} INFO - There are 1 files in /opt/airflow/dags
[2024-12-21T17:28:52.940+0000] {manager.py:997} INFO - 
================================================================================
DAG File Processing Stats

File Path                           PID  Runtime      # DAGs    # Errors  Last Runtime    Last Run      Last # of DB Queries
--------------------------------  -----  ---------  --------  ----------  --------------  ----------  ----------------------
/opt/airflow/dags/fintech_dag.py     74  0.05s             0           0                                                   0
================================================================================
[2024-12-21T17:29:23.154+0000] {manager.py:997} INFO - 
================================================================================
DAG File Processing Stats

File Path                         PID    Runtime      # DAGs    # Errors  Last Runtime    Last Run               Last # of DB Queries
--------------------------------  -----  ---------  --------  ----------  --------------  -------------------  ----------------------
/opt/airflow/dags/fintech_dag.py                           1           0  6.01s           2024-12-21T17:28:58                      12
================================================================================
[2024-12-21T17:29:53.619+0000] {manager.py:997} INFO - 
================================================================================
DAG File Processing Stats

File Path                         PID    Runtime      # DAGs    # Errors  Last Runtime    Last Run               Last # of DB Queries
--------------------------------  -----  ---------  --------  ----------  --------------  -------------------  ----------------------
/opt/airflow/dags/fintech_dag.py                           1           0  3.38s           2024-12-21T17:29:32                      12
================================================================================
[2024-12-21T17:30:23.938+0000] {manager.py:997} INFO - 
================================================================================
DAG File Processing Stats

File Path                         PID    Runtime      # DAGs    # Errors  Last Runtime    Last Run               Last # of DB Queries
--------------------------------  -----  ---------  --------  ----------  --------------  -------------------  ----------------------
/opt/airflow/dags/fintech_dag.py                           1           0  2.86s           2024-12-21T17:30:05                      12
================================================================================
[2024-12-21T17:30:54.152+0000] {manager.py:997} INFO - 
================================================================================
DAG File Processing Stats

File Path                         PID    Runtime      # DAGs    # Errors  Last Runtime    Last Run               Last # of DB Queries
--------------------------------  -----  ---------  --------  ----------  --------------  -------------------  ----------------------
/opt/airflow/dags/fintech_dag.py                           1           0  2.73s           2024-12-21T17:30:38                      12
================================================================================
[2024-12-21T17:31:24.604+0000] {manager.py:997} INFO - 
================================================================================
DAG File Processing Stats

File Path                         PID    Runtime      # DAGs    # Errors  Last Runtime    Last Run               Last # of DB Queries
--------------------------------  -----  ---------  --------  ----------  --------------  -------------------  ----------------------
/opt/airflow/dags/fintech_dag.py                           1           0  2.55s           2024-12-21T17:31:11                      12
================================================================================
[2024-12-21T17:31:55.303+0000] {manager.py:997} INFO - 
================================================================================
DAG File Processing Stats

File Path                         PID    Runtime      # DAGs    # Errors  Last Runtime    Last Run               Last # of DB Queries
--------------------------------  -----  ---------  --------  ----------  --------------  -------------------  ----------------------
/opt/airflow/dags/fintech_dag.py                           1           0  2.47s           2024-12-21T17:31:44                      12
================================================================================
[2024-12-21T17:32:25.704+0000] {manager.py:997} INFO - 
================================================================================
DAG File Processing Stats

File Path                         PID    Runtime      # DAGs    # Errors  Last Runtime    Last Run               Last # of DB Queries
--------------------------------  -----  ---------  --------  ----------  --------------  -------------------  ----------------------
/opt/airflow/dags/fintech_dag.py                           1           0  2.24s           2024-12-21T17:32:16                      12
================================================================================
[2024-12-21T17:32:56.071+0000] {manager.py:997} INFO - 
================================================================================
DAG File Processing Stats

File Path                         PID    Runtime      # DAGs    # Errors  Last Runtime    Last Run               Last # of DB Queries
--------------------------------  -----  ---------  --------  ----------  --------------  -------------------  ----------------------
/opt/airflow/dags/fintech_dag.py                           1           0  3.01s           2024-12-21T17:32:50                      12
================================================================================
[2024-12-21T17:33:13.451+0000] {manager.py:465} INFO - Exiting gracefully upon receiving signal 15
[2024-12-21T17:34:36.207+0000] {manager.py:483} INFO - Processing files using up to 2 processes at a time 
[2024-12-21T17:34:36.208+0000] {manager.py:484} INFO - Process each file at most once every 30 seconds
[2024-12-21T17:34:36.209+0000] {manager.py:485} INFO - Checking for new files in /opt/airflow/dags every 300 seconds
[2024-12-21T17:34:36.209+0000] {manager.py:821} INFO - Searching for files in /opt/airflow/dags
[2024-12-21T17:34:36.274+0000] {manager.py:824} INFO - There are 1 files in /opt/airflow/dags
[2024-12-21T17:34:36.386+0000] {manager.py:997} INFO - 
================================================================================
DAG File Processing Stats

File Path                           PID  Runtime      # DAGs    # Errors  Last Runtime    Last Run      Last # of DB Queries
--------------------------------  -----  ---------  --------  ----------  --------------  ----------  ----------------------
/opt/airflow/dags/fintech_dag.py     68  0.03s             0           0                                                   0
================================================================================
[2024-12-21T17:35:06.583+0000] {manager.py:997} INFO - 
================================================================================
DAG File Processing Stats

File Path                         PID    Runtime      # DAGs    # Errors  Last Runtime    Last Run               Last # of DB Queries
--------------------------------  -----  ---------  --------  ----------  --------------  -------------------  ----------------------
/opt/airflow/dags/fintech_dag.py                           1           0  3.95s           2024-12-21T17:34:40                      12
================================================================================
[2024-12-21T17:35:36.667+0000] {manager.py:997} INFO - 
================================================================================
DAG File Processing Stats

File Path                         PID    Runtime      # DAGs    # Errors  Last Runtime    Last Run               Last # of DB Queries
--------------------------------  -----  ---------  --------  ----------  --------------  -------------------  ----------------------
/opt/airflow/dags/fintech_dag.py                           1           0  2.72s           2024-12-21T17:35:13                      12
================================================================================
[2024-12-21T17:36:07.051+0000] {manager.py:997} INFO - 
================================================================================
DAG File Processing Stats

File Path                         PID    Runtime      # DAGs    # Errors  Last Runtime    Last Run               Last # of DB Queries
--------------------------------  -----  ---------  --------  ----------  --------------  -------------------  ----------------------
/opt/airflow/dags/fintech_dag.py                           1           0  2.09s           2024-12-21T17:35:45                      12
================================================================================
[2024-12-21T17:36:37.478+0000] {manager.py:997} INFO - 
================================================================================
DAG File Processing Stats

File Path                         PID    Runtime      # DAGs    # Errors  Last Runtime    Last Run               Last # of DB Queries
--------------------------------  -----  ---------  --------  ----------  --------------  -------------------  ----------------------
/opt/airflow/dags/fintech_dag.py                           1           0  2.91s           2024-12-21T17:36:19                      12
================================================================================
[2024-12-21T17:37:08.023+0000] {manager.py:997} INFO - 
================================================================================
DAG File Processing Stats

File Path                         PID    Runtime      # DAGs    # Errors  Last Runtime    Last Run               Last # of DB Queries
--------------------------------  -----  ---------  --------  ----------  --------------  -------------------  ----------------------
/opt/airflow/dags/fintech_dag.py                           1           0  4.15s           2024-12-21T17:36:53                      12
================================================================================
[2024-12-21T17:37:38.542+0000] {manager.py:997} INFO - 
================================================================================
DAG File Processing Stats

File Path                         PID    Runtime      # DAGs    # Errors  Last Runtime    Last Run               Last # of DB Queries
--------------------------------  -----  ---------  --------  ----------  --------------  -------------------  ----------------------
/opt/airflow/dags/fintech_dag.py                           1           0  3.44s           2024-12-21T17:37:27                      12
================================================================================
[2024-12-21T17:38:09.048+0000] {manager.py:997} INFO - 
================================================================================
DAG File Processing Stats

File Path                         PID    Runtime      # DAGs    # Errors  Last Runtime    Last Run               Last # of DB Queries
--------------------------------  -----  ---------  --------  ----------  --------------  -------------------  ----------------------
/opt/airflow/dags/fintech_dag.py                           1           0  4.23s           2024-12-21T17:38:02                      12
================================================================================
[2024-12-21T17:38:39.204+0000] {manager.py:997} INFO - 
================================================================================
DAG File Processing Stats

File Path                         PID    Runtime      # DAGs    # Errors  Last Runtime    Last Run               Last # of DB Queries
--------------------------------  -----  ---------  --------  ----------  --------------  -------------------  ----------------------
/opt/airflow/dags/fintech_dag.py                           1           0  3.65s           2024-12-21T17:38:36                      12
================================================================================
[2024-12-21T17:39:09.621+0000] {manager.py:997} INFO - 
================================================================================
DAG File Processing Stats

File Path                           PID  Runtime      # DAGs    # Errors  Last Runtime    Last Run               Last # of DB Queries
--------------------------------  -----  ---------  --------  ----------  --------------  -------------------  ----------------------
/opt/airflow/dags/fintech_dag.py    227  3.05s             1           0  3.65s           2024-12-21T17:38:36                      12
================================================================================
[2024-12-21T17:39:26.015+0000] {manager.py:465} INFO - Exiting gracefully upon receiving signal 15
[2024-12-21T17:40:52.440+0000] {manager.py:483} INFO - Processing files using up to 2 processes at a time 
[2024-12-21T17:40:52.442+0000] {manager.py:484} INFO - Process each file at most once every 30 seconds
[2024-12-21T17:40:52.443+0000] {manager.py:485} INFO - Checking for new files in /opt/airflow/dags every 300 seconds
[2024-12-21T17:40:52.444+0000] {manager.py:821} INFO - Searching for files in /opt/airflow/dags
[2024-12-21T17:40:52.530+0000] {manager.py:824} INFO - There are 1 files in /opt/airflow/dags
[2024-12-21T17:40:52.677+0000] {manager.py:997} INFO - 
================================================================================
DAG File Processing Stats

File Path                           PID  Runtime      # DAGs    # Errors  Last Runtime    Last Run      Last # of DB Queries
--------------------------------  -----  ---------  --------  ----------  --------------  ----------  ----------------------
/opt/airflow/dags/fintech_dag.py     75  0.03s             0           0                                                   0
================================================================================
[2024-12-21T17:41:22.907+0000] {manager.py:997} INFO - 
================================================================================
DAG File Processing Stats

File Path                         PID    Runtime      # DAGs    # Errors  Last Runtime    Last Run               Last # of DB Queries
--------------------------------  -----  ---------  --------  ----------  --------------  -------------------  ----------------------
/opt/airflow/dags/fintech_dag.py                           1           0  3.98s           2024-12-21T17:40:56                      33
================================================================================
[2024-12-21T17:41:53.321+0000] {manager.py:997} INFO - 
================================================================================
DAG File Processing Stats

File Path                         PID    Runtime      # DAGs    # Errors  Last Runtime    Last Run               Last # of DB Queries
--------------------------------  -----  ---------  --------  ----------  --------------  -------------------  ----------------------
/opt/airflow/dags/fintech_dag.py                           1           0  2.06s           2024-12-21T17:41:29                      12
================================================================================
[2024-12-21T17:42:23.732+0000] {manager.py:997} INFO - 
================================================================================
DAG File Processing Stats

File Path                         PID    Runtime      # DAGs    # Errors  Last Runtime    Last Run               Last # of DB Queries
--------------------------------  -----  ---------  --------  ----------  --------------  -------------------  ----------------------
/opt/airflow/dags/fintech_dag.py                           1           0  2.01s           2024-12-21T17:42:01                      12
================================================================================
[2024-12-21T17:42:54.156+0000] {manager.py:997} INFO - 
================================================================================
DAG File Processing Stats

File Path                         PID    Runtime      # DAGs    # Errors  Last Runtime    Last Run               Last # of DB Queries
--------------------------------  -----  ---------  --------  ----------  --------------  -------------------  ----------------------
/opt/airflow/dags/fintech_dag.py                           1           0  2.41s           2024-12-21T17:42:34                      12
================================================================================
[2024-12-21T17:43:25.030+0000] {manager.py:997} INFO - 
================================================================================
DAG File Processing Stats

File Path                         PID    Runtime      # DAGs    # Errors  Last Runtime    Last Run               Last # of DB Queries
--------------------------------  -----  ---------  --------  ----------  --------------  -------------------  ----------------------
/opt/airflow/dags/fintech_dag.py                           1           0  2.53s           2024-12-21T17:43:06                      12
================================================================================
[2024-12-21T17:43:55.129+0000] {manager.py:997} INFO - 
================================================================================
DAG File Processing Stats

File Path                         PID    Runtime      # DAGs    # Errors  Last Runtime    Last Run               Last # of DB Queries
--------------------------------  -----  ---------  --------  ----------  --------------  -------------------  ----------------------
/opt/airflow/dags/fintech_dag.py                           1           0  2.67s           2024-12-21T17:43:39                      12
================================================================================
[2024-12-21T17:44:25.551+0000] {manager.py:997} INFO - 
================================================================================
DAG File Processing Stats

File Path                         PID    Runtime      # DAGs    # Errors  Last Runtime    Last Run               Last # of DB Queries
--------------------------------  -----  ---------  --------  ----------  --------------  -------------------  ----------------------
/opt/airflow/dags/fintech_dag.py                           1           0  2.39s           2024-12-21T17:44:12                      12
================================================================================
[2024-12-21T17:44:55.894+0000] {manager.py:997} INFO - 
================================================================================
DAG File Processing Stats

File Path                         PID    Runtime      # DAGs    # Errors  Last Runtime    Last Run               Last # of DB Queries
--------------------------------  -----  ---------  --------  ----------  --------------  -------------------  ----------------------
/opt/airflow/dags/fintech_dag.py                           1           0  3.88s           2024-12-21T17:44:46                      12
================================================================================
[2024-12-21T17:45:26.446+0000] {manager.py:997} INFO - 
================================================================================
DAG File Processing Stats

File Path                         PID    Runtime      # DAGs    # Errors  Last Runtime    Last Run               Last # of DB Queries
--------------------------------  -----  ---------  --------  ----------  --------------  -------------------  ----------------------
/opt/airflow/dags/fintech_dag.py                           1           0  4.21s           2024-12-21T17:45:21                      12
================================================================================
[2024-12-21T17:45:50.613+0000] {manager.py:465} INFO - Exiting gracefully upon receiving signal 15
[2024-12-21T18:33:15.965+0000] {manager.py:483} INFO - Processing files using up to 2 processes at a time 
[2024-12-21T18:33:15.966+0000] {manager.py:484} INFO - Process each file at most once every 30 seconds
[2024-12-21T18:33:15.967+0000] {manager.py:485} INFO - Checking for new files in /opt/airflow/dags every 300 seconds
[2024-12-21T18:33:15.967+0000] {manager.py:821} INFO - Searching for files in /opt/airflow/dags
[2024-12-21T18:33:16.032+0000] {manager.py:824} INFO - There are 1 files in /opt/airflow/dags
[2024-12-21T18:33:16.171+0000] {manager.py:997} INFO - 
================================================================================
DAG File Processing Stats

File Path                           PID  Runtime      # DAGs    # Errors  Last Runtime    Last Run      Last # of DB Queries
--------------------------------  -----  ---------  --------  ----------  --------------  ----------  ----------------------
/opt/airflow/dags/fintech_dag.py     73  0.03s             0           0                                                   0
================================================================================
[2024-12-21T18:33:46.393+0000] {manager.py:997} INFO - 
================================================================================
DAG File Processing Stats

File Path                         PID    Runtime      # DAGs    # Errors  Last Runtime    Last Run               Last # of DB Queries
--------------------------------  -----  ---------  --------  ----------  --------------  -------------------  ----------------------
/opt/airflow/dags/fintech_dag.py                           1           0  2.12s           2024-12-21T18:33:28                      19
================================================================================
[2024-12-21T18:34:16.683+0000] {manager.py:997} INFO - 
================================================================================
DAG File Processing Stats

File Path                         PID    Runtime      # DAGs    # Errors  Last Runtime    Last Run               Last # of DB Queries
--------------------------------  -----  ---------  --------  ----------  --------------  -------------------  ----------------------
/opt/airflow/dags/fintech_dag.py                           1           0  1.52s           2024-12-21T18:34:00                      12
================================================================================
[2024-12-21T18:34:47.326+0000] {manager.py:997} INFO - 
================================================================================
DAG File Processing Stats

File Path                         PID    Runtime      # DAGs    # Errors  Last Runtime    Last Run               Last # of DB Queries
--------------------------------  -----  ---------  --------  ----------  --------------  -------------------  ----------------------
/opt/airflow/dags/fintech_dag.py                           1           0  1.30s           2024-12-21T18:34:31                      12
================================================================================
[2024-12-21T18:35:17.825+0000] {manager.py:997} INFO - 
================================================================================
DAG File Processing Stats

File Path                         PID    Runtime      # DAGs    # Errors  Last Runtime    Last Run               Last # of DB Queries
--------------------------------  -----  ---------  --------  ----------  --------------  -------------------  ----------------------
/opt/airflow/dags/fintech_dag.py                           1           0  1.41s           2024-12-21T18:35:08                      12
================================================================================
[2024-12-21T18:35:48.107+0000] {manager.py:997} INFO - 
================================================================================
DAG File Processing Stats

File Path                         PID    Runtime      # DAGs    # Errors  Last Runtime    Last Run               Last # of DB Queries
--------------------------------  -----  ---------  --------  ----------  --------------  -------------------  ----------------------
/opt/airflow/dags/fintech_dag.py                           1           0  1.58s           2024-12-21T18:35:40                      12
================================================================================
[2024-12-21T18:36:18.816+0000] {manager.py:997} INFO - 
================================================================================
DAG File Processing Stats

File Path                         PID    Runtime      # DAGs    # Errors  Last Runtime    Last Run               Last # of DB Queries
--------------------------------  -----  ---------  --------  ----------  --------------  -------------------  ----------------------
/opt/airflow/dags/fintech_dag.py                           1           0  1.21s           2024-12-21T18:36:11                      12
================================================================================
[2024-12-21T18:36:49.214+0000] {manager.py:997} INFO - 
================================================================================
DAG File Processing Stats

File Path                         PID    Runtime      # DAGs    # Errors  Last Runtime    Last Run               Last # of DB Queries
--------------------------------  -----  ---------  --------  ----------  --------------  -------------------  ----------------------
/opt/airflow/dags/fintech_dag.py                           1           0  1.36s           2024-12-21T18:36:43                      12
================================================================================
[2024-12-21T18:37:19.770+0000] {manager.py:997} INFO - 
================================================================================
DAG File Processing Stats

File Path                         PID    Runtime      # DAGs    # Errors  Last Runtime    Last Run               Last # of DB Queries
--------------------------------  -----  ---------  --------  ----------  --------------  -------------------  ----------------------
/opt/airflow/dags/fintech_dag.py                           1           0  1.23s           2024-12-21T18:37:14                      12
================================================================================
[2024-12-21T18:37:50.181+0000] {manager.py:997} INFO - 
================================================================================
DAG File Processing Stats

File Path                         PID    Runtime      # DAGs    # Errors  Last Runtime    Last Run               Last # of DB Queries
--------------------------------  -----  ---------  --------  ----------  --------------  -------------------  ----------------------
/opt/airflow/dags/fintech_dag.py                           1           0  1.35s           2024-12-21T18:37:46                      12
================================================================================
[2024-12-21T18:38:16.348+0000] {manager.py:821} INFO - Searching for files in /opt/airflow/dags
[2024-12-21T18:38:16.384+0000] {manager.py:824} INFO - There are 1 files in /opt/airflow/dags
[2024-12-21T18:38:20.715+0000] {manager.py:997} INFO - 
================================================================================
DAG File Processing Stats

File Path                         PID    Runtime      # DAGs    # Errors  Last Runtime    Last Run               Last # of DB Queries
--------------------------------  -----  ---------  --------  ----------  --------------  -------------------  ----------------------
/opt/airflow/dags/fintech_dag.py                           1           0  1.30s           2024-12-21T18:38:17                      12
================================================================================
[2024-12-21T18:38:51.209+0000] {manager.py:997} INFO - 
================================================================================
DAG File Processing Stats

File Path                         PID    Runtime      # DAGs    # Errors  Last Runtime    Last Run               Last # of DB Queries
--------------------------------  -----  ---------  --------  ----------  --------------  -------------------  ----------------------
/opt/airflow/dags/fintech_dag.py                           1           0  1.13s           2024-12-21T18:38:49                      12
================================================================================
[2024-12-21T18:39:21.518+0000] {manager.py:997} INFO - 
================================================================================
DAG File Processing Stats

File Path                         PID    Runtime      # DAGs    # Errors  Last Runtime    Last Run               Last # of DB Queries
--------------------------------  -----  ---------  --------  ----------  --------------  -------------------  ----------------------
/opt/airflow/dags/fintech_dag.py                           1           0  1.23s           2024-12-21T18:39:20                      12
================================================================================
[2024-12-21T18:39:51.730+0000] {manager.py:997} INFO - 
================================================================================
DAG File Processing Stats

File Path                           PID  Runtime      # DAGs    # Errors  Last Runtime    Last Run               Last # of DB Queries
--------------------------------  -----  ---------  --------  ----------  --------------  -------------------  ----------------------
/opt/airflow/dags/fintech_dag.py    335  1.01s             1           0  1.23s           2024-12-21T18:39:20                      12
================================================================================
[2024-12-21T18:40:22.044+0000] {manager.py:997} INFO - 
================================================================================
DAG File Processing Stats

File Path                           PID  Runtime      # DAGs    # Errors  Last Runtime    Last Run               Last # of DB Queries
--------------------------------  -----  ---------  --------  ----------  --------------  -------------------  ----------------------
/opt/airflow/dags/fintech_dag.py    354  0.00s             1           0  1.17s           2024-12-21T18:39:51                      12
================================================================================
[2024-12-21T18:40:52.264+0000] {manager.py:997} INFO - 
================================================================================
DAG File Processing Stats

File Path                         PID    Runtime      # DAGs    # Errors  Last Runtime    Last Run               Last # of DB Queries
--------------------------------  -----  ---------  --------  ----------  --------------  -------------------  ----------------------
/opt/airflow/dags/fintech_dag.py                           1           0  1.24s           2024-12-21T18:40:23                      12
================================================================================
[2024-12-21T18:41:22.660+0000] {manager.py:997} INFO - 
================================================================================
DAG File Processing Stats

File Path                         PID    Runtime      # DAGs    # Errors  Last Runtime    Last Run               Last # of DB Queries
--------------------------------  -----  ---------  --------  ----------  --------------  -------------------  ----------------------
/opt/airflow/dags/fintech_dag.py                           1           0  1.21s           2024-12-21T18:40:54                      12
================================================================================
[2024-12-21T18:41:53.035+0000] {manager.py:997} INFO - 
================================================================================
DAG File Processing Stats

File Path                         PID    Runtime      # DAGs    # Errors  Last Runtime    Last Run               Last # of DB Queries
--------------------------------  -----  ---------  --------  ----------  --------------  -------------------  ----------------------
/opt/airflow/dags/fintech_dag.py                           1           0  1.22s           2024-12-21T18:41:26                      12
================================================================================
[2024-12-21T18:42:23.417+0000] {manager.py:997} INFO - 
================================================================================
DAG File Processing Stats

File Path                         PID    Runtime      # DAGs    # Errors  Last Runtime    Last Run               Last # of DB Queries
--------------------------------  -----  ---------  --------  ----------  --------------  -------------------  ----------------------
/opt/airflow/dags/fintech_dag.py                           1           0  1.41s           2024-12-21T18:41:57                      12
================================================================================
[2024-12-21T18:42:53.446+0000] {manager.py:997} INFO - 
================================================================================
DAG File Processing Stats

File Path                         PID    Runtime      # DAGs    # Errors  Last Runtime    Last Run               Last # of DB Queries
--------------------------------  -----  ---------  --------  ----------  --------------  -------------------  ----------------------
/opt/airflow/dags/fintech_dag.py                           1           0  1.45s           2024-12-21T18:42:29                      12
================================================================================
[2024-12-21T18:43:16.588+0000] {manager.py:821} INFO - Searching for files in /opt/airflow/dags
[2024-12-21T18:43:16.621+0000] {manager.py:824} INFO - There are 1 files in /opt/airflow/dags
[2024-12-21T18:43:23.678+0000] {manager.py:997} INFO - 
================================================================================
DAG File Processing Stats

File Path                         PID    Runtime      # DAGs    # Errors  Last Runtime    Last Run               Last # of DB Queries
--------------------------------  -----  ---------  --------  ----------  --------------  -------------------  ----------------------
/opt/airflow/dags/fintech_dag.py                           1           0  1.36s           2024-12-21T18:43:00                      12
================================================================================
[2024-12-21T18:43:54.178+0000] {manager.py:997} INFO - 
================================================================================
DAG File Processing Stats

File Path                         PID    Runtime      # DAGs    # Errors  Last Runtime    Last Run               Last # of DB Queries
--------------------------------  -----  ---------  --------  ----------  --------------  -------------------  ----------------------
/opt/airflow/dags/fintech_dag.py                           1           0  1.36s           2024-12-21T18:43:32                      12
================================================================================
[2024-12-21T18:44:24.727+0000] {manager.py:997} INFO - 
================================================================================
DAG File Processing Stats

File Path                         PID    Runtime      # DAGs    # Errors  Last Runtime    Last Run               Last # of DB Queries
--------------------------------  -----  ---------  --------  ----------  --------------  -------------------  ----------------------
/opt/airflow/dags/fintech_dag.py                           1           0  1.27s           2024-12-21T18:44:03                      12
================================================================================
[2024-12-21T18:44:55.180+0000] {manager.py:997} INFO - 
================================================================================
DAG File Processing Stats

File Path                         PID    Runtime      # DAGs    # Errors  Last Runtime    Last Run               Last # of DB Queries
--------------------------------  -----  ---------  --------  ----------  --------------  -------------------  ----------------------
/opt/airflow/dags/fintech_dag.py                           1           0  1.25s           2024-12-21T18:44:35                      12
================================================================================
[2024-12-21T18:45:25.619+0000] {manager.py:997} INFO - 
================================================================================
DAG File Processing Stats

File Path                         PID    Runtime      # DAGs    # Errors  Last Runtime    Last Run               Last # of DB Queries
--------------------------------  -----  ---------  --------  ----------  --------------  -------------------  ----------------------
/opt/airflow/dags/fintech_dag.py                           1           0  1.15s           2024-12-21T18:45:06                      12
================================================================================
[2024-12-21T18:45:55.948+0000] {manager.py:997} INFO - 
================================================================================
DAG File Processing Stats

File Path                         PID    Runtime      # DAGs    # Errors  Last Runtime    Last Run               Last # of DB Queries
--------------------------------  -----  ---------  --------  ----------  --------------  -------------------  ----------------------
/opt/airflow/dags/fintech_dag.py                           1           0  1.25s           2024-12-21T18:45:37                      12
================================================================================
[2024-12-21T18:46:26.251+0000] {manager.py:997} INFO - 
================================================================================
DAG File Processing Stats

File Path                         PID    Runtime      # DAGs    # Errors  Last Runtime    Last Run               Last # of DB Queries
--------------------------------  -----  ---------  --------  ----------  --------------  -------------------  ----------------------
/opt/airflow/dags/fintech_dag.py                           1           0  1.27s           2024-12-21T18:46:09                      12
================================================================================
[2024-12-21T18:46:56.596+0000] {manager.py:997} INFO - 
================================================================================
DAG File Processing Stats

File Path                         PID    Runtime      # DAGs    # Errors  Last Runtime    Last Run               Last # of DB Queries
--------------------------------  -----  ---------  --------  ----------  --------------  -------------------  ----------------------
/opt/airflow/dags/fintech_dag.py                           1           0  1.29s           2024-12-21T18:46:40                      12
================================================================================
[2024-12-21T18:47:26.920+0000] {manager.py:997} INFO - 
================================================================================
DAG File Processing Stats

File Path                         PID    Runtime      # DAGs    # Errors  Last Runtime    Last Run               Last # of DB Queries
--------------------------------  -----  ---------  --------  ----------  --------------  -------------------  ----------------------
/opt/airflow/dags/fintech_dag.py                           1           0  1.14s           2024-12-21T18:47:11                      12
================================================================================
[2024-12-21T18:47:57.127+0000] {manager.py:997} INFO - 
================================================================================
DAG File Processing Stats

File Path                         PID    Runtime      # DAGs    # Errors  Last Runtime    Last Run               Last # of DB Queries
--------------------------------  -----  ---------  --------  ----------  --------------  -------------------  ----------------------
/opt/airflow/dags/fintech_dag.py                           1           0  1.28s           2024-12-21T18:47:43                      12
================================================================================
[2024-12-21T18:48:16.781+0000] {manager.py:821} INFO - Searching for files in /opt/airflow/dags
[2024-12-21T18:48:16.822+0000] {manager.py:824} INFO - There are 1 files in /opt/airflow/dags
[2024-12-21T18:48:27.589+0000] {manager.py:997} INFO - 
================================================================================
DAG File Processing Stats

File Path                         PID    Runtime      # DAGs    # Errors  Last Runtime    Last Run               Last # of DB Queries
--------------------------------  -----  ---------  --------  ----------  --------------  -------------------  ----------------------
/opt/airflow/dags/fintech_dag.py                           1           0  1.27s           2024-12-21T18:48:14                      12
================================================================================
[2024-12-21T18:48:58.082+0000] {manager.py:997} INFO - 
================================================================================
DAG File Processing Stats

File Path                         PID    Runtime      # DAGs    # Errors  Last Runtime    Last Run               Last # of DB Queries
--------------------------------  -----  ---------  --------  ----------  --------------  -------------------  ----------------------
/opt/airflow/dags/fintech_dag.py                           1           0  1.22s           2024-12-21T18:48:46                      12
================================================================================
[2024-12-21T18:49:28.484+0000] {manager.py:997} INFO - 
================================================================================
DAG File Processing Stats

File Path                         PID    Runtime      # DAGs    # Errors  Last Runtime    Last Run               Last # of DB Queries
--------------------------------  -----  ---------  --------  ----------  --------------  -------------------  ----------------------
/opt/airflow/dags/fintech_dag.py                           1           0  1.16s           2024-12-21T18:49:17                      12
================================================================================
[2024-12-21T18:49:58.809+0000] {manager.py:997} INFO - 
================================================================================
DAG File Processing Stats

File Path                         PID    Runtime      # DAGs    # Errors  Last Runtime    Last Run               Last # of DB Queries
--------------------------------  -----  ---------  --------  ----------  --------------  -------------------  ----------------------
/opt/airflow/dags/fintech_dag.py                           1           0  1.23s           2024-12-21T18:49:48                      12
================================================================================
[2024-12-21T18:50:29.079+0000] {manager.py:997} INFO - 
================================================================================
DAG File Processing Stats

File Path                         PID    Runtime      # DAGs    # Errors  Last Runtime    Last Run               Last # of DB Queries
--------------------------------  -----  ---------  --------  ----------  --------------  -------------------  ----------------------
/opt/airflow/dags/fintech_dag.py                           1           0  1.33s           2024-12-21T18:50:20                      12
================================================================================
[2024-12-21T18:50:59.524+0000] {manager.py:997} INFO - 
================================================================================
DAG File Processing Stats

File Path                         PID    Runtime      # DAGs    # Errors  Last Runtime    Last Run               Last # of DB Queries
--------------------------------  -----  ---------  --------  ----------  --------------  -------------------  ----------------------
/opt/airflow/dags/fintech_dag.py                           1           0  1.20s           2024-12-21T18:50:51                      12
================================================================================
[2024-12-21T18:51:29.888+0000] {manager.py:997} INFO - 
================================================================================
DAG File Processing Stats

File Path                         PID    Runtime      # DAGs    # Errors  Last Runtime    Last Run               Last # of DB Queries
--------------------------------  -----  ---------  --------  ----------  --------------  -------------------  ----------------------
/opt/airflow/dags/fintech_dag.py                           1           0  1.26s           2024-12-21T18:51:22                      12
================================================================================
[2024-12-21T18:52:00.147+0000] {manager.py:997} INFO - 
================================================================================
DAG File Processing Stats

File Path                         PID    Runtime      # DAGs    # Errors  Last Runtime    Last Run               Last # of DB Queries
--------------------------------  -----  ---------  --------  ----------  --------------  -------------------  ----------------------
/opt/airflow/dags/fintech_dag.py                           1           0  1.32s           2024-12-21T18:51:54                      12
================================================================================
[2024-12-21T18:52:30.594+0000] {manager.py:997} INFO - 
================================================================================
DAG File Processing Stats

File Path                         PID    Runtime      # DAGs    # Errors  Last Runtime    Last Run               Last # of DB Queries
--------------------------------  -----  ---------  --------  ----------  --------------  -------------------  ----------------------
/opt/airflow/dags/fintech_dag.py                           1           0  1.44s           2024-12-21T18:52:25                      12
================================================================================
[2024-12-21T18:53:00.650+0000] {manager.py:997} INFO - 
================================================================================
DAG File Processing Stats

File Path                         PID    Runtime      # DAGs    # Errors  Last Runtime    Last Run               Last # of DB Queries
--------------------------------  -----  ---------  --------  ----------  --------------  -------------------  ----------------------
/opt/airflow/dags/fintech_dag.py                           1           0  1.44s           2024-12-21T18:52:57                      12
================================================================================
[2024-12-21T18:53:17.314+0000] {manager.py:821} INFO - Searching for files in /opt/airflow/dags
[2024-12-21T18:53:17.367+0000] {manager.py:824} INFO - There are 1 files in /opt/airflow/dags
[2024-12-21T18:53:25.892+0000] {manager.py:465} INFO - Exiting gracefully upon receiving signal 15
[2024-12-21T18:54:38.027+0000] {manager.py:483} INFO - Processing files using up to 2 processes at a time 
[2024-12-21T18:54:38.028+0000] {manager.py:484} INFO - Process each file at most once every 30 seconds
[2024-12-21T18:54:38.029+0000] {manager.py:485} INFO - Checking for new files in /opt/airflow/dags every 300 seconds
[2024-12-21T18:54:38.030+0000] {manager.py:821} INFO - Searching for files in /opt/airflow/dags
[2024-12-21T18:54:38.092+0000] {manager.py:824} INFO - There are 1 files in /opt/airflow/dags
[2024-12-21T18:54:38.207+0000] {manager.py:997} INFO - 
================================================================================
DAG File Processing Stats

File Path                           PID  Runtime      # DAGs    # Errors  Last Runtime    Last Run      Last # of DB Queries
--------------------------------  -----  ---------  --------  ----------  --------------  ----------  ----------------------
/opt/airflow/dags/fintech_dag.py     75  0.03s             0           0                                                   0
================================================================================
[2024-12-21T18:55:08.411+0000] {manager.py:997} INFO - 
================================================================================
DAG File Processing Stats

File Path                         PID    Runtime      # DAGs    # Errors  Last Runtime    Last Run               Last # of DB Queries
--------------------------------  -----  ---------  --------  ----------  --------------  -------------------  ----------------------
/opt/airflow/dags/fintech_dag.py                           1           0  3.08s           2024-12-21T18:54:41                      12
================================================================================
[2024-12-21T18:55:38.629+0000] {manager.py:997} INFO - 
================================================================================
DAG File Processing Stats

File Path                         PID    Runtime      # DAGs    # Errors  Last Runtime    Last Run               Last # of DB Queries
--------------------------------  -----  ---------  --------  ----------  --------------  -------------------  ----------------------
/opt/airflow/dags/fintech_dag.py                           1           0  1.28s           2024-12-21T18:55:12                      12
================================================================================
[2024-12-21T18:56:09.089+0000] {manager.py:997} INFO - 
================================================================================
DAG File Processing Stats

File Path                         PID    Runtime      # DAGs    # Errors  Last Runtime    Last Run               Last # of DB Queries
--------------------------------  -----  ---------  --------  ----------  --------------  -------------------  ----------------------
/opt/airflow/dags/fintech_dag.py                           1           0  1.45s           2024-12-21T18:55:44                      12
================================================================================
[2024-12-21T18:56:39.760+0000] {manager.py:997} INFO - 
================================================================================
DAG File Processing Stats

File Path                         PID    Runtime      # DAGs    # Errors  Last Runtime    Last Run               Last # of DB Queries
--------------------------------  -----  ---------  --------  ----------  --------------  -------------------  ----------------------
/opt/airflow/dags/fintech_dag.py                           1           0  2.27s           2024-12-21T18:56:16                      12
================================================================================
[2024-12-21T18:57:10.205+0000] {manager.py:997} INFO - 
================================================================================
DAG File Processing Stats

File Path                         PID    Runtime      # DAGs    # Errors  Last Runtime    Last Run               Last # of DB Queries
--------------------------------  -----  ---------  --------  ----------  --------------  -------------------  ----------------------
/opt/airflow/dags/fintech_dag.py                           1           0  1.36s           2024-12-21T18:56:48                      12
================================================================================
[2024-12-21T18:57:40.433+0000] {manager.py:997} INFO - 
================================================================================
DAG File Processing Stats

File Path                         PID    Runtime      # DAGs    # Errors  Last Runtime    Last Run               Last # of DB Queries
--------------------------------  -----  ---------  --------  ----------  --------------  -------------------  ----------------------
/opt/airflow/dags/fintech_dag.py                           1           0  1.78s           2024-12-21T18:57:20                      12
================================================================================
[2024-12-21T18:58:10.732+0000] {manager.py:997} INFO - 
================================================================================
DAG File Processing Stats

File Path                         PID    Runtime      # DAGs    # Errors  Last Runtime    Last Run               Last # of DB Queries
--------------------------------  -----  ---------  --------  ----------  --------------  -------------------  ----------------------
/opt/airflow/dags/fintech_dag.py                           1           0  2.35s           2024-12-21T18:57:52                      12
================================================================================
[2024-12-21T18:58:41.170+0000] {manager.py:997} INFO - 
================================================================================
DAG File Processing Stats

File Path                         PID    Runtime      # DAGs    # Errors  Last Runtime    Last Run               Last # of DB Queries
--------------------------------  -----  ---------  --------  ----------  --------------  -------------------  ----------------------
/opt/airflow/dags/fintech_dag.py                           1           0  1.30s           2024-12-21T18:58:24                      12
================================================================================
[2024-12-21T18:59:11.653+0000] {manager.py:997} INFO - 
================================================================================
DAG File Processing Stats

File Path                         PID    Runtime      # DAGs    # Errors  Last Runtime    Last Run               Last # of DB Queries
--------------------------------  -----  ---------  --------  ----------  --------------  -------------------  ----------------------
/opt/airflow/dags/fintech_dag.py                           1           0  1.26s           2024-12-21T18:58:55                      12
================================================================================
[2024-12-21T18:59:38.072+0000] {manager.py:821} INFO - Searching for files in /opt/airflow/dags
[2024-12-21T18:59:38.120+0000] {manager.py:824} INFO - There are 1 files in /opt/airflow/dags
[2024-12-21T18:59:42.157+0000] {manager.py:997} INFO - 
================================================================================
DAG File Processing Stats

File Path                         PID    Runtime      # DAGs    # Errors  Last Runtime    Last Run               Last # of DB Queries
--------------------------------  -----  ---------  --------  ----------  --------------  -------------------  ----------------------
/opt/airflow/dags/fintech_dag.py                           1           0  1.24s           2024-12-21T18:59:27                      12
================================================================================
[2024-12-21T19:00:12.511+0000] {manager.py:997} INFO - 
================================================================================
DAG File Processing Stats

File Path                         PID    Runtime      # DAGs    # Errors  Last Runtime    Last Run               Last # of DB Queries
--------------------------------  -----  ---------  --------  ----------  --------------  -------------------  ----------------------
/opt/airflow/dags/fintech_dag.py                           1           0  1.17s           2024-12-21T18:59:58                      12
================================================================================
[2024-12-21T19:00:42.725+0000] {manager.py:997} INFO - 
================================================================================
DAG File Processing Stats

File Path                         PID    Runtime      # DAGs    # Errors  Last Runtime    Last Run               Last # of DB Queries
--------------------------------  -----  ---------  --------  ----------  --------------  -------------------  ----------------------
/opt/airflow/dags/fintech_dag.py                           1           0  1.20s           2024-12-21T19:00:29                      12
================================================================================
[2024-12-21T19:01:13.095+0000] {manager.py:997} INFO - 
================================================================================
DAG File Processing Stats

File Path                         PID    Runtime      # DAGs    # Errors  Last Runtime    Last Run               Last # of DB Queries
--------------------------------  -----  ---------  --------  ----------  --------------  -------------------  ----------------------
/opt/airflow/dags/fintech_dag.py                           1           0  1.28s           2024-12-21T19:01:01                      12
================================================================================
[2024-12-21T19:01:43.392+0000] {manager.py:997} INFO - 
================================================================================
DAG File Processing Stats

File Path                         PID    Runtime      # DAGs    # Errors  Last Runtime    Last Run               Last # of DB Queries
--------------------------------  -----  ---------  --------  ----------  --------------  -------------------  ----------------------
/opt/airflow/dags/fintech_dag.py                           1           0  1.21s           2024-12-21T19:01:32                      12
================================================================================
[2024-12-21T19:02:13.679+0000] {manager.py:997} INFO - 
================================================================================
DAG File Processing Stats

File Path                         PID    Runtime      # DAGs    # Errors  Last Runtime    Last Run               Last # of DB Queries
--------------------------------  -----  ---------  --------  ----------  --------------  -------------------  ----------------------
/opt/airflow/dags/fintech_dag.py                           1           0  1.29s           2024-12-21T19:02:03                      12
================================================================================
[2024-12-21T19:02:44.058+0000] {manager.py:997} INFO - 
================================================================================
DAG File Processing Stats

File Path                         PID    Runtime      # DAGs    # Errors  Last Runtime    Last Run               Last # of DB Queries
--------------------------------  -----  ---------  --------  ----------  --------------  -------------------  ----------------------
/opt/airflow/dags/fintech_dag.py                           1           0  1.26s           2024-12-21T19:02:35                      12
================================================================================
[2024-12-21T19:03:14.485+0000] {manager.py:997} INFO - 
================================================================================
DAG File Processing Stats

File Path                         PID    Runtime      # DAGs    # Errors  Last Runtime    Last Run               Last # of DB Queries
--------------------------------  -----  ---------  --------  ----------  --------------  -------------------  ----------------------
/opt/airflow/dags/fintech_dag.py                           1           0  1.24s           2024-12-21T19:03:06                      12
================================================================================
[2024-12-21T19:03:44.913+0000] {manager.py:997} INFO - 
================================================================================
DAG File Processing Stats

File Path                         PID    Runtime      # DAGs    # Errors  Last Runtime    Last Run               Last # of DB Queries
--------------------------------  -----  ---------  --------  ----------  --------------  -------------------  ----------------------
/opt/airflow/dags/fintech_dag.py                           1           0  1.36s           2024-12-21T19:03:38                      12
================================================================================
[2024-12-21T19:04:15.462+0000] {manager.py:997} INFO - 
================================================================================
DAG File Processing Stats

File Path                         PID    Runtime      # DAGs    # Errors  Last Runtime    Last Run               Last # of DB Queries
--------------------------------  -----  ---------  --------  ----------  --------------  -------------------  ----------------------
/opt/airflow/dags/fintech_dag.py                           1           0  1.24s           2024-12-21T19:04:09                      12
================================================================================
[2024-12-21T19:04:38.617+0000] {manager.py:821} INFO - Searching for files in /opt/airflow/dags
[2024-12-21T19:04:38.653+0000] {manager.py:824} INFO - There are 1 files in /opt/airflow/dags
[2024-12-21T19:04:45.877+0000] {manager.py:997} INFO - 
================================================================================
DAG File Processing Stats

File Path                         PID    Runtime      # DAGs    # Errors  Last Runtime    Last Run               Last # of DB Queries
--------------------------------  -----  ---------  --------  ----------  --------------  -------------------  ----------------------
/opt/airflow/dags/fintech_dag.py                           1           0  1.27s           2024-12-21T19:04:40                      12
================================================================================
[2024-12-21T19:05:16.166+0000] {manager.py:997} INFO - 
================================================================================
DAG File Processing Stats

File Path                         PID    Runtime      # DAGs    # Errors  Last Runtime    Last Run               Last # of DB Queries
--------------------------------  -----  ---------  --------  ----------  --------------  -------------------  ----------------------
/opt/airflow/dags/fintech_dag.py                           1           0  1.39s           2024-12-21T19:05:12                      12
================================================================================
[2024-12-21T19:05:46.383+0000] {manager.py:997} INFO - 
================================================================================
DAG File Processing Stats

File Path                         PID    Runtime      # DAGs    # Errors  Last Runtime    Last Run               Last # of DB Queries
--------------------------------  -----  ---------  --------  ----------  --------------  -------------------  ----------------------
/opt/airflow/dags/fintech_dag.py                           1           0  2.78s           2024-12-21T19:05:45                      12
================================================================================
[2024-12-21T19:06:16.718+0000] {manager.py:997} INFO - 
================================================================================
DAG File Processing Stats

File Path                           PID  Runtime      # DAGs    # Errors  Last Runtime    Last Run               Last # of DB Queries
--------------------------------  -----  ---------  --------  ----------  --------------  -------------------  ----------------------
/opt/airflow/dags/fintech_dag.py    499  1.01s             1           0  2.78s           2024-12-21T19:05:45                      12
================================================================================
[2024-12-21T19:06:46.915+0000] {manager.py:997} INFO - 
================================================================================
DAG File Processing Stats

File Path                         PID    Runtime      # DAGs    # Errors  Last Runtime    Last Run               Last # of DB Queries
--------------------------------  -----  ---------  --------  ----------  --------------  -------------------  ----------------------
/opt/airflow/dags/fintech_dag.py                           1           0  1.77s           2024-12-21T19:06:17                      12
================================================================================
[2024-12-21T19:07:17.111+0000] {manager.py:997} INFO - 
================================================================================
DAG File Processing Stats

File Path                         PID    Runtime      # DAGs    # Errors  Last Runtime    Last Run               Last # of DB Queries
--------------------------------  -----  ---------  --------  ----------  --------------  -------------------  ----------------------
/opt/airflow/dags/fintech_dag.py                           1           0  1.49s           2024-12-21T19:06:49                      12
================================================================================
[2024-12-21T19:07:47.534+0000] {manager.py:997} INFO - 
================================================================================
DAG File Processing Stats

File Path                         PID    Runtime      # DAGs    # Errors  Last Runtime    Last Run               Last # of DB Queries
--------------------------------  -----  ---------  --------  ----------  --------------  -------------------  ----------------------
/opt/airflow/dags/fintech_dag.py                           1           0  1.58s           2024-12-21T19:07:20                      12
================================================================================
[2024-12-21T19:08:17.724+0000] {manager.py:997} INFO - 
================================================================================
DAG File Processing Stats

File Path                         PID    Runtime      # DAGs    # Errors  Last Runtime    Last Run               Last # of DB Queries
--------------------------------  -----  ---------  --------  ----------  --------------  -------------------  ----------------------
/opt/airflow/dags/fintech_dag.py                           1           0  1.64s           2024-12-21T19:07:52                      12
================================================================================
[2024-12-21T19:08:48.149+0000] {manager.py:997} INFO - 
================================================================================
DAG File Processing Stats

File Path                         PID    Runtime      # DAGs    # Errors  Last Runtime    Last Run               Last # of DB Queries
--------------------------------  -----  ---------  --------  ----------  --------------  -------------------  ----------------------
/opt/airflow/dags/fintech_dag.py                           1           0  2.28s           2024-12-21T19:08:25                      12
================================================================================
[2024-12-21T19:09:18.615+0000] {manager.py:997} INFO - 
================================================================================
DAG File Processing Stats

File Path                         PID    Runtime      # DAGs    # Errors  Last Runtime    Last Run               Last # of DB Queries
--------------------------------  -----  ---------  --------  ----------  --------------  -------------------  ----------------------
/opt/airflow/dags/fintech_dag.py                           1           0  1.32s           2024-12-21T19:08:56                      12
================================================================================
[2024-12-21T19:09:39.060+0000] {manager.py:821} INFO - Searching for files in /opt/airflow/dags
[2024-12-21T19:09:39.138+0000] {manager.py:824} INFO - There are 1 files in /opt/airflow/dags
[2024-12-21T19:09:49.216+0000] {manager.py:997} INFO - 
================================================================================
DAG File Processing Stats

File Path                         PID    Runtime      # DAGs    # Errors  Last Runtime    Last Run               Last # of DB Queries
--------------------------------  -----  ---------  --------  ----------  --------------  -------------------  ----------------------
/opt/airflow/dags/fintech_dag.py                           1           0  1.33s           2024-12-21T19:09:28                      12
================================================================================
[2024-12-21T19:10:19.652+0000] {manager.py:997} INFO - 
================================================================================
DAG File Processing Stats

File Path                         PID    Runtime      # DAGs    # Errors  Last Runtime    Last Run               Last # of DB Queries
--------------------------------  -----  ---------  --------  ----------  --------------  -------------------  ----------------------
/opt/airflow/dags/fintech_dag.py                           1           0  1.29s           2024-12-21T19:09:59                      12
================================================================================
[2024-12-21T19:10:50.146+0000] {manager.py:997} INFO - 
================================================================================
DAG File Processing Stats

File Path                         PID    Runtime      # DAGs    # Errors  Last Runtime    Last Run               Last # of DB Queries
--------------------------------  -----  ---------  --------  ----------  --------------  -------------------  ----------------------
/opt/airflow/dags/fintech_dag.py                           1           0  1.28s           2024-12-21T19:10:31                      12
================================================================================
[2024-12-21T19:11:20.626+0000] {manager.py:997} INFO - 
================================================================================
DAG File Processing Stats

File Path                         PID    Runtime      # DAGs    # Errors  Last Runtime    Last Run               Last # of DB Queries
--------------------------------  -----  ---------  --------  ----------  --------------  -------------------  ----------------------
/opt/airflow/dags/fintech_dag.py                           1           0  1.31s           2024-12-21T19:11:02                      12
================================================================================
[2024-12-21T19:11:51.117+0000] {manager.py:997} INFO - 
================================================================================
DAG File Processing Stats

File Path                         PID    Runtime      # DAGs    # Errors  Last Runtime    Last Run               Last # of DB Queries
--------------------------------  -----  ---------  --------  ----------  --------------  -------------------  ----------------------
/opt/airflow/dags/fintech_dag.py                           1           0  1.17s           2024-12-21T19:11:34                      12
================================================================================
[2024-12-21T19:12:21.458+0000] {manager.py:997} INFO - 
================================================================================
DAG File Processing Stats

File Path                         PID    Runtime      # DAGs    # Errors  Last Runtime    Last Run               Last # of DB Queries
--------------------------------  -----  ---------  --------  ----------  --------------  -------------------  ----------------------
/opt/airflow/dags/fintech_dag.py                           1           0  1.29s           2024-12-21T19:12:05                      12
================================================================================
[2024-12-21T19:33:51.744+0000] {manager.py:821} INFO - Searching for files in /opt/airflow/dags
[2024-12-21T19:33:51.858+0000] {manager.py:824} INFO - There are 1 files in /opt/airflow/dags
[2024-12-21T19:34:04.285+0000] {manager.py:997} INFO - 
================================================================================
DAG File Processing Stats

File Path                         PID    Runtime      # DAGs    # Errors  Last Runtime    Last Run               Last # of DB Queries
--------------------------------  -----  ---------  --------  ----------  --------------  -------------------  ----------------------
/opt/airflow/dags/fintech_dag.py                           1           0  3.95s           2024-12-21T19:33:56                      12
================================================================================
[2024-12-21T19:34:34.472+0000] {manager.py:997} INFO - 
================================================================================
DAG File Processing Stats

File Path                         PID    Runtime      # DAGs    # Errors  Last Runtime    Last Run               Last # of DB Queries
--------------------------------  -----  ---------  --------  ----------  --------------  -------------------  ----------------------
/opt/airflow/dags/fintech_dag.py                           1           0  2.07s           2024-12-21T19:34:28                      12
================================================================================
[2024-12-21T19:35:04.501+0000] {manager.py:997} INFO - 
================================================================================
DAG File Processing Stats

File Path                         PID    Runtime      # DAGs    # Errors  Last Runtime    Last Run               Last # of DB Queries
--------------------------------  -----  ---------  --------  ----------  --------------  -------------------  ----------------------
/opt/airflow/dags/fintech_dag.py                           1           0  1.78s           2024-12-21T19:35:00                      12
================================================================================
[2024-12-21T19:35:35.072+0000] {manager.py:997} INFO - 
================================================================================
DAG File Processing Stats

File Path                         PID    Runtime      # DAGs    # Errors  Last Runtime    Last Run               Last # of DB Queries
--------------------------------  -----  ---------  --------  ----------  --------------  -------------------  ----------------------
/opt/airflow/dags/fintech_dag.py                           1           0  2.51s           2024-12-21T19:35:33                      12
================================================================================
[2024-12-21T19:36:05.436+0000] {manager.py:997} INFO - 
================================================================================
DAG File Processing Stats

File Path                           PID  Runtime      # DAGs    # Errors  Last Runtime    Last Run               Last # of DB Queries
--------------------------------  -----  ---------  --------  ----------  --------------  -------------------  ----------------------
/opt/airflow/dags/fintech_dag.py    822  2.03s             1           0  2.51s           2024-12-21T19:35:33                      12
================================================================================
[2024-12-21T19:36:36.119+0000] {manager.py:997} INFO - 
================================================================================
DAG File Processing Stats

File Path                           PID  Runtime      # DAGs    # Errors  Last Runtime    Last Run               Last # of DB Queries
--------------------------------  -----  ---------  --------  ----------  --------------  -------------------  ----------------------
/opt/airflow/dags/fintech_dag.py    841  0.01s             1           0  2.56s           2024-12-21T19:36:05                      12
================================================================================
[2024-12-21T19:37:06.762+0000] {manager.py:997} INFO - 
================================================================================
DAG File Processing Stats

File Path                         PID    Runtime      # DAGs    # Errors  Last Runtime    Last Run               Last # of DB Queries
--------------------------------  -----  ---------  --------  ----------  --------------  -------------------  ----------------------
/opt/airflow/dags/fintech_dag.py                           1           0  2.47s           2024-12-21T19:36:38                      12
================================================================================
[2024-12-21T19:37:36.865+0000] {manager.py:997} INFO - 
================================================================================
DAG File Processing Stats

File Path                         PID    Runtime      # DAGs    # Errors  Last Runtime    Last Run               Last # of DB Queries
--------------------------------  -----  ---------  --------  ----------  --------------  -------------------  ----------------------
/opt/airflow/dags/fintech_dag.py                           1           0  2.66s           2024-12-21T19:37:11                      12
================================================================================
[2024-12-21T19:38:07.372+0000] {manager.py:997} INFO - 
================================================================================
DAG File Processing Stats

File Path                         PID    Runtime      # DAGs    # Errors  Last Runtime    Last Run               Last # of DB Queries
--------------------------------  -----  ---------  --------  ----------  --------------  -------------------  ----------------------
/opt/airflow/dags/fintech_dag.py                           1           0  2.42s           2024-12-21T19:37:44                      12
================================================================================
[2024-12-21T19:38:37.755+0000] {manager.py:997} INFO - 
================================================================================
DAG File Processing Stats

File Path                         PID    Runtime      # DAGs    # Errors  Last Runtime    Last Run               Last # of DB Queries
--------------------------------  -----  ---------  --------  ----------  --------------  -------------------  ----------------------
/opt/airflow/dags/fintech_dag.py                           1           0  1.98s           2024-12-21T19:38:16                      12
================================================================================
[2024-12-21T19:54:33.120+0000] {manager.py:821} INFO - Searching for files in /opt/airflow/dags
[2024-12-21T19:54:33.642+0000] {manager.py:824} INFO - There are 1 files in /opt/airflow/dags
[2024-12-21T19:55:00.430+0000] {manager.py:997} INFO - 
================================================================================
DAG File Processing Stats

File Path                         PID    Runtime      # DAGs    # Errors  Last Runtime    Last Run               Last # of DB Queries
--------------------------------  -----  ---------  --------  ----------  --------------  -------------------  ----------------------
/opt/airflow/dags/fintech_dag.py                           1           0  5.55s           2024-12-21T19:54:39                      12
================================================================================
[2024-12-21T19:55:30.801+0000] {manager.py:997} INFO - 
================================================================================
DAG File Processing Stats

File Path                         PID    Runtime      # DAGs    # Errors  Last Runtime    Last Run               Last # of DB Queries
--------------------------------  -----  ---------  --------  ----------  --------------  -------------------  ----------------------
/opt/airflow/dags/fintech_dag.py                           1           0  1.67s           2024-12-21T19:55:11                      12
================================================================================
[2024-12-21T19:56:01.062+0000] {manager.py:997} INFO - 
================================================================================
DAG File Processing Stats

File Path                         PID    Runtime      # DAGs    # Errors  Last Runtime    Last Run               Last # of DB Queries
--------------------------------  -----  ---------  --------  ----------  --------------  -------------------  ----------------------
/opt/airflow/dags/fintech_dag.py                           1           0  1.43s           2024-12-21T19:55:42                      12
================================================================================
[2024-12-21T19:56:31.357+0000] {manager.py:997} INFO - 
================================================================================
DAG File Processing Stats

File Path                         PID    Runtime      # DAGs    # Errors  Last Runtime    Last Run               Last # of DB Queries
--------------------------------  -----  ---------  --------  ----------  --------------  -------------------  ----------------------
/opt/airflow/dags/fintech_dag.py                           1           0  2.92s           2024-12-21T19:56:16                      12
================================================================================
[2024-12-21T19:57:01.814+0000] {manager.py:997} INFO - 
================================================================================
DAG File Processing Stats

File Path                         PID    Runtime      # DAGs    # Errors  Last Runtime    Last Run               Last # of DB Queries
--------------------------------  -----  ---------  --------  ----------  --------------  -------------------  ----------------------
/opt/airflow/dags/fintech_dag.py                           1           0  2.58s           2024-12-21T19:56:49                      12
================================================================================
[2024-12-21T19:57:32.223+0000] {manager.py:997} INFO - 
================================================================================
DAG File Processing Stats

File Path                         PID    Runtime      # DAGs    # Errors  Last Runtime    Last Run               Last # of DB Queries
--------------------------------  -----  ---------  --------  ----------  --------------  -------------------  ----------------------
/opt/airflow/dags/fintech_dag.py                           1           0  2.48s           2024-12-21T19:57:22                      12
================================================================================
[2024-12-21T19:58:02.672+0000] {manager.py:997} INFO - 
================================================================================
DAG File Processing Stats

File Path                         PID    Runtime      # DAGs    # Errors  Last Runtime    Last Run               Last # of DB Queries
--------------------------------  -----  ---------  --------  ----------  --------------  -------------------  ----------------------
/opt/airflow/dags/fintech_dag.py                           1           0  2.03s           2024-12-21T19:57:54                      12
================================================================================
[2024-12-21T19:58:33.115+0000] {manager.py:997} INFO - 
================================================================================
DAG File Processing Stats

File Path                         PID    Runtime      # DAGs    # Errors  Last Runtime    Last Run               Last # of DB Queries
--------------------------------  -----  ---------  --------  ----------  --------------  -------------------  ----------------------
/opt/airflow/dags/fintech_dag.py                           1           0  2.52s           2024-12-21T19:58:27                      12
================================================================================
[2024-12-21T19:59:03.381+0000] {manager.py:997} INFO - 
================================================================================
DAG File Processing Stats

File Path                         PID    Runtime      # DAGs    # Errors  Last Runtime    Last Run               Last # of DB Queries
--------------------------------  -----  ---------  --------  ----------  --------------  -------------------  ----------------------
/opt/airflow/dags/fintech_dag.py                           1           0  2.40s           2024-12-21T19:59:00                      12
================================================================================
[2024-12-21T19:59:33.753+0000] {manager.py:821} INFO - Searching for files in /opt/airflow/dags
[2024-12-21T19:59:33.905+0000] {manager.py:824} INFO - There are 1 files in /opt/airflow/dags
[2024-12-21T19:59:33.950+0000] {manager.py:997} INFO - 
================================================================================
DAG File Processing Stats

File Path                         PID    Runtime      # DAGs    # Errors  Last Runtime    Last Run               Last # of DB Queries
--------------------------------  -----  ---------  --------  ----------  --------------  -------------------  ----------------------
/opt/airflow/dags/fintech_dag.py                           1           0  2.34s           2024-12-21T19:59:33                      12
================================================================================
[2024-12-21T20:00:04.385+0000] {manager.py:997} INFO - 
================================================================================
DAG File Processing Stats

File Path                           PID  Runtime      # DAGs    # Errors  Last Runtime    Last Run               Last # of DB Queries
--------------------------------  -----  ---------  --------  ----------  --------------  -------------------  ----------------------
/opt/airflow/dags/fintech_dag.py   1113  1.03s             1           0  2.34s           2024-12-21T19:59:33                      12
================================================================================
[2024-12-21T20:00:34.605+0000] {manager.py:997} INFO - 
================================================================================
DAG File Processing Stats

File Path                         PID    Runtime      # DAGs    # Errors  Last Runtime    Last Run               Last # of DB Queries
--------------------------------  -----  ---------  --------  ----------  --------------  -------------------  ----------------------
/opt/airflow/dags/fintech_dag.py                           1           0  2.82s           2024-12-21T20:00:06                      12
================================================================================
[2024-12-21T20:01:05.038+0000] {manager.py:997} INFO - 
================================================================================
DAG File Processing Stats

File Path                         PID    Runtime      # DAGs    # Errors  Last Runtime    Last Run               Last # of DB Queries
--------------------------------  -----  ---------  --------  ----------  --------------  -------------------  ----------------------
/opt/airflow/dags/fintech_dag.py                           1           0  2.97s           2024-12-21T20:00:39                      12
================================================================================
[2024-12-21T20:01:35.395+0000] {manager.py:997} INFO - 
================================================================================
DAG File Processing Stats

File Path                         PID    Runtime      # DAGs    # Errors  Last Runtime    Last Run               Last # of DB Queries
--------------------------------  -----  ---------  --------  ----------  --------------  -------------------  ----------------------
/opt/airflow/dags/fintech_dag.py                           1           0  1.90s           2024-12-21T20:01:11                      12
================================================================================
[2024-12-21T20:02:05.708+0000] {manager.py:997} INFO - 
================================================================================
DAG File Processing Stats

File Path                         PID    Runtime      # DAGs    # Errors  Last Runtime    Last Run               Last # of DB Queries
--------------------------------  -----  ---------  --------  ----------  --------------  -------------------  ----------------------
/opt/airflow/dags/fintech_dag.py                           1           0  1.90s           2024-12-21T20:01:44                      12
================================================================================
[2024-12-21T20:02:36.160+0000] {manager.py:997} INFO - 
================================================================================
DAG File Processing Stats

File Path                         PID    Runtime      # DAGs    # Errors  Last Runtime    Last Run               Last # of DB Queries
--------------------------------  -----  ---------  --------  ----------  --------------  -------------------  ----------------------
/opt/airflow/dags/fintech_dag.py                           1           0  2.08s           2024-12-21T20:02:16                      12
================================================================================
[2024-12-21T20:03:06.542+0000] {manager.py:997} INFO - 
================================================================================
DAG File Processing Stats

File Path                         PID    Runtime      # DAGs    # Errors  Last Runtime    Last Run               Last # of DB Queries
--------------------------------  -----  ---------  --------  ----------  --------------  -------------------  ----------------------
/opt/airflow/dags/fintech_dag.py                           1           0  1.94s           2024-12-21T20:02:49                      12
================================================================================
[2024-12-21T20:03:36.872+0000] {manager.py:997} INFO - 
================================================================================
DAG File Processing Stats

File Path                         PID    Runtime      # DAGs    # Errors  Last Runtime    Last Run               Last # of DB Queries
--------------------------------  -----  ---------  --------  ----------  --------------  -------------------  ----------------------
/opt/airflow/dags/fintech_dag.py                           1           0  2.92s           2024-12-21T20:03:22                      12
================================================================================
[2024-12-21T20:04:07.258+0000] {manager.py:997} INFO - 
================================================================================
DAG File Processing Stats

File Path                         PID    Runtime      # DAGs    # Errors  Last Runtime    Last Run               Last # of DB Queries
--------------------------------  -----  ---------  --------  ----------  --------------  -------------------  ----------------------
/opt/airflow/dags/fintech_dag.py                           1           0  2.92s           2024-12-21T20:03:56                      12
================================================================================
[2024-12-21T20:04:33.781+0000] {manager.py:821} INFO - Searching for files in /opt/airflow/dags
[2024-12-21T20:04:33.898+0000] {manager.py:824} INFO - There are 1 files in /opt/airflow/dags
[2024-12-21T20:04:37.390+0000] {manager.py:997} INFO - 
================================================================================
DAG File Processing Stats

File Path                         PID    Runtime      # DAGs    # Errors  Last Runtime    Last Run               Last # of DB Queries
--------------------------------  -----  ---------  --------  ----------  --------------  -------------------  ----------------------
/opt/airflow/dags/fintech_dag.py                           1           0  2.72s           2024-12-21T20:04:29                      12
================================================================================
[2024-12-21T20:05:07.820+0000] {manager.py:997} INFO - 
================================================================================
DAG File Processing Stats

File Path                         PID    Runtime      # DAGs    # Errors  Last Runtime    Last Run               Last # of DB Queries
--------------------------------  -----  ---------  --------  ----------  --------------  -------------------  ----------------------
/opt/airflow/dags/fintech_dag.py                           1           0  3.23s           2024-12-21T20:05:02                      12
================================================================================
[2024-12-21T20:05:38.223+0000] {manager.py:997} INFO - 
================================================================================
DAG File Processing Stats

File Path                         PID    Runtime      # DAGs    # Errors  Last Runtime    Last Run               Last # of DB Queries
--------------------------------  -----  ---------  --------  ----------  --------------  -------------------  ----------------------
/opt/airflow/dags/fintech_dag.py                           1           0  2.95s           2024-12-21T20:05:36                      12
================================================================================
[2024-12-21T20:06:08.568+0000] {manager.py:997} INFO - 
================================================================================
DAG File Processing Stats

File Path                         PID    Runtime      # DAGs    # Errors  Last Runtime    Last Run               Last # of DB Queries
--------------------------------  -----  ---------  --------  ----------  --------------  -------------------  ----------------------
/opt/airflow/dags/fintech_dag.py                           1           0  1.91s           2024-12-21T20:06:08                      12
================================================================================
[2024-12-21T20:06:39.028+0000] {manager.py:997} INFO - 
================================================================================
DAG File Processing Stats

File Path                           PID  Runtime      # DAGs    # Errors  Last Runtime    Last Run               Last # of DB Queries
--------------------------------  -----  ---------  --------  ----------  --------------  -------------------  ----------------------
/opt/airflow/dags/fintech_dag.py   1349  0.01s             1           0  1.91s           2024-12-21T20:06:08                      12
================================================================================
[2024-12-21T20:07:09.321+0000] {manager.py:997} INFO - 
================================================================================
DAG File Processing Stats

File Path                         PID    Runtime      # DAGs    # Errors  Last Runtime    Last Run               Last # of DB Queries
--------------------------------  -----  ---------  --------  ----------  --------------  -------------------  ----------------------
/opt/airflow/dags/fintech_dag.py                           1           0  2.88s           2024-12-21T20:06:41                      12
================================================================================
[2024-12-21T20:07:39.791+0000] {manager.py:997} INFO - 
================================================================================
DAG File Processing Stats

File Path                         PID    Runtime      # DAGs    # Errors  Last Runtime    Last Run               Last # of DB Queries
--------------------------------  -----  ---------  --------  ----------  --------------  -------------------  ----------------------
/opt/airflow/dags/fintech_dag.py                           1           0  1.99s           2024-12-21T20:07:14                      12
================================================================================
[2024-12-21T20:08:10.042+0000] {manager.py:997} INFO - 
================================================================================
DAG File Processing Stats

File Path                         PID    Runtime      # DAGs    # Errors  Last Runtime    Last Run               Last # of DB Queries
--------------------------------  -----  ---------  --------  ----------  --------------  -------------------  ----------------------
/opt/airflow/dags/fintech_dag.py                           1           0  1.83s           2024-12-21T20:07:46                      12
================================================================================
[2024-12-21T20:08:40.254+0000] {manager.py:997} INFO - 
================================================================================
DAG File Processing Stats

File Path                         PID    Runtime      # DAGs    # Errors  Last Runtime    Last Run               Last # of DB Queries
--------------------------------  -----  ---------  --------  ----------  --------------  -------------------  ----------------------
/opt/airflow/dags/fintech_dag.py                           1           0  3.84s           2024-12-21T20:08:20                      12
================================================================================
[2024-12-21T20:09:10.685+0000] {manager.py:997} INFO - 
================================================================================
DAG File Processing Stats

File Path                         PID    Runtime      # DAGs    # Errors  Last Runtime    Last Run               Last # of DB Queries
--------------------------------  -----  ---------  --------  ----------  --------------  -------------------  ----------------------
/opt/airflow/dags/fintech_dag.py                           1           0  2.73s           2024-12-21T20:08:53                      12
================================================================================
[2024-12-21T20:09:33.976+0000] {manager.py:821} INFO - Searching for files in /opt/airflow/dags
[2024-12-21T20:09:34.125+0000] {manager.py:824} INFO - There are 1 files in /opt/airflow/dags
[2024-12-21T20:09:41.251+0000] {manager.py:997} INFO - 
================================================================================
DAG File Processing Stats

File Path                         PID    Runtime      # DAGs    # Errors  Last Runtime    Last Run               Last # of DB Queries
--------------------------------  -----  ---------  --------  ----------  --------------  -------------------  ----------------------
/opt/airflow/dags/fintech_dag.py                           1           0  1.96s           2024-12-21T20:09:25                      12
================================================================================
[2024-12-21T20:10:11.691+0000] {manager.py:997} INFO - 
================================================================================
DAG File Processing Stats

File Path                         PID    Runtime      # DAGs    # Errors  Last Runtime    Last Run               Last # of DB Queries
--------------------------------  -----  ---------  --------  ----------  --------------  -------------------  ----------------------
/opt/airflow/dags/fintech_dag.py                           1           0  1.98s           2024-12-21T20:09:58                      12
================================================================================
[2024-12-21T20:10:41.805+0000] {manager.py:997} INFO - 
================================================================================
DAG File Processing Stats

File Path                         PID    Runtime      # DAGs    # Errors  Last Runtime    Last Run               Last # of DB Queries
--------------------------------  -----  ---------  --------  ----------  --------------  -------------------  ----------------------
/opt/airflow/dags/fintech_dag.py                           1           0  2.66s           2024-12-21T20:10:31                      12
================================================================================
[2024-12-21T20:11:12.251+0000] {manager.py:997} INFO - 
================================================================================
DAG File Processing Stats

File Path                         PID    Runtime      # DAGs    # Errors  Last Runtime    Last Run               Last # of DB Queries
--------------------------------  -----  ---------  --------  ----------  --------------  -------------------  ----------------------
/opt/airflow/dags/fintech_dag.py                           1           0  2.90s           2024-12-21T20:11:04                      12
================================================================================
[2024-12-21T20:11:42.702+0000] {manager.py:997} INFO - 
================================================================================
DAG File Processing Stats

File Path                         PID    Runtime      # DAGs    # Errors  Last Runtime    Last Run               Last # of DB Queries
--------------------------------  -----  ---------  --------  ----------  --------------  -------------------  ----------------------
/opt/airflow/dags/fintech_dag.py                           1           0  2.54s           2024-12-21T20:11:37                      12
================================================================================
[2024-12-21T20:12:13.627+0000] {manager.py:997} INFO - 
================================================================================
DAG File Processing Stats

File Path                         PID    Runtime      # DAGs    # Errors  Last Runtime    Last Run               Last # of DB Queries
--------------------------------  -----  ---------  --------  ----------  --------------  -------------------  ----------------------
/opt/airflow/dags/fintech_dag.py                           1           0  2.53s           2024-12-21T20:12:10                      12
================================================================================
[2024-12-21T20:12:44.134+0000] {manager.py:997} INFO - 
================================================================================
DAG File Processing Stats

File Path                         PID    Runtime      # DAGs    # Errors  Last Runtime    Last Run               Last # of DB Queries
--------------------------------  -----  ---------  --------  ----------  --------------  -------------------  ----------------------
/opt/airflow/dags/fintech_dag.py                           1           0  2.41s           2024-12-21T20:12:43                      12
================================================================================
[2024-12-21T20:13:14.609+0000] {manager.py:997} INFO - 
================================================================================
DAG File Processing Stats

File Path                           PID  Runtime      # DAGs    # Errors  Last Runtime    Last Run               Last # of DB Queries
--------------------------------  -----  ---------  --------  ----------  --------------  -------------------  ----------------------
/opt/airflow/dags/fintech_dag.py   1582  1.02s             1           0  2.41s           2024-12-21T20:12:43                      12
================================================================================
[2024-12-21T20:13:45.597+0000] {manager.py:997} INFO - 
================================================================================
DAG File Processing Stats

File Path                         PID    Runtime      # DAGs    # Errors  Last Runtime    Last Run               Last # of DB Queries
--------------------------------  -----  ---------  --------  ----------  --------------  -------------------  ----------------------
/opt/airflow/dags/fintech_dag.py                           1           0  2.40s           2024-12-21T20:13:15                      12
================================================================================
[2024-12-21T20:14:16.087+0000] {manager.py:997} INFO - 
================================================================================
DAG File Processing Stats

File Path                         PID    Runtime      # DAGs    # Errors  Last Runtime    Last Run               Last # of DB Queries
--------------------------------  -----  ---------  --------  ----------  --------------  -------------------  ----------------------
/opt/airflow/dags/fintech_dag.py                           1           0  2.08s           2024-12-21T20:13:48                      12
================================================================================
[2024-12-21T20:14:34.370+0000] {manager.py:821} INFO - Searching for files in /opt/airflow/dags
[2024-12-21T20:14:34.494+0000] {manager.py:824} INFO - There are 1 files in /opt/airflow/dags
[2024-12-21T20:14:46.703+0000] {manager.py:997} INFO - 
================================================================================
DAG File Processing Stats

File Path                         PID    Runtime      # DAGs    # Errors  Last Runtime    Last Run               Last # of DB Queries
--------------------------------  -----  ---------  --------  ----------  --------------  -------------------  ----------------------
/opt/airflow/dags/fintech_dag.py                           1           0  2.15s           2024-12-21T20:14:21                      12
================================================================================
[2024-12-21T20:15:17.186+0000] {manager.py:997} INFO - 
================================================================================
DAG File Processing Stats

File Path                         PID    Runtime      # DAGs    # Errors  Last Runtime    Last Run               Last # of DB Queries
--------------------------------  -----  ---------  --------  ----------  --------------  -------------------  ----------------------
/opt/airflow/dags/fintech_dag.py                           1           0  2.41s           2024-12-21T20:14:54                      12
================================================================================
[2024-12-21T20:15:47.963+0000] {manager.py:997} INFO - 
================================================================================
DAG File Processing Stats

File Path                         PID    Runtime      # DAGs    # Errors  Last Runtime    Last Run               Last # of DB Queries
--------------------------------  -----  ---------  --------  ----------  --------------  -------------------  ----------------------
/opt/airflow/dags/fintech_dag.py                           1           0  2.54s           2024-12-21T20:15:26                      12
================================================================================
[2024-12-21T20:16:18.296+0000] {manager.py:997} INFO - 
================================================================================
DAG File Processing Stats

File Path                         PID    Runtime      # DAGs    # Errors  Last Runtime    Last Run               Last # of DB Queries
--------------------------------  -----  ---------  --------  ----------  --------------  -------------------  ----------------------
/opt/airflow/dags/fintech_dag.py                           1           0  2.87s           2024-12-21T20:15:59                      12
================================================================================
[2024-12-21T20:16:48.449+0000] {manager.py:997} INFO - 
================================================================================
DAG File Processing Stats

File Path                         PID    Runtime      # DAGs    # Errors  Last Runtime    Last Run               Last # of DB Queries
--------------------------------  -----  ---------  --------  ----------  --------------  -------------------  ----------------------
/opt/airflow/dags/fintech_dag.py                           1           0  2.71s           2024-12-21T20:16:33                      12
================================================================================
[2024-12-21T20:17:18.506+0000] {manager.py:997} INFO - 
================================================================================
DAG File Processing Stats

File Path                         PID    Runtime      # DAGs    # Errors  Last Runtime    Last Run               Last # of DB Queries
--------------------------------  -----  ---------  --------  ----------  --------------  -------------------  ----------------------
/opt/airflow/dags/fintech_dag.py                           1           0  2.36s           2024-12-21T20:17:05                      12
================================================================================
[2024-12-21T20:17:48.912+0000] {manager.py:997} INFO - 
================================================================================
DAG File Processing Stats

File Path                         PID    Runtime      # DAGs    # Errors  Last Runtime    Last Run               Last # of DB Queries
--------------------------------  -----  ---------  --------  ----------  --------------  -------------------  ----------------------
/opt/airflow/dags/fintech_dag.py                           1           0  1.96s           2024-12-21T20:17:37                      12
================================================================================
[2024-12-21T20:18:19.016+0000] {manager.py:997} INFO - 
================================================================================
DAG File Processing Stats

File Path                         PID    Runtime      # DAGs    # Errors  Last Runtime    Last Run               Last # of DB Queries
--------------------------------  -----  ---------  --------  ----------  --------------  -------------------  ----------------------
/opt/airflow/dags/fintech_dag.py                           1           0  1.68s           2024-12-21T20:18:09                      12
================================================================================
[2024-12-21T20:18:49.443+0000] {manager.py:997} INFO - 
================================================================================
DAG File Processing Stats

File Path                         PID    Runtime      # DAGs    # Errors  Last Runtime    Last Run               Last # of DB Queries
--------------------------------  -----  ---------  --------  ----------  --------------  -------------------  ----------------------
/opt/airflow/dags/fintech_dag.py                           1           0  2.58s           2024-12-21T20:18:42                      12
================================================================================
[2024-12-21T20:19:20.049+0000] {manager.py:997} INFO - 
================================================================================
DAG File Processing Stats

File Path                         PID    Runtime      # DAGs    # Errors  Last Runtime    Last Run               Last # of DB Queries
--------------------------------  -----  ---------  --------  ----------  --------------  -------------------  ----------------------
/opt/airflow/dags/fintech_dag.py                           1           0  2.32s           2024-12-21T20:19:15                      12
================================================================================
[2024-12-21T20:19:34.400+0000] {manager.py:821} INFO - Searching for files in /opt/airflow/dags
[2024-12-21T20:19:34.618+0000] {manager.py:824} INFO - There are 1 files in /opt/airflow/dags
[2024-12-21T20:19:50.867+0000] {manager.py:997} INFO - 
================================================================================
DAG File Processing Stats

File Path                         PID    Runtime      # DAGs    # Errors  Last Runtime    Last Run               Last # of DB Queries
--------------------------------  -----  ---------  --------  ----------  --------------  -------------------  ----------------------
/opt/airflow/dags/fintech_dag.py                           1           0  2.48s           2024-12-21T20:19:47                      12
================================================================================
[2024-12-21T20:20:21.423+0000] {manager.py:997} INFO - 
================================================================================
DAG File Processing Stats

File Path                         PID    Runtime      # DAGs    # Errors  Last Runtime    Last Run               Last # of DB Queries
--------------------------------  -----  ---------  --------  ----------  --------------  -------------------  ----------------------
/opt/airflow/dags/fintech_dag.py                           1           0  2.25s           2024-12-21T20:20:20                      12
================================================================================
[2024-12-21T20:20:51.882+0000] {manager.py:997} INFO - 
================================================================================
DAG File Processing Stats

File Path                           PID  Runtime      # DAGs    # Errors  Last Runtime    Last Run               Last # of DB Queries
--------------------------------  -----  ---------  --------  ----------  --------------  -------------------  ----------------------
/opt/airflow/dags/fintech_dag.py   1854  1.02s             1           0  2.25s           2024-12-21T20:20:20                      12
================================================================================
[2024-12-21T20:21:21.983+0000] {manager.py:997} INFO - 
================================================================================
DAG File Processing Stats

File Path                         PID    Runtime      # DAGs    # Errors  Last Runtime    Last Run               Last # of DB Queries
--------------------------------  -----  ---------  --------  ----------  --------------  -------------------  ----------------------
/opt/airflow/dags/fintech_dag.py                           1           0  2.72s           2024-12-21T20:20:53                      12
================================================================================
[2024-12-21T20:21:52.424+0000] {manager.py:997} INFO - 
================================================================================
DAG File Processing Stats

File Path                         PID    Runtime      # DAGs    # Errors  Last Runtime    Last Run               Last # of DB Queries
--------------------------------  -----  ---------  --------  ----------  --------------  -------------------  ----------------------
/opt/airflow/dags/fintech_dag.py                           1           0  3.10s           2024-12-21T20:21:27                      12
================================================================================
[2024-12-21T20:22:22.920+0000] {manager.py:997} INFO - 
================================================================================
DAG File Processing Stats

File Path                         PID    Runtime      # DAGs    # Errors  Last Runtime    Last Run               Last # of DB Queries
--------------------------------  -----  ---------  --------  ----------  --------------  -------------------  ----------------------
/opt/airflow/dags/fintech_dag.py                           1           0  2.44s           2024-12-21T20:22:00                      12
================================================================================
[2024-12-21T20:22:53.419+0000] {manager.py:997} INFO - 
================================================================================
DAG File Processing Stats

File Path                         PID    Runtime      # DAGs    # Errors  Last Runtime    Last Run               Last # of DB Queries
--------------------------------  -----  ---------  --------  ----------  --------------  -------------------  ----------------------
/opt/airflow/dags/fintech_dag.py                           1           0  2.42s           2024-12-21T20:22:32                      12
================================================================================
[2024-12-21T20:23:23.426+0000] {manager.py:997} INFO - 
================================================================================
DAG File Processing Stats

File Path                         PID    Runtime      # DAGs    # Errors  Last Runtime    Last Run               Last # of DB Queries
--------------------------------  -----  ---------  --------  ----------  --------------  -------------------  ----------------------
/opt/airflow/dags/fintech_dag.py                           1           0  2.56s           2024-12-21T20:23:05                      12
================================================================================
[2024-12-21T20:23:53.510+0000] {manager.py:997} INFO - 
================================================================================
DAG File Processing Stats

File Path                         PID    Runtime      # DAGs    # Errors  Last Runtime    Last Run               Last # of DB Queries
--------------------------------  -----  ---------  --------  ----------  --------------  -------------------  ----------------------
/opt/airflow/dags/fintech_dag.py                           1           0  2.85s           2024-12-21T20:23:38                      12
================================================================================
[2024-12-21T20:24:23.517+0000] {manager.py:997} INFO - 
================================================================================
DAG File Processing Stats

File Path                         PID    Runtime      # DAGs    # Errors  Last Runtime    Last Run               Last # of DB Queries
--------------------------------  -----  ---------  --------  ----------  --------------  -------------------  ----------------------
/opt/airflow/dags/fintech_dag.py                           1           0  2.55s           2024-12-21T20:24:11                      12
================================================================================
[2024-12-21T20:24:34.428+0000] {manager.py:821} INFO - Searching for files in /opt/airflow/dags
[2024-12-21T20:24:34.512+0000] {manager.py:824} INFO - There are 1 files in /opt/airflow/dags
[2024-12-21T20:24:53.942+0000] {manager.py:997} INFO - 
================================================================================
DAG File Processing Stats

File Path                         PID    Runtime      # DAGs    # Errors  Last Runtime    Last Run               Last # of DB Queries
--------------------------------  -----  ---------  --------  ----------  --------------  -------------------  ----------------------
/opt/airflow/dags/fintech_dag.py                           1           0  2.68s           2024-12-21T20:24:44                      12
================================================================================
[2024-12-21T20:25:23.971+0000] {manager.py:997} INFO - 
================================================================================
DAG File Processing Stats

File Path                         PID    Runtime      # DAGs    # Errors  Last Runtime    Last Run               Last # of DB Queries
--------------------------------  -----  ---------  --------  ----------  --------------  -------------------  ----------------------
/opt/airflow/dags/fintech_dag.py                           1           0  2.12s           2024-12-21T20:25:16                      12
================================================================================
[2024-12-21T20:25:54.505+0000] {manager.py:997} INFO - 
================================================================================
DAG File Processing Stats

File Path                         PID    Runtime      # DAGs    # Errors  Last Runtime    Last Run               Last # of DB Queries
--------------------------------  -----  ---------  --------  ----------  --------------  -------------------  ----------------------
/opt/airflow/dags/fintech_dag.py                           1           0  2.13s           2024-12-21T20:25:49                      12
================================================================================
[2024-12-21T20:26:24.931+0000] {manager.py:997} INFO - 
================================================================================
DAG File Processing Stats

File Path                         PID    Runtime      # DAGs    # Errors  Last Runtime    Last Run               Last # of DB Queries
--------------------------------  -----  ---------  --------  ----------  --------------  -------------------  ----------------------
/opt/airflow/dags/fintech_dag.py                           1           0  1.94s           2024-12-21T20:26:21                      12
================================================================================
[2024-12-21T20:26:55.485+0000] {manager.py:997} INFO - 
================================================================================
DAG File Processing Stats

File Path                         PID    Runtime      # DAGs    # Errors  Last Runtime    Last Run               Last # of DB Queries
--------------------------------  -----  ---------  --------  ----------  --------------  -------------------  ----------------------
/opt/airflow/dags/fintech_dag.py                           1           0  2.16s           2024-12-21T20:26:54                      12
================================================================================
[2024-12-21T20:27:26.023+0000] {manager.py:997} INFO - 
================================================================================
DAG File Processing Stats

File Path                           PID  Runtime      # DAGs    # Errors  Last Runtime    Last Run               Last # of DB Queries
--------------------------------  -----  ---------  --------  ----------  --------------  -------------------  ----------------------
/opt/airflow/dags/fintech_dag.py   2094  1.02s             1           0  2.16s           2024-12-21T20:26:54                      12
================================================================================
[2024-12-21T20:27:56.121+0000] {manager.py:997} INFO - 
================================================================================
DAG File Processing Stats

File Path                         PID    Runtime      # DAGs    # Errors  Last Runtime    Last Run               Last # of DB Queries
--------------------------------  -----  ---------  --------  ----------  --------------  -------------------  ----------------------
/opt/airflow/dags/fintech_dag.py                           1           0  2.70s           2024-12-21T20:27:27                      12
================================================================================
[2024-12-21T20:28:26.610+0000] {manager.py:997} INFO - 
================================================================================
DAG File Processing Stats

File Path                         PID    Runtime      # DAGs    # Errors  Last Runtime    Last Run               Last # of DB Queries
--------------------------------  -----  ---------  --------  ----------  --------------  -------------------  ----------------------
/opt/airflow/dags/fintech_dag.py                           1           0  2.20s           2024-12-21T20:28:00                      12
================================================================================
[2024-12-21T20:28:56.907+0000] {manager.py:997} INFO - 
================================================================================
DAG File Processing Stats

File Path                         PID    Runtime      # DAGs    # Errors  Last Runtime    Last Run               Last # of DB Queries
--------------------------------  -----  ---------  --------  ----------  --------------  -------------------  ----------------------
/opt/airflow/dags/fintech_dag.py                           1           0  2.85s           2024-12-21T20:28:33                      12
================================================================================
[2024-12-21T20:29:27.228+0000] {manager.py:997} INFO - 
================================================================================
DAG File Processing Stats

File Path                         PID    Runtime      # DAGs    # Errors  Last Runtime    Last Run               Last # of DB Queries
--------------------------------  -----  ---------  --------  ----------  --------------  -------------------  ----------------------
/opt/airflow/dags/fintech_dag.py                           1           0  2.89s           2024-12-21T20:29:06                      12
================================================================================
[2024-12-21T20:29:34.747+0000] {manager.py:821} INFO - Searching for files in /opt/airflow/dags
[2024-12-21T20:29:34.952+0000] {manager.py:824} INFO - There are 1 files in /opt/airflow/dags
[2024-12-21T20:29:57.677+0000] {manager.py:997} INFO - 
================================================================================
DAG File Processing Stats

File Path                         PID    Runtime      # DAGs    # Errors  Last Runtime    Last Run               Last # of DB Queries
--------------------------------  -----  ---------  --------  ----------  --------------  -------------------  ----------------------
/opt/airflow/dags/fintech_dag.py                           1           0  2.77s           2024-12-21T20:29:39                      12
================================================================================
[2024-12-21T20:30:28.043+0000] {manager.py:997} INFO - 
================================================================================
DAG File Processing Stats

File Path                         PID    Runtime      # DAGs    # Errors  Last Runtime    Last Run               Last # of DB Queries
--------------------------------  -----  ---------  --------  ----------  --------------  -------------------  ----------------------
/opt/airflow/dags/fintech_dag.py                           1           0  2.66s           2024-12-21T20:30:12                      12
================================================================================
[2024-12-21T20:38:00.038+0000] {manager.py:821} INFO - Searching for files in /opt/airflow/dags
[2024-12-21T20:38:00.141+0000] {manager.py:824} INFO - There are 1 files in /opt/airflow/dags
[2024-12-21T20:38:17.892+0000] {manager.py:997} INFO - 
================================================================================
DAG File Processing Stats

File Path                         PID    Runtime      # DAGs    # Errors  Last Runtime    Last Run               Last # of DB Queries
--------------------------------  -----  ---------  --------  ----------  --------------  -------------------  ----------------------
/opt/airflow/dags/fintech_dag.py                           1           0  6.30s           2024-12-21T20:38:06                      12
================================================================================
[2024-12-21T20:38:48.044+0000] {manager.py:997} INFO - 
================================================================================
DAG File Processing Stats

File Path                         PID    Runtime      # DAGs    # Errors  Last Runtime    Last Run               Last # of DB Queries
--------------------------------  -----  ---------  --------  ----------  --------------  -------------------  ----------------------
/opt/airflow/dags/fintech_dag.py                           1           0  1.19s           2024-12-21T20:38:37                      12
================================================================================
[2024-12-21T20:39:18.069+0000] {manager.py:997} INFO - 
================================================================================
DAG File Processing Stats

File Path                         PID    Runtime      # DAGs    # Errors  Last Runtime    Last Run               Last # of DB Queries
--------------------------------  -----  ---------  --------  ----------  --------------  -------------------  ----------------------
/opt/airflow/dags/fintech_dag.py                           1           0  1.95s           2024-12-21T20:39:09                      12
================================================================================
[2024-12-21T20:39:48.461+0000] {manager.py:997} INFO - 
================================================================================
DAG File Processing Stats

File Path                         PID    Runtime      # DAGs    # Errors  Last Runtime    Last Run               Last # of DB Queries
--------------------------------  -----  ---------  --------  ----------  --------------  -------------------  ----------------------
/opt/airflow/dags/fintech_dag.py                           1           0  3.12s           2024-12-21T20:39:43                      12
================================================================================
[2024-12-21T20:40:18.910+0000] {manager.py:997} INFO - 
================================================================================
DAG File Processing Stats

File Path                         PID    Runtime      # DAGs    # Errors  Last Runtime    Last Run               Last # of DB Queries
--------------------------------  -----  ---------  --------  ----------  --------------  -------------------  ----------------------
/opt/airflow/dags/fintech_dag.py                           1           0  3.13s           2024-12-21T20:40:16                      12
================================================================================
[2024-12-21T20:40:49.368+0000] {manager.py:997} INFO - 
================================================================================
DAG File Processing Stats

File Path                           PID  Runtime      # DAGs    # Errors  Last Runtime    Last Run               Last # of DB Queries
--------------------------------  -----  ---------  --------  ----------  --------------  -------------------  ----------------------
/opt/airflow/dags/fintech_dag.py   2309  2.03s             1           0  3.13s           2024-12-21T20:40:16                      12
================================================================================
[2024-12-21T20:41:19.780+0000] {manager.py:997} INFO - 
================================================================================
DAG File Processing Stats

File Path                         PID    Runtime      # DAGs    # Errors  Last Runtime    Last Run               Last # of DB Queries
--------------------------------  -----  ---------  --------  ----------  --------------  -------------------  ----------------------
/opt/airflow/dags/fintech_dag.py                           1           0  3.20s           2024-12-21T20:40:50                      12
================================================================================
[2024-12-21T20:41:49.960+0000] {manager.py:997} INFO - 
================================================================================
DAG File Processing Stats

File Path                         PID    Runtime      # DAGs    # Errors  Last Runtime    Last Run               Last # of DB Queries
--------------------------------  -----  ---------  --------  ----------  --------------  -------------------  ----------------------
/opt/airflow/dags/fintech_dag.py                           1           0  2.69s           2024-12-21T20:41:23                      12
================================================================================
[2024-12-21T20:42:20.484+0000] {manager.py:997} INFO - 
================================================================================
DAG File Processing Stats

File Path                         PID    Runtime      # DAGs    # Errors  Last Runtime    Last Run               Last # of DB Queries
--------------------------------  -----  ---------  --------  ----------  --------------  -------------------  ----------------------
/opt/airflow/dags/fintech_dag.py                           1           0  2.39s           2024-12-21T20:41:56                      12
================================================================================
[2024-12-21T20:42:51.248+0000] {manager.py:997} INFO - 
================================================================================
DAG File Processing Stats

File Path                         PID    Runtime      # DAGs    # Errors  Last Runtime    Last Run               Last # of DB Queries
--------------------------------  -----  ---------  --------  ----------  --------------  -------------------  ----------------------
/opt/airflow/dags/fintech_dag.py                           1           0  2.42s           2024-12-21T20:42:29                      12
================================================================================
[2024-12-21T20:43:00.387+0000] {manager.py:821} INFO - Searching for files in /opt/airflow/dags
[2024-12-21T20:43:00.483+0000] {manager.py:824} INFO - There are 1 files in /opt/airflow/dags
[2024-12-21T20:43:21.374+0000] {manager.py:997} INFO - 
================================================================================
DAG File Processing Stats

File Path                         PID    Runtime      # DAGs    # Errors  Last Runtime    Last Run               Last # of DB Queries
--------------------------------  -----  ---------  --------  ----------  --------------  -------------------  ----------------------
/opt/airflow/dags/fintech_dag.py                           1           0  1.74s           2024-12-21T20:43:01                      12
================================================================================
[2024-12-21T20:43:51.797+0000] {manager.py:997} INFO - 
================================================================================
DAG File Processing Stats

File Path                         PID    Runtime      # DAGs    # Errors  Last Runtime    Last Run               Last # of DB Queries
--------------------------------  -----  ---------  --------  ----------  --------------  -------------------  ----------------------
/opt/airflow/dags/fintech_dag.py                           1           0  2.34s           2024-12-21T20:43:33                      12
================================================================================
[2024-12-21T20:44:22.279+0000] {manager.py:997} INFO - 
================================================================================
DAG File Processing Stats

File Path                         PID    Runtime      # DAGs    # Errors  Last Runtime    Last Run               Last # of DB Queries
--------------------------------  -----  ---------  --------  ----------  --------------  -------------------  ----------------------
/opt/airflow/dags/fintech_dag.py                           1           0  3.07s           2024-12-21T20:44:07                      12
================================================================================
[2024-12-21T20:44:52.807+0000] {manager.py:997} INFO - 
================================================================================
DAG File Processing Stats

File Path                         PID    Runtime      # DAGs    # Errors  Last Runtime    Last Run               Last # of DB Queries
--------------------------------  -----  ---------  --------  ----------  --------------  -------------------  ----------------------
/opt/airflow/dags/fintech_dag.py                           1           0  3.54s           2024-12-21T20:44:41                      12
================================================================================
[2024-12-21T20:45:23.259+0000] {manager.py:997} INFO - 
================================================================================
DAG File Processing Stats

File Path                         PID    Runtime      # DAGs    # Errors  Last Runtime    Last Run               Last # of DB Queries
--------------------------------  -----  ---------  --------  ----------  --------------  -------------------  ----------------------
/opt/airflow/dags/fintech_dag.py                           1           0  2.90s           2024-12-21T20:45:14                      12
================================================================================
[2024-12-21T20:45:53.814+0000] {manager.py:997} INFO - 
================================================================================
DAG File Processing Stats

File Path                         PID    Runtime      # DAGs    # Errors  Last Runtime    Last Run               Last # of DB Queries
--------------------------------  -----  ---------  --------  ----------  --------------  -------------------  ----------------------
/opt/airflow/dags/fintech_dag.py                           1           0  4.09s           2024-12-21T20:45:48                      12
================================================================================
[2024-12-21T20:46:24.291+0000] {manager.py:997} INFO - 
================================================================================
DAG File Processing Stats

File Path                         PID    Runtime      # DAGs    # Errors  Last Runtime    Last Run               Last # of DB Queries
--------------------------------  -----  ---------  --------  ----------  --------------  -------------------  ----------------------
/opt/airflow/dags/fintech_dag.py                           1           0  2.44s           2024-12-21T20:46:21                      12
================================================================================
[2024-12-21T21:12:25.199+0000] {manager.py:821} INFO - Searching for files in /opt/airflow/dags
[2024-12-21T21:12:25.380+0000] {manager.py:824} INFO - There are 1 files in /opt/airflow/dags
[2024-12-21T21:12:53.051+0000] {manager.py:997} INFO - 
================================================================================
DAG File Processing Stats

File Path                         PID    Runtime      # DAGs    # Errors  Last Runtime    Last Run               Last # of DB Queries
--------------------------------  -----  ---------  --------  ----------  --------------  -------------------  ----------------------
/opt/airflow/dags/fintech_dag.py                           1           0  4.67s           2024-12-21T21:12:30                      12
================================================================================
[2024-12-21T21:13:23.292+0000] {manager.py:997} INFO - 
================================================================================
DAG File Processing Stats

File Path                         PID    Runtime      # DAGs    # Errors  Last Runtime    Last Run               Last # of DB Queries
--------------------------------  -----  ---------  --------  ----------  --------------  -------------------  ----------------------
/opt/airflow/dags/fintech_dag.py                           1           0  1.74s           2024-12-21T21:13:02                      12
================================================================================
[2024-12-21T21:13:53.305+0000] {manager.py:997} INFO - 
================================================================================
DAG File Processing Stats

File Path                         PID    Runtime      # DAGs    # Errors  Last Runtime    Last Run               Last # of DB Queries
--------------------------------  -----  ---------  --------  ----------  --------------  -------------------  ----------------------
/opt/airflow/dags/fintech_dag.py                           1           0  1.77s           2024-12-21T21:13:34                      12
================================================================================
[2024-12-21T21:14:23.995+0000] {manager.py:997} INFO - 
================================================================================
DAG File Processing Stats

File Path                         PID    Runtime      # DAGs    # Errors  Last Runtime    Last Run               Last # of DB Queries
--------------------------------  -----  ---------  --------  ----------  --------------  -------------------  ----------------------
/opt/airflow/dags/fintech_dag.py                           1           0  2.44s           2024-12-21T21:14:06                      12
================================================================================
[2024-12-21T21:14:54.159+0000] {manager.py:997} INFO - 
================================================================================
DAG File Processing Stats

File Path                         PID    Runtime      # DAGs    # Errors  Last Runtime    Last Run               Last # of DB Queries
--------------------------------  -----  ---------  --------  ----------  --------------  -------------------  ----------------------
/opt/airflow/dags/fintech_dag.py                           1           0  2.72s           2024-12-21T21:14:39                      12
================================================================================
[2024-12-21T21:15:24.190+0000] {manager.py:997} INFO - 
================================================================================
DAG File Processing Stats

File Path                         PID    Runtime      # DAGs    # Errors  Last Runtime    Last Run               Last # of DB Queries
--------------------------------  -----  ---------  --------  ----------  --------------  -------------------  ----------------------
/opt/airflow/dags/fintech_dag.py                           1           0  4.05s           2024-12-21T21:15:14                      12
================================================================================
[2024-12-21T21:15:54.212+0000] {manager.py:997} INFO - 
================================================================================
DAG File Processing Stats

File Path                         PID    Runtime      # DAGs    # Errors  Last Runtime    Last Run               Last # of DB Queries
--------------------------------  -----  ---------  --------  ----------  --------------  -------------------  ----------------------
/opt/airflow/dags/fintech_dag.py                           1           0  4.75s           2024-12-21T21:15:49                      12
================================================================================
[2024-12-21T21:16:24.904+0000] {manager.py:997} INFO - 
================================================================================
DAG File Processing Stats

File Path                         PID    Runtime      # DAGs    # Errors  Last Runtime    Last Run               Last # of DB Queries
--------------------------------  -----  ---------  --------  ----------  --------------  -------------------  ----------------------
/opt/airflow/dags/fintech_dag.py                           1           0  2.42s           2024-12-21T21:16:22                      12
================================================================================
[2024-12-21T21:16:55.441+0000] {manager.py:997} INFO - 
================================================================================
DAG File Processing Stats

File Path                           PID  Runtime      # DAGs    # Errors  Last Runtime    Last Run               Last # of DB Queries
--------------------------------  -----  ---------  --------  ----------  --------------  -------------------  ----------------------
/opt/airflow/dags/fintech_dag.py   2677  3.06s             1           0  2.42s           2024-12-21T21:16:22                      12
================================================================================
[2024-12-21T21:17:25.348+0000] {manager.py:821} INFO - Searching for files in /opt/airflow/dags
[2024-12-21T21:17:25.493+0000] {manager.py:824} INFO - There are 1 files in /opt/airflow/dags
[2024-12-21T21:17:25.539+0000] {manager.py:997} INFO - 
================================================================================
DAG File Processing Stats

File Path                         PID    Runtime      # DAGs    # Errors  Last Runtime    Last Run               Last # of DB Queries
--------------------------------  -----  ---------  --------  ----------  --------------  -------------------  ----------------------
/opt/airflow/dags/fintech_dag.py                           1           0  3.52s           2024-12-21T21:16:55                      12
================================================================================
[2024-12-21T21:17:55.660+0000] {manager.py:997} INFO - 
================================================================================
DAG File Processing Stats

File Path                         PID    Runtime      # DAGs    # Errors  Last Runtime    Last Run               Last # of DB Queries
--------------------------------  -----  ---------  --------  ----------  --------------  -------------------  ----------------------
/opt/airflow/dags/fintech_dag.py                           1           0  4.19s           2024-12-21T21:17:30                      12
================================================================================
[2024-12-21T21:18:25.920+0000] {manager.py:997} INFO - 
================================================================================
DAG File Processing Stats

File Path                         PID    Runtime      # DAGs    # Errors  Last Runtime    Last Run               Last # of DB Queries
--------------------------------  -----  ---------  --------  ----------  --------------  -------------------  ----------------------
/opt/airflow/dags/fintech_dag.py                           1           0  2.78s           2024-12-21T21:18:03                      12
================================================================================
[2024-12-21T21:18:56.669+0000] {manager.py:997} INFO - 
================================================================================
DAG File Processing Stats

File Path                         PID    Runtime      # DAGs    # Errors  Last Runtime    Last Run               Last # of DB Queries
--------------------------------  -----  ---------  --------  ----------  --------------  -------------------  ----------------------
/opt/airflow/dags/fintech_dag.py                           1           0  2.48s           2024-12-21T21:18:36                      12
================================================================================
[2024-12-21T21:19:26.976+0000] {manager.py:997} INFO - 
================================================================================
DAG File Processing Stats

File Path                         PID    Runtime      # DAGs    # Errors  Last Runtime    Last Run               Last # of DB Queries
--------------------------------  -----  ---------  --------  ----------  --------------  -------------------  ----------------------
/opt/airflow/dags/fintech_dag.py                           1           0  3.87s           2024-12-21T21:19:10                      12
================================================================================
[2024-12-21T21:19:57.023+0000] {manager.py:997} INFO - 
================================================================================
DAG File Processing Stats

File Path                         PID    Runtime      # DAGs    # Errors  Last Runtime    Last Run               Last # of DB Queries
--------------------------------  -----  ---------  --------  ----------  --------------  -------------------  ----------------------
/opt/airflow/dags/fintech_dag.py                           1           0  2.58s           2024-12-21T21:19:43                      12
================================================================================
[2024-12-21T21:20:27.204+0000] {manager.py:997} INFO - 
================================================================================
DAG File Processing Stats

File Path                         PID    Runtime      # DAGs    # Errors  Last Runtime    Last Run               Last # of DB Queries
--------------------------------  -----  ---------  --------  ----------  --------------  -------------------  ----------------------
/opt/airflow/dags/fintech_dag.py                           1           0  3.09s           2024-12-21T21:20:17                      12
================================================================================
[2024-12-21T21:20:57.604+0000] {manager.py:997} INFO - 
================================================================================
DAG File Processing Stats

File Path                         PID    Runtime      # DAGs    # Errors  Last Runtime    Last Run               Last # of DB Queries
--------------------------------  -----  ---------  --------  ----------  --------------  -------------------  ----------------------
/opt/airflow/dags/fintech_dag.py                           1           0  2.62s           2024-12-21T21:20:50                      12
================================================================================
[2024-12-21T21:21:27.622+0000] {manager.py:997} INFO - 
================================================================================
DAG File Processing Stats

File Path                         PID    Runtime      # DAGs    # Errors  Last Runtime    Last Run               Last # of DB Queries
--------------------------------  -----  ---------  --------  ----------  --------------  -------------------  ----------------------
/opt/airflow/dags/fintech_dag.py                           1           0  2.28s           2024-12-21T21:21:22                      12
================================================================================
[2024-12-21T21:21:58.095+0000] {manager.py:997} INFO - 
================================================================================
DAG File Processing Stats

File Path                         PID    Runtime      # DAGs    # Errors  Last Runtime    Last Run               Last # of DB Queries
--------------------------------  -----  ---------  --------  ----------  --------------  -------------------  ----------------------
/opt/airflow/dags/fintech_dag.py                           1           0  2.99s           2024-12-21T21:21:56                      12
================================================================================
[2024-12-21T21:22:25.558+0000] {manager.py:821} INFO - Searching for files in /opt/airflow/dags
[2024-12-21T21:22:25.751+0000] {manager.py:824} INFO - There are 1 files in /opt/airflow/dags
[2024-12-21T21:22:28.933+0000] {manager.py:997} INFO - 
================================================================================
DAG File Processing Stats

File Path                           PID  Runtime      # DAGs    # Errors  Last Runtime    Last Run               Last # of DB Queries
--------------------------------  -----  ---------  --------  ----------  --------------  -------------------  ----------------------
/opt/airflow/dags/fintech_dag.py   2873  2.06s             1           0  2.99s           2024-12-21T21:21:56                      12
================================================================================
[2024-12-21T21:22:59.440+0000] {manager.py:997} INFO - 
================================================================================
DAG File Processing Stats

File Path                         PID    Runtime      # DAGs    # Errors  Last Runtime    Last Run               Last # of DB Queries
--------------------------------  -----  ---------  --------  ----------  --------------  -------------------  ----------------------
/opt/airflow/dags/fintech_dag.py                           1           0  4.21s           2024-12-21T21:22:31                      12
================================================================================
[2024-12-21T21:23:29.507+0000] {manager.py:997} INFO - 
================================================================================
DAG File Processing Stats

File Path                         PID    Runtime      # DAGs    # Errors  Last Runtime    Last Run               Last # of DB Queries
--------------------------------  -----  ---------  --------  ----------  --------------  -------------------  ----------------------
/opt/airflow/dags/fintech_dag.py                           1           0  4.49s           2024-12-21T21:23:06                      12
================================================================================
[2024-12-21T21:23:59.638+0000] {manager.py:997} INFO - 
================================================================================
DAG File Processing Stats

File Path                         PID    Runtime      # DAGs    # Errors  Last Runtime    Last Run               Last # of DB Queries
--------------------------------  -----  ---------  --------  ----------  --------------  -------------------  ----------------------
/opt/airflow/dags/fintech_dag.py                           1           0  4.10s           2024-12-21T21:23:40                      12
================================================================================
[2024-12-21T21:24:30.200+0000] {manager.py:997} INFO - 
================================================================================
DAG File Processing Stats

File Path                         PID    Runtime      # DAGs    # Errors  Last Runtime    Last Run               Last # of DB Queries
--------------------------------  -----  ---------  --------  ----------  --------------  -------------------  ----------------------
/opt/airflow/dags/fintech_dag.py                           1           0  3.15s           2024-12-21T21:24:14                      12
================================================================================
[2024-12-21T21:25:00.217+0000] {manager.py:997} INFO - 
================================================================================
DAG File Processing Stats

File Path                         PID    Runtime      # DAGs    # Errors  Last Runtime    Last Run               Last # of DB Queries
--------------------------------  -----  ---------  --------  ----------  --------------  -------------------  ----------------------
/opt/airflow/dags/fintech_dag.py                           1           0  3.54s           2024-12-21T21:24:47                      12
================================================================================
[2024-12-21T21:25:30.231+0000] {manager.py:997} INFO - 
================================================================================
DAG File Processing Stats

File Path                         PID    Runtime      # DAGs    # Errors  Last Runtime    Last Run               Last # of DB Queries
--------------------------------  -----  ---------  --------  ----------  --------------  -------------------  ----------------------
/opt/airflow/dags/fintech_dag.py                           1           0  3.99s           2024-12-21T21:25:22                      12
================================================================================
[2024-12-21T21:26:01.111+0000] {manager.py:997} INFO - 
================================================================================
DAG File Processing Stats

File Path                         PID    Runtime      # DAGs    # Errors  Last Runtime    Last Run               Last # of DB Queries
--------------------------------  -----  ---------  --------  ----------  --------------  -------------------  ----------------------
/opt/airflow/dags/fintech_dag.py                           1           0  3.42s           2024-12-21T21:25:56                      12
================================================================================
[2024-12-21T21:26:31.690+0000] {manager.py:997} INFO - 
================================================================================
DAG File Processing Stats

File Path                         PID    Runtime      # DAGs    # Errors  Last Runtime    Last Run               Last # of DB Queries
--------------------------------  -----  ---------  --------  ----------  --------------  -------------------  ----------------------
/opt/airflow/dags/fintech_dag.py                           1           0  3.31s           2024-12-21T21:26:29                      12
================================================================================
[2024-12-21T21:27:02.204+0000] {manager.py:997} INFO - 
================================================================================
DAG File Processing Stats

File Path                           PID  Runtime      # DAGs    # Errors  Last Runtime    Last Run               Last # of DB Queries
--------------------------------  -----  ---------  --------  ----------  --------------  -------------------  ----------------------
/opt/airflow/dags/fintech_dag.py   3032  2.05s             1           0  3.31s           2024-12-21T21:26:29                      12
================================================================================
[2024-12-21T21:27:25.788+0000] {manager.py:821} INFO - Searching for files in /opt/airflow/dags
[2024-12-21T21:27:25.868+0000] {manager.py:824} INFO - There are 1 files in /opt/airflow/dags
[2024-12-21T21:27:32.338+0000] {manager.py:997} INFO - 
================================================================================
DAG File Processing Stats

File Path                         PID    Runtime      # DAGs    # Errors  Last Runtime    Last Run               Last # of DB Queries
--------------------------------  -----  ---------  --------  ----------  --------------  -------------------  ----------------------
/opt/airflow/dags/fintech_dag.py                           1           0  3.72s           2024-12-21T21:27:03                      12
================================================================================
[2024-12-21T21:28:02.461+0000] {manager.py:997} INFO - 
================================================================================
DAG File Processing Stats

File Path                         PID    Runtime      # DAGs    # Errors  Last Runtime    Last Run               Last # of DB Queries
--------------------------------  -----  ---------  --------  ----------  --------------  -------------------  ----------------------
/opt/airflow/dags/fintech_dag.py                           1           0  3.24s           2024-12-21T21:27:37                      12
================================================================================
[2024-12-21T21:28:33.149+0000] {manager.py:997} INFO - 
================================================================================
DAG File Processing Stats

File Path                         PID    Runtime      # DAGs    # Errors  Last Runtime    Last Run               Last # of DB Queries
--------------------------------  -----  ---------  --------  ----------  --------------  -------------------  ----------------------
/opt/airflow/dags/fintech_dag.py                           1           0  2.33s           2024-12-21T21:28:09                      12
================================================================================
[2024-12-21T21:29:03.652+0000] {manager.py:997} INFO - 
================================================================================
DAG File Processing Stats

File Path                         PID    Runtime      # DAGs    # Errors  Last Runtime    Last Run               Last # of DB Queries
--------------------------------  -----  ---------  --------  ----------  --------------  -------------------  ----------------------
/opt/airflow/dags/fintech_dag.py                           1           0  3.22s           2024-12-21T21:28:43                      12
================================================================================
[2024-12-21T21:29:20.970+0000] {manager.py:465} INFO - Exiting gracefully upon receiving signal 15
