[2024-12-20T00:00:17.246+0000] {processor.py:186} INFO - Started process (PID=347) to work on /opt/airflow/dags/fintech_dag.py
[2024-12-20T00:00:17.247+0000] {processor.py:914} INFO - Processing file /opt/airflow/dags/fintech_dag.py for tasks to queue
[2024-12-20T00:00:17.250+0000] {logging_mixin.py:190} INFO - [2024-12-20T00:00:17.250+0000] {dagbag.py:588} INFO - Filling up the DagBag from /opt/airflow/dags/fintech_dag.py
[2024-12-20T00:00:18.588+0000] {processor.py:925} INFO - DAG(s) 'fintech_pipeline' retrieved from /opt/airflow/dags/fintech_dag.py
[2024-12-20T00:00:18.699+0000] {logging_mixin.py:190} INFO - [2024-12-20T00:00:18.698+0000] {dag.py:3239} INFO - Sync 1 DAGs
[2024-12-20T00:00:18.722+0000] {logging_mixin.py:190} INFO - [2024-12-20T00:00:18.721+0000] {dag.py:4180} INFO - Setting next_dagrun for fintech_pipeline to None, run_after=None
[2024-12-20T00:00:18.745+0000] {processor.py:208} INFO - Processing /opt/airflow/dags/fintech_dag.py took 1.507 seconds
[2024-12-20T00:00:49.007+0000] {processor.py:186} INFO - Started process (PID=366) to work on /opt/airflow/dags/fintech_dag.py
[2024-12-20T00:00:49.008+0000] {processor.py:914} INFO - Processing file /opt/airflow/dags/fintech_dag.py for tasks to queue
[2024-12-20T00:00:49.011+0000] {logging_mixin.py:190} INFO - [2024-12-20T00:00:49.010+0000] {dagbag.py:588} INFO - Filling up the DagBag from /opt/airflow/dags/fintech_dag.py
[2024-12-20T00:00:50.182+0000] {processor.py:925} INFO - DAG(s) 'fintech_pipeline' retrieved from /opt/airflow/dags/fintech_dag.py
[2024-12-20T00:00:50.205+0000] {logging_mixin.py:190} INFO - [2024-12-20T00:00:50.204+0000] {dag.py:3239} INFO - Sync 1 DAGs
[2024-12-20T00:00:50.226+0000] {logging_mixin.py:190} INFO - [2024-12-20T00:00:50.226+0000] {dag.py:4180} INFO - Setting next_dagrun for fintech_pipeline to None, run_after=None
[2024-12-20T00:00:50.245+0000] {processor.py:208} INFO - Processing /opt/airflow/dags/fintech_dag.py took 1.244 seconds
[2024-12-20T00:01:20.491+0000] {processor.py:186} INFO - Started process (PID=385) to work on /opt/airflow/dags/fintech_dag.py
[2024-12-20T00:01:20.492+0000] {processor.py:914} INFO - Processing file /opt/airflow/dags/fintech_dag.py for tasks to queue
[2024-12-20T00:01:20.495+0000] {logging_mixin.py:190} INFO - [2024-12-20T00:01:20.494+0000] {dagbag.py:588} INFO - Filling up the DagBag from /opt/airflow/dags/fintech_dag.py
[2024-12-20T00:01:21.595+0000] {processor.py:925} INFO - DAG(s) 'fintech_pipeline' retrieved from /opt/airflow/dags/fintech_dag.py
[2024-12-20T00:01:21.616+0000] {logging_mixin.py:190} INFO - [2024-12-20T00:01:21.616+0000] {dag.py:3239} INFO - Sync 1 DAGs
[2024-12-20T00:01:21.636+0000] {logging_mixin.py:190} INFO - [2024-12-20T00:01:21.635+0000] {dag.py:4180} INFO - Setting next_dagrun for fintech_pipeline to None, run_after=None
[2024-12-20T00:01:21.652+0000] {processor.py:208} INFO - Processing /opt/airflow/dags/fintech_dag.py took 1.168 seconds
[2024-12-20T00:01:51.716+0000] {processor.py:186} INFO - Started process (PID=404) to work on /opt/airflow/dags/fintech_dag.py
[2024-12-20T00:01:51.717+0000] {processor.py:914} INFO - Processing file /opt/airflow/dags/fintech_dag.py for tasks to queue
[2024-12-20T00:01:51.719+0000] {logging_mixin.py:190} INFO - [2024-12-20T00:01:51.719+0000] {dagbag.py:588} INFO - Filling up the DagBag from /opt/airflow/dags/fintech_dag.py
[2024-12-20T00:01:52.801+0000] {processor.py:925} INFO - DAG(s) 'fintech_pipeline' retrieved from /opt/airflow/dags/fintech_dag.py
[2024-12-20T00:01:52.822+0000] {logging_mixin.py:190} INFO - [2024-12-20T00:01:52.821+0000] {dag.py:3239} INFO - Sync 1 DAGs
[2024-12-20T00:01:52.838+0000] {logging_mixin.py:190} INFO - [2024-12-20T00:01:52.838+0000] {dag.py:4180} INFO - Setting next_dagrun for fintech_pipeline to None, run_after=None
[2024-12-20T00:01:52.863+0000] {processor.py:208} INFO - Processing /opt/airflow/dags/fintech_dag.py took 1.153 seconds
[2024-12-20T00:02:23.101+0000] {processor.py:186} INFO - Started process (PID=423) to work on /opt/airflow/dags/fintech_dag.py
[2024-12-20T00:02:23.102+0000] {processor.py:914} INFO - Processing file /opt/airflow/dags/fintech_dag.py for tasks to queue
[2024-12-20T00:02:23.105+0000] {logging_mixin.py:190} INFO - [2024-12-20T00:02:23.104+0000] {dagbag.py:588} INFO - Filling up the DagBag from /opt/airflow/dags/fintech_dag.py
[2024-12-20T00:02:24.166+0000] {processor.py:925} INFO - DAG(s) 'fintech_pipeline' retrieved from /opt/airflow/dags/fintech_dag.py
[2024-12-20T00:02:24.186+0000] {logging_mixin.py:190} INFO - [2024-12-20T00:02:24.186+0000] {dag.py:3239} INFO - Sync 1 DAGs
[2024-12-20T00:02:24.203+0000] {logging_mixin.py:190} INFO - [2024-12-20T00:02:24.203+0000] {dag.py:4180} INFO - Setting next_dagrun for fintech_pipeline to None, run_after=None
[2024-12-20T00:02:24.228+0000] {processor.py:208} INFO - Processing /opt/airflow/dags/fintech_dag.py took 1.133 seconds
[2024-12-20T00:02:54.393+0000] {processor.py:186} INFO - Started process (PID=442) to work on /opt/airflow/dags/fintech_dag.py
[2024-12-20T00:02:54.395+0000] {processor.py:914} INFO - Processing file /opt/airflow/dags/fintech_dag.py for tasks to queue
[2024-12-20T00:02:54.397+0000] {logging_mixin.py:190} INFO - [2024-12-20T00:02:54.397+0000] {dagbag.py:588} INFO - Filling up the DagBag from /opt/airflow/dags/fintech_dag.py
[2024-12-20T00:02:55.566+0000] {processor.py:925} INFO - DAG(s) 'fintech_pipeline' retrieved from /opt/airflow/dags/fintech_dag.py
[2024-12-20T00:02:55.587+0000] {logging_mixin.py:190} INFO - [2024-12-20T00:02:55.587+0000] {dag.py:3239} INFO - Sync 1 DAGs
[2024-12-20T00:02:55.605+0000] {logging_mixin.py:190} INFO - [2024-12-20T00:02:55.605+0000] {dag.py:4180} INFO - Setting next_dagrun for fintech_pipeline to None, run_after=None
[2024-12-20T00:02:55.623+0000] {processor.py:208} INFO - Processing /opt/airflow/dags/fintech_dag.py took 1.236 seconds
[2024-12-20T00:03:25.869+0000] {processor.py:186} INFO - Started process (PID=461) to work on /opt/airflow/dags/fintech_dag.py
[2024-12-20T00:03:25.870+0000] {processor.py:914} INFO - Processing file /opt/airflow/dags/fintech_dag.py for tasks to queue
[2024-12-20T00:03:25.875+0000] {logging_mixin.py:190} INFO - [2024-12-20T00:03:25.875+0000] {dagbag.py:588} INFO - Filling up the DagBag from /opt/airflow/dags/fintech_dag.py
[2024-12-20T00:03:27.176+0000] {processor.py:925} INFO - DAG(s) 'fintech_pipeline' retrieved from /opt/airflow/dags/fintech_dag.py
[2024-12-20T00:03:27.198+0000] {logging_mixin.py:190} INFO - [2024-12-20T00:03:27.197+0000] {dag.py:3239} INFO - Sync 1 DAGs
[2024-12-20T00:03:27.217+0000] {logging_mixin.py:190} INFO - [2024-12-20T00:03:27.217+0000] {dag.py:4180} INFO - Setting next_dagrun for fintech_pipeline to None, run_after=None
[2024-12-20T00:03:27.236+0000] {processor.py:208} INFO - Processing /opt/airflow/dags/fintech_dag.py took 1.378 seconds
[2024-12-20T00:03:57.482+0000] {processor.py:186} INFO - Started process (PID=480) to work on /opt/airflow/dags/fintech_dag.py
[2024-12-20T00:03:57.483+0000] {processor.py:914} INFO - Processing file /opt/airflow/dags/fintech_dag.py for tasks to queue
[2024-12-20T00:03:57.486+0000] {logging_mixin.py:190} INFO - [2024-12-20T00:03:57.486+0000] {dagbag.py:588} INFO - Filling up the DagBag from /opt/airflow/dags/fintech_dag.py
[2024-12-20T00:03:58.629+0000] {processor.py:925} INFO - DAG(s) 'fintech_pipeline' retrieved from /opt/airflow/dags/fintech_dag.py
[2024-12-20T00:03:58.648+0000] {logging_mixin.py:190} INFO - [2024-12-20T00:03:58.648+0000] {dag.py:3239} INFO - Sync 1 DAGs
[2024-12-20T00:03:58.666+0000] {logging_mixin.py:190} INFO - [2024-12-20T00:03:58.666+0000] {dag.py:4180} INFO - Setting next_dagrun for fintech_pipeline to None, run_after=None
[2024-12-20T00:03:58.682+0000] {processor.py:208} INFO - Processing /opt/airflow/dags/fintech_dag.py took 1.206 seconds
[2024-12-20T00:04:28.921+0000] {processor.py:186} INFO - Started process (PID=499) to work on /opt/airflow/dags/fintech_dag.py
[2024-12-20T00:04:28.922+0000] {processor.py:914} INFO - Processing file /opt/airflow/dags/fintech_dag.py for tasks to queue
[2024-12-20T00:04:28.924+0000] {logging_mixin.py:190} INFO - [2024-12-20T00:04:28.924+0000] {dagbag.py:588} INFO - Filling up the DagBag from /opt/airflow/dags/fintech_dag.py
[2024-12-20T00:04:29.950+0000] {processor.py:925} INFO - DAG(s) 'fintech_pipeline' retrieved from /opt/airflow/dags/fintech_dag.py
[2024-12-20T00:04:29.972+0000] {logging_mixin.py:190} INFO - [2024-12-20T00:04:29.972+0000] {dag.py:3239} INFO - Sync 1 DAGs
[2024-12-20T00:04:29.991+0000] {logging_mixin.py:190} INFO - [2024-12-20T00:04:29.991+0000] {dag.py:4180} INFO - Setting next_dagrun for fintech_pipeline to None, run_after=None
[2024-12-20T00:04:30.012+0000] {processor.py:208} INFO - Processing /opt/airflow/dags/fintech_dag.py took 1.097 seconds
[2024-12-20T00:05:00.140+0000] {processor.py:186} INFO - Started process (PID=518) to work on /opt/airflow/dags/fintech_dag.py
[2024-12-20T00:05:00.141+0000] {processor.py:914} INFO - Processing file /opt/airflow/dags/fintech_dag.py for tasks to queue
[2024-12-20T00:05:00.144+0000] {logging_mixin.py:190} INFO - [2024-12-20T00:05:00.144+0000] {dagbag.py:588} INFO - Filling up the DagBag from /opt/airflow/dags/fintech_dag.py
[2024-12-20T00:05:01.333+0000] {processor.py:925} INFO - DAG(s) 'fintech_pipeline' retrieved from /opt/airflow/dags/fintech_dag.py
[2024-12-20T00:05:01.354+0000] {logging_mixin.py:190} INFO - [2024-12-20T00:05:01.354+0000] {dag.py:3239} INFO - Sync 1 DAGs
[2024-12-20T00:05:01.372+0000] {logging_mixin.py:190} INFO - [2024-12-20T00:05:01.372+0000] {dag.py:4180} INFO - Setting next_dagrun for fintech_pipeline to None, run_after=None
[2024-12-20T00:05:01.390+0000] {processor.py:208} INFO - Processing /opt/airflow/dags/fintech_dag.py took 1.257 seconds
[2024-12-20T00:05:31.453+0000] {processor.py:186} INFO - Started process (PID=537) to work on /opt/airflow/dags/fintech_dag.py
[2024-12-20T00:05:31.454+0000] {processor.py:914} INFO - Processing file /opt/airflow/dags/fintech_dag.py for tasks to queue
[2024-12-20T00:05:31.457+0000] {logging_mixin.py:190} INFO - [2024-12-20T00:05:31.456+0000] {dagbag.py:588} INFO - Filling up the DagBag from /opt/airflow/dags/fintech_dag.py
[2024-12-20T00:05:32.609+0000] {processor.py:925} INFO - DAG(s) 'fintech_pipeline' retrieved from /opt/airflow/dags/fintech_dag.py
[2024-12-20T00:05:32.630+0000] {logging_mixin.py:190} INFO - [2024-12-20T00:05:32.630+0000] {dag.py:3239} INFO - Sync 1 DAGs
[2024-12-20T00:05:32.648+0000] {logging_mixin.py:190} INFO - [2024-12-20T00:05:32.648+0000] {dag.py:4180} INFO - Setting next_dagrun for fintech_pipeline to None, run_after=None
[2024-12-20T00:05:32.666+0000] {processor.py:208} INFO - Processing /opt/airflow/dags/fintech_dag.py took 1.219 seconds
[2024-12-20T00:06:02.851+0000] {processor.py:186} INFO - Started process (PID=556) to work on /opt/airflow/dags/fintech_dag.py
[2024-12-20T00:06:02.852+0000] {processor.py:914} INFO - Processing file /opt/airflow/dags/fintech_dag.py for tasks to queue
[2024-12-20T00:06:02.854+0000] {logging_mixin.py:190} INFO - [2024-12-20T00:06:02.854+0000] {dagbag.py:588} INFO - Filling up the DagBag from /opt/airflow/dags/fintech_dag.py
[2024-12-20T00:06:04.053+0000] {processor.py:925} INFO - DAG(s) 'fintech_pipeline' retrieved from /opt/airflow/dags/fintech_dag.py
[2024-12-20T00:06:04.078+0000] {logging_mixin.py:190} INFO - [2024-12-20T00:06:04.077+0000] {dag.py:3239} INFO - Sync 1 DAGs
[2024-12-20T00:06:04.099+0000] {logging_mixin.py:190} INFO - [2024-12-20T00:06:04.099+0000] {dag.py:4180} INFO - Setting next_dagrun for fintech_pipeline to None, run_after=None
[2024-12-20T00:06:04.117+0000] {processor.py:208} INFO - Processing /opt/airflow/dags/fintech_dag.py took 1.274 seconds
[2024-12-20T00:06:34.449+0000] {processor.py:186} INFO - Started process (PID=575) to work on /opt/airflow/dags/fintech_dag.py
[2024-12-20T00:06:34.450+0000] {processor.py:914} INFO - Processing file /opt/airflow/dags/fintech_dag.py for tasks to queue
[2024-12-20T00:06:34.453+0000] {logging_mixin.py:190} INFO - [2024-12-20T00:06:34.453+0000] {dagbag.py:588} INFO - Filling up the DagBag from /opt/airflow/dags/fintech_dag.py
[2024-12-20T00:06:35.566+0000] {processor.py:925} INFO - DAG(s) 'fintech_pipeline' retrieved from /opt/airflow/dags/fintech_dag.py
[2024-12-20T00:06:35.586+0000] {logging_mixin.py:190} INFO - [2024-12-20T00:06:35.586+0000] {dag.py:3239} INFO - Sync 1 DAGs
[2024-12-20T00:06:35.604+0000] {logging_mixin.py:190} INFO - [2024-12-20T00:06:35.605+0000] {dag.py:4180} INFO - Setting next_dagrun for fintech_pipeline to None, run_after=None
[2024-12-20T00:06:35.623+0000] {processor.py:208} INFO - Processing /opt/airflow/dags/fintech_dag.py took 1.181 seconds
[2024-12-20T00:07:05.672+0000] {processor.py:186} INFO - Started process (PID=600) to work on /opt/airflow/dags/fintech_dag.py
[2024-12-20T00:07:05.673+0000] {processor.py:914} INFO - Processing file /opt/airflow/dags/fintech_dag.py for tasks to queue
[2024-12-20T00:07:05.677+0000] {logging_mixin.py:190} INFO - [2024-12-20T00:07:05.676+0000] {dagbag.py:588} INFO - Filling up the DagBag from /opt/airflow/dags/fintech_dag.py
[2024-12-20T00:07:06.780+0000] {processor.py:925} INFO - DAG(s) 'fintech_pipeline' retrieved from /opt/airflow/dags/fintech_dag.py
[2024-12-20T00:07:06.802+0000] {logging_mixin.py:190} INFO - [2024-12-20T00:07:06.802+0000] {dag.py:3239} INFO - Sync 1 DAGs
[2024-12-20T00:07:06.825+0000] {logging_mixin.py:190} INFO - [2024-12-20T00:07:06.824+0000] {dag.py:4180} INFO - Setting next_dagrun for fintech_pipeline to None, run_after=None
[2024-12-20T00:07:06.846+0000] {processor.py:208} INFO - Processing /opt/airflow/dags/fintech_dag.py took 1.180 seconds
[2024-12-20T00:07:37.162+0000] {processor.py:186} INFO - Started process (PID=619) to work on /opt/airflow/dags/fintech_dag.py
[2024-12-20T00:07:37.163+0000] {processor.py:914} INFO - Processing file /opt/airflow/dags/fintech_dag.py for tasks to queue
[2024-12-20T00:07:37.166+0000] {logging_mixin.py:190} INFO - [2024-12-20T00:07:37.166+0000] {dagbag.py:588} INFO - Filling up the DagBag from /opt/airflow/dags/fintech_dag.py
[2024-12-20T00:07:38.413+0000] {processor.py:925} INFO - DAG(s) 'fintech_pipeline' retrieved from /opt/airflow/dags/fintech_dag.py
[2024-12-20T00:07:38.434+0000] {logging_mixin.py:190} INFO - [2024-12-20T00:07:38.433+0000] {dag.py:3239} INFO - Sync 1 DAGs
[2024-12-20T00:07:38.454+0000] {logging_mixin.py:190} INFO - [2024-12-20T00:07:38.454+0000] {dag.py:4180} INFO - Setting next_dagrun for fintech_pipeline to None, run_after=None
[2024-12-20T00:07:38.480+0000] {processor.py:208} INFO - Processing /opt/airflow/dags/fintech_dag.py took 1.324 seconds
[2024-12-20T00:08:08.723+0000] {processor.py:186} INFO - Started process (PID=638) to work on /opt/airflow/dags/fintech_dag.py
[2024-12-20T00:08:08.724+0000] {processor.py:914} INFO - Processing file /opt/airflow/dags/fintech_dag.py for tasks to queue
[2024-12-20T00:08:08.727+0000] {logging_mixin.py:190} INFO - [2024-12-20T00:08:08.726+0000] {dagbag.py:588} INFO - Filling up the DagBag from /opt/airflow/dags/fintech_dag.py
[2024-12-20T00:08:10.150+0000] {processor.py:925} INFO - DAG(s) 'fintech_pipeline' retrieved from /opt/airflow/dags/fintech_dag.py
[2024-12-20T00:08:10.175+0000] {logging_mixin.py:190} INFO - [2024-12-20T00:08:10.175+0000] {dag.py:3239} INFO - Sync 1 DAGs
[2024-12-20T00:08:10.199+0000] {logging_mixin.py:190} INFO - [2024-12-20T00:08:10.199+0000] {dag.py:4180} INFO - Setting next_dagrun for fintech_pipeline to None, run_after=None
[2024-12-20T00:08:10.228+0000] {processor.py:208} INFO - Processing /opt/airflow/dags/fintech_dag.py took 1.515 seconds
[2024-12-20T00:09:31.279+0000] {processor.py:186} INFO - Started process (PID=74) to work on /opt/airflow/dags/fintech_dag.py
[2024-12-20T00:09:31.280+0000] {processor.py:914} INFO - Processing file /opt/airflow/dags/fintech_dag.py for tasks to queue
[2024-12-20T00:09:31.283+0000] {logging_mixin.py:190} INFO - [2024-12-20T00:09:31.282+0000] {dagbag.py:588} INFO - Filling up the DagBag from /opt/airflow/dags/fintech_dag.py
[2024-12-20T00:09:33.797+0000] {processor.py:925} INFO - DAG(s) 'fintech_pipeline' retrieved from /opt/airflow/dags/fintech_dag.py
[2024-12-20T00:09:33.831+0000] {logging_mixin.py:190} INFO - [2024-12-20T00:09:33.831+0000] {dag.py:3239} INFO - Sync 1 DAGs
[2024-12-20T00:09:33.850+0000] {logging_mixin.py:190} INFO - [2024-12-20T00:09:33.850+0000] {dag.py:4180} INFO - Setting next_dagrun for fintech_pipeline to None, run_after=None
[2024-12-20T00:09:33.874+0000] {processor.py:208} INFO - Processing /opt/airflow/dags/fintech_dag.py took 2.609 seconds
[2024-12-20T00:10:04.135+0000] {processor.py:186} INFO - Started process (PID=93) to work on /opt/airflow/dags/fintech_dag.py
[2024-12-20T00:10:04.137+0000] {processor.py:914} INFO - Processing file /opt/airflow/dags/fintech_dag.py for tasks to queue
[2024-12-20T00:10:04.139+0000] {logging_mixin.py:190} INFO - [2024-12-20T00:10:04.139+0000] {dagbag.py:588} INFO - Filling up the DagBag from /opt/airflow/dags/fintech_dag.py
[2024-12-20T00:10:05.299+0000] {processor.py:925} INFO - DAG(s) 'fintech_pipeline' retrieved from /opt/airflow/dags/fintech_dag.py
[2024-12-20T00:10:05.322+0000] {logging_mixin.py:190} INFO - [2024-12-20T00:10:05.322+0000] {dag.py:3239} INFO - Sync 1 DAGs
[2024-12-20T00:10:05.343+0000] {logging_mixin.py:190} INFO - [2024-12-20T00:10:05.343+0000] {dag.py:4180} INFO - Setting next_dagrun for fintech_pipeline to None, run_after=None
[2024-12-20T00:10:05.362+0000] {processor.py:208} INFO - Processing /opt/airflow/dags/fintech_dag.py took 1.234 seconds
[2024-12-20T00:10:35.624+0000] {processor.py:186} INFO - Started process (PID=112) to work on /opt/airflow/dags/fintech_dag.py
[2024-12-20T00:10:35.626+0000] {processor.py:914} INFO - Processing file /opt/airflow/dags/fintech_dag.py for tasks to queue
[2024-12-20T00:10:35.630+0000] {logging_mixin.py:190} INFO - [2024-12-20T00:10:35.629+0000] {dagbag.py:588} INFO - Filling up the DagBag from /opt/airflow/dags/fintech_dag.py
[2024-12-20T00:10:36.869+0000] {processor.py:925} INFO - DAG(s) 'fintech_pipeline' retrieved from /opt/airflow/dags/fintech_dag.py
[2024-12-20T00:10:36.892+0000] {logging_mixin.py:190} INFO - [2024-12-20T00:10:36.892+0000] {dag.py:3239} INFO - Sync 1 DAGs
[2024-12-20T00:10:36.913+0000] {logging_mixin.py:190} INFO - [2024-12-20T00:10:36.912+0000] {dag.py:4180} INFO - Setting next_dagrun for fintech_pipeline to None, run_after=None
[2024-12-20T00:10:36.932+0000] {processor.py:208} INFO - Processing /opt/airflow/dags/fintech_dag.py took 1.317 seconds
[2024-12-20T00:11:07.186+0000] {processor.py:186} INFO - Started process (PID=131) to work on /opt/airflow/dags/fintech_dag.py
[2024-12-20T00:11:07.187+0000] {processor.py:914} INFO - Processing file /opt/airflow/dags/fintech_dag.py for tasks to queue
[2024-12-20T00:11:07.189+0000] {logging_mixin.py:190} INFO - [2024-12-20T00:11:07.189+0000] {dagbag.py:588} INFO - Filling up the DagBag from /opt/airflow/dags/fintech_dag.py
[2024-12-20T00:11:08.404+0000] {processor.py:925} INFO - DAG(s) 'fintech_pipeline' retrieved from /opt/airflow/dags/fintech_dag.py
[2024-12-20T00:11:08.424+0000] {logging_mixin.py:190} INFO - [2024-12-20T00:11:08.424+0000] {dag.py:3239} INFO - Sync 1 DAGs
[2024-12-20T00:11:08.441+0000] {logging_mixin.py:190} INFO - [2024-12-20T00:11:08.441+0000] {dag.py:4180} INFO - Setting next_dagrun for fintech_pipeline to None, run_after=None
[2024-12-20T00:11:08.552+0000] {processor.py:208} INFO - Processing /opt/airflow/dags/fintech_dag.py took 1.372 seconds
[2024-12-20T00:11:38.848+0000] {processor.py:186} INFO - Started process (PID=150) to work on /opt/airflow/dags/fintech_dag.py
[2024-12-20T00:11:38.850+0000] {processor.py:914} INFO - Processing file /opt/airflow/dags/fintech_dag.py for tasks to queue
[2024-12-20T00:11:38.855+0000] {logging_mixin.py:190} INFO - [2024-12-20T00:11:38.854+0000] {dagbag.py:588} INFO - Filling up the DagBag from /opt/airflow/dags/fintech_dag.py
[2024-12-20T00:11:40.371+0000] {processor.py:925} INFO - DAG(s) 'fintech_pipeline' retrieved from /opt/airflow/dags/fintech_dag.py
[2024-12-20T00:11:40.394+0000] {logging_mixin.py:190} INFO - [2024-12-20T00:11:40.394+0000] {dag.py:3239} INFO - Sync 1 DAGs
[2024-12-20T00:11:40.522+0000] {logging_mixin.py:190} INFO - [2024-12-20T00:11:40.522+0000] {dag.py:4180} INFO - Setting next_dagrun for fintech_pipeline to None, run_after=None
[2024-12-20T00:11:40.544+0000] {processor.py:208} INFO - Processing /opt/airflow/dags/fintech_dag.py took 1.707 seconds
[2024-12-20T00:12:10.628+0000] {processor.py:186} INFO - Started process (PID=169) to work on /opt/airflow/dags/fintech_dag.py
[2024-12-20T00:12:10.629+0000] {processor.py:914} INFO - Processing file /opt/airflow/dags/fintech_dag.py for tasks to queue
[2024-12-20T00:12:10.632+0000] {logging_mixin.py:190} INFO - [2024-12-20T00:12:10.631+0000] {dagbag.py:588} INFO - Filling up the DagBag from /opt/airflow/dags/fintech_dag.py
[2024-12-20T00:12:11.697+0000] {processor.py:925} INFO - DAG(s) 'fintech_pipeline' retrieved from /opt/airflow/dags/fintech_dag.py
[2024-12-20T00:12:11.723+0000] {logging_mixin.py:190} INFO - [2024-12-20T00:12:11.722+0000] {dag.py:3239} INFO - Sync 1 DAGs
[2024-12-20T00:12:11.856+0000] {logging_mixin.py:190} INFO - [2024-12-20T00:12:11.856+0000] {dag.py:4180} INFO - Setting next_dagrun for fintech_pipeline to None, run_after=None
[2024-12-20T00:12:11.875+0000] {processor.py:208} INFO - Processing /opt/airflow/dags/fintech_dag.py took 1.253 seconds
[2024-12-20T00:12:42.006+0000] {processor.py:186} INFO - Started process (PID=188) to work on /opt/airflow/dags/fintech_dag.py
[2024-12-20T00:12:42.007+0000] {processor.py:914} INFO - Processing file /opt/airflow/dags/fintech_dag.py for tasks to queue
[2024-12-20T00:12:42.009+0000] {logging_mixin.py:190} INFO - [2024-12-20T00:12:42.009+0000] {dagbag.py:588} INFO - Filling up the DagBag from /opt/airflow/dags/fintech_dag.py
[2024-12-20T00:12:43.114+0000] {processor.py:925} INFO - DAG(s) 'fintech_pipeline' retrieved from /opt/airflow/dags/fintech_dag.py
[2024-12-20T00:12:43.221+0000] {logging_mixin.py:190} INFO - [2024-12-20T00:12:43.221+0000] {dag.py:3239} INFO - Sync 1 DAGs
[2024-12-20T00:12:43.239+0000] {logging_mixin.py:190} INFO - [2024-12-20T00:12:43.239+0000] {dag.py:4180} INFO - Setting next_dagrun for fintech_pipeline to None, run_after=None
[2024-12-20T00:12:43.265+0000] {processor.py:208} INFO - Processing /opt/airflow/dags/fintech_dag.py took 1.265 seconds
[2024-12-20T00:13:13.321+0000] {processor.py:186} INFO - Started process (PID=207) to work on /opt/airflow/dags/fintech_dag.py
[2024-12-20T00:13:13.323+0000] {processor.py:914} INFO - Processing file /opt/airflow/dags/fintech_dag.py for tasks to queue
[2024-12-20T00:13:13.325+0000] {logging_mixin.py:190} INFO - [2024-12-20T00:13:13.325+0000] {dagbag.py:588} INFO - Filling up the DagBag from /opt/airflow/dags/fintech_dag.py
[2024-12-20T00:13:14.548+0000] {processor.py:925} INFO - DAG(s) 'fintech_pipeline' retrieved from /opt/airflow/dags/fintech_dag.py
[2024-12-20T00:13:14.569+0000] {logging_mixin.py:190} INFO - [2024-12-20T00:13:14.569+0000] {dag.py:3239} INFO - Sync 1 DAGs
[2024-12-20T00:13:14.587+0000] {logging_mixin.py:190} INFO - [2024-12-20T00:13:14.587+0000] {dag.py:4180} INFO - Setting next_dagrun for fintech_pipeline to None, run_after=None
[2024-12-20T00:13:14.613+0000] {processor.py:208} INFO - Processing /opt/airflow/dags/fintech_dag.py took 1.297 seconds
[2024-12-20T00:13:44.714+0000] {processor.py:186} INFO - Started process (PID=226) to work on /opt/airflow/dags/fintech_dag.py
[2024-12-20T00:13:44.715+0000] {processor.py:914} INFO - Processing file /opt/airflow/dags/fintech_dag.py for tasks to queue
[2024-12-20T00:13:44.718+0000] {logging_mixin.py:190} INFO - [2024-12-20T00:13:44.717+0000] {dagbag.py:588} INFO - Filling up the DagBag from /opt/airflow/dags/fintech_dag.py
[2024-12-20T00:13:45.982+0000] {processor.py:925} INFO - DAG(s) 'fintech_pipeline' retrieved from /opt/airflow/dags/fintech_dag.py
[2024-12-20T00:13:46.002+0000] {logging_mixin.py:190} INFO - [2024-12-20T00:13:46.002+0000] {dag.py:3239} INFO - Sync 1 DAGs
[2024-12-20T00:13:46.021+0000] {logging_mixin.py:190} INFO - [2024-12-20T00:13:46.021+0000] {dag.py:4180} INFO - Setting next_dagrun for fintech_pipeline to None, run_after=None
[2024-12-20T00:13:46.045+0000] {processor.py:208} INFO - Processing /opt/airflow/dags/fintech_dag.py took 1.337 seconds
[2024-12-20T00:14:16.292+0000] {processor.py:186} INFO - Started process (PID=245) to work on /opt/airflow/dags/fintech_dag.py
[2024-12-20T00:14:16.294+0000] {processor.py:914} INFO - Processing file /opt/airflow/dags/fintech_dag.py for tasks to queue
[2024-12-20T00:14:16.296+0000] {logging_mixin.py:190} INFO - [2024-12-20T00:14:16.296+0000] {dagbag.py:588} INFO - Filling up the DagBag from /opt/airflow/dags/fintech_dag.py
[2024-12-20T00:14:17.690+0000] {processor.py:925} INFO - DAG(s) 'fintech_pipeline' retrieved from /opt/airflow/dags/fintech_dag.py
[2024-12-20T00:14:17.711+0000] {logging_mixin.py:190} INFO - [2024-12-20T00:14:17.711+0000] {dag.py:3239} INFO - Sync 1 DAGs
[2024-12-20T00:14:17.731+0000] {logging_mixin.py:190} INFO - [2024-12-20T00:14:17.730+0000] {dag.py:4180} INFO - Setting next_dagrun for fintech_pipeline to None, run_after=None
[2024-12-20T00:14:17.757+0000] {processor.py:208} INFO - Processing /opt/airflow/dags/fintech_dag.py took 1.472 seconds
[2024-12-20T00:14:48.003+0000] {processor.py:186} INFO - Started process (PID=264) to work on /opt/airflow/dags/fintech_dag.py
[2024-12-20T00:14:48.005+0000] {processor.py:914} INFO - Processing file /opt/airflow/dags/fintech_dag.py for tasks to queue
[2024-12-20T00:14:48.007+0000] {logging_mixin.py:190} INFO - [2024-12-20T00:14:48.007+0000] {dagbag.py:588} INFO - Filling up the DagBag from /opt/airflow/dags/fintech_dag.py
[2024-12-20T00:14:49.156+0000] {processor.py:925} INFO - DAG(s) 'fintech_pipeline' retrieved from /opt/airflow/dags/fintech_dag.py
[2024-12-20T00:14:49.177+0000] {logging_mixin.py:190} INFO - [2024-12-20T00:14:49.176+0000] {dag.py:3239} INFO - Sync 1 DAGs
[2024-12-20T00:14:49.196+0000] {logging_mixin.py:190} INFO - [2024-12-20T00:14:49.195+0000] {dag.py:4180} INFO - Setting next_dagrun for fintech_pipeline to None, run_after=None
[2024-12-20T00:14:49.214+0000] {processor.py:208} INFO - Processing /opt/airflow/dags/fintech_dag.py took 1.217 seconds
[2024-12-20T00:15:19.470+0000] {processor.py:186} INFO - Started process (PID=283) to work on /opt/airflow/dags/fintech_dag.py
[2024-12-20T00:15:19.471+0000] {processor.py:914} INFO - Processing file /opt/airflow/dags/fintech_dag.py for tasks to queue
[2024-12-20T00:15:19.474+0000] {logging_mixin.py:190} INFO - [2024-12-20T00:15:19.473+0000] {dagbag.py:588} INFO - Filling up the DagBag from /opt/airflow/dags/fintech_dag.py
[2024-12-20T00:15:20.731+0000] {processor.py:925} INFO - DAG(s) 'fintech_pipeline' retrieved from /opt/airflow/dags/fintech_dag.py
[2024-12-20T00:15:20.752+0000] {logging_mixin.py:190} INFO - [2024-12-20T00:15:20.752+0000] {dag.py:3239} INFO - Sync 1 DAGs
[2024-12-20T00:15:20.771+0000] {logging_mixin.py:190} INFO - [2024-12-20T00:15:20.771+0000] {dag.py:4180} INFO - Setting next_dagrun for fintech_pipeline to None, run_after=None
[2024-12-20T00:15:20.790+0000] {processor.py:208} INFO - Processing /opt/airflow/dags/fintech_dag.py took 1.326 seconds
[2024-12-20T00:15:51.044+0000] {processor.py:186} INFO - Started process (PID=302) to work on /opt/airflow/dags/fintech_dag.py
[2024-12-20T00:15:51.045+0000] {processor.py:914} INFO - Processing file /opt/airflow/dags/fintech_dag.py for tasks to queue
[2024-12-20T00:15:51.047+0000] {logging_mixin.py:190} INFO - [2024-12-20T00:15:51.047+0000] {dagbag.py:588} INFO - Filling up the DagBag from /opt/airflow/dags/fintech_dag.py
[2024-12-20T00:15:52.303+0000] {processor.py:925} INFO - DAG(s) 'fintech_pipeline' retrieved from /opt/airflow/dags/fintech_dag.py
[2024-12-20T00:15:52.324+0000] {logging_mixin.py:190} INFO - [2024-12-20T00:15:52.324+0000] {dag.py:3239} INFO - Sync 1 DAGs
[2024-12-20T00:15:52.341+0000] {logging_mixin.py:190} INFO - [2024-12-20T00:15:52.341+0000] {dag.py:4180} INFO - Setting next_dagrun for fintech_pipeline to None, run_after=None
[2024-12-20T00:15:52.366+0000] {processor.py:208} INFO - Processing /opt/airflow/dags/fintech_dag.py took 1.328 seconds
[2024-12-20T00:17:37.097+0000] {processor.py:186} INFO - Started process (PID=56) to work on /opt/airflow/dags/fintech_dag.py
[2024-12-20T00:17:37.098+0000] {processor.py:914} INFO - Processing file /opt/airflow/dags/fintech_dag.py for tasks to queue
[2024-12-20T00:17:37.101+0000] {logging_mixin.py:190} INFO - [2024-12-20T00:17:37.100+0000] {dagbag.py:588} INFO - Filling up the DagBag from /opt/airflow/dags/fintech_dag.py
[2024-12-20T00:17:39.088+0000] {processor.py:925} INFO - DAG(s) 'fintech_pipeline' retrieved from /opt/airflow/dags/fintech_dag.py
[2024-12-20T00:17:39.121+0000] {logging_mixin.py:190} INFO - [2024-12-20T00:17:39.121+0000] {dag.py:3239} INFO - Sync 1 DAGs
[2024-12-20T00:17:39.140+0000] {logging_mixin.py:190} INFO - [2024-12-20T00:17:39.140+0000] {dag.py:4180} INFO - Setting next_dagrun for fintech_pipeline to None, run_after=None
[2024-12-20T00:17:39.157+0000] {processor.py:208} INFO - Processing /opt/airflow/dags/fintech_dag.py took 2.066 seconds
[2024-12-20T00:18:09.356+0000] {processor.py:186} INFO - Started process (PID=75) to work on /opt/airflow/dags/fintech_dag.py
[2024-12-20T00:18:09.357+0000] {processor.py:914} INFO - Processing file /opt/airflow/dags/fintech_dag.py for tasks to queue
[2024-12-20T00:18:09.360+0000] {logging_mixin.py:190} INFO - [2024-12-20T00:18:09.360+0000] {dagbag.py:588} INFO - Filling up the DagBag from /opt/airflow/dags/fintech_dag.py
[2024-12-20T00:18:10.743+0000] {processor.py:925} INFO - DAG(s) 'fintech_pipeline' retrieved from /opt/airflow/dags/fintech_dag.py
[2024-12-20T00:18:10.765+0000] {logging_mixin.py:190} INFO - [2024-12-20T00:18:10.764+0000] {dag.py:3239} INFO - Sync 1 DAGs
[2024-12-20T00:18:10.893+0000] {logging_mixin.py:190} INFO - [2024-12-20T00:18:10.893+0000] {dag.py:4180} INFO - Setting next_dagrun for fintech_pipeline to None, run_after=None
[2024-12-20T00:18:10.911+0000] {processor.py:208} INFO - Processing /opt/airflow/dags/fintech_dag.py took 1.565 seconds
[2024-12-20T00:18:24.068+0000] {processor.py:186} INFO - Started process (PID=94) to work on /opt/airflow/dags/fintech_dag.py
[2024-12-20T00:18:24.070+0000] {processor.py:914} INFO - Processing file /opt/airflow/dags/fintech_dag.py for tasks to queue
[2024-12-20T00:18:24.073+0000] {logging_mixin.py:190} INFO - [2024-12-20T00:18:24.073+0000] {dagbag.py:588} INFO - Filling up the DagBag from /opt/airflow/dags/fintech_dag.py
[2024-12-20T00:18:25.684+0000] {processor.py:925} INFO - DAG(s) 'fintech_pipeline' retrieved from /opt/airflow/dags/fintech_dag.py
[2024-12-20T00:18:25.797+0000] {logging_mixin.py:190} INFO - [2024-12-20T00:18:25.797+0000] {dag.py:3239} INFO - Sync 1 DAGs
[2024-12-20T00:18:25.821+0000] {logging_mixin.py:190} INFO - [2024-12-20T00:18:25.821+0000] {dag.py:4180} INFO - Setting next_dagrun for fintech_pipeline to None, run_after=None
[2024-12-20T00:18:25.851+0000] {processor.py:208} INFO - Processing /opt/airflow/dags/fintech_dag.py took 1.791 seconds
[2024-12-20T00:18:56.180+0000] {processor.py:186} INFO - Started process (PID=113) to work on /opt/airflow/dags/fintech_dag.py
[2024-12-20T00:18:56.181+0000] {processor.py:914} INFO - Processing file /opt/airflow/dags/fintech_dag.py for tasks to queue
[2024-12-20T00:18:56.184+0000] {logging_mixin.py:190} INFO - [2024-12-20T00:18:56.184+0000] {dagbag.py:588} INFO - Filling up the DagBag from /opt/airflow/dags/fintech_dag.py
[2024-12-20T00:18:58.032+0000] {processor.py:925} INFO - DAG(s) 'fintech_pipeline' retrieved from /opt/airflow/dags/fintech_dag.py
[2024-12-20T00:18:58.318+0000] {logging_mixin.py:190} INFO - [2024-12-20T00:18:58.316+0000] {dag.py:3239} INFO - Sync 1 DAGs
[2024-12-20T00:18:58.372+0000] {logging_mixin.py:190} INFO - [2024-12-20T00:18:58.372+0000] {dag.py:4180} INFO - Setting next_dagrun for fintech_pipeline to None, run_after=None
[2024-12-20T00:18:58.416+0000] {processor.py:208} INFO - Processing /opt/airflow/dags/fintech_dag.py took 2.243 seconds
[2024-12-20T00:19:28.687+0000] {processor.py:186} INFO - Started process (PID=132) to work on /opt/airflow/dags/fintech_dag.py
[2024-12-20T00:19:28.688+0000] {processor.py:914} INFO - Processing file /opt/airflow/dags/fintech_dag.py for tasks to queue
[2024-12-20T00:19:28.692+0000] {logging_mixin.py:190} INFO - [2024-12-20T00:19:28.691+0000] {dagbag.py:588} INFO - Filling up the DagBag from /opt/airflow/dags/fintech_dag.py
[2024-12-20T00:19:30.026+0000] {processor.py:925} INFO - DAG(s) 'fintech_pipeline' retrieved from /opt/airflow/dags/fintech_dag.py
[2024-12-20T00:19:30.048+0000] {logging_mixin.py:190} INFO - [2024-12-20T00:19:30.048+0000] {dag.py:3239} INFO - Sync 1 DAGs
[2024-12-20T00:19:30.069+0000] {logging_mixin.py:190} INFO - [2024-12-20T00:19:30.069+0000] {dag.py:4180} INFO - Setting next_dagrun for fintech_pipeline to None, run_after=None
[2024-12-20T00:19:30.089+0000] {processor.py:208} INFO - Processing /opt/airflow/dags/fintech_dag.py took 1.408 seconds
[2024-12-20T00:21:05.843+0000] {processor.py:186} INFO - Started process (PID=74) to work on /opt/airflow/dags/fintech_dag.py
[2024-12-20T00:21:05.845+0000] {processor.py:914} INFO - Processing file /opt/airflow/dags/fintech_dag.py for tasks to queue
[2024-12-20T00:21:05.849+0000] {logging_mixin.py:190} INFO - [2024-12-20T00:21:05.848+0000] {dagbag.py:588} INFO - Filling up the DagBag from /opt/airflow/dags/fintech_dag.py
[2024-12-20T00:21:08.979+0000] {processor.py:925} INFO - DAG(s) 'fintech_pipeline' retrieved from /opt/airflow/dags/fintech_dag.py
[2024-12-20T00:21:09.021+0000] {logging_mixin.py:190} INFO - [2024-12-20T00:21:09.020+0000] {dag.py:3239} INFO - Sync 1 DAGs
[2024-12-20T00:21:09.044+0000] {logging_mixin.py:190} INFO - [2024-12-20T00:21:09.044+0000] {dag.py:4180} INFO - Setting next_dagrun for fintech_pipeline to None, run_after=None
[2024-12-20T00:21:09.066+0000] {processor.py:208} INFO - Processing /opt/airflow/dags/fintech_dag.py took 3.232 seconds
[2024-12-20T00:21:39.307+0000] {processor.py:186} INFO - Started process (PID=93) to work on /opt/airflow/dags/fintech_dag.py
[2024-12-20T00:21:39.308+0000] {processor.py:914} INFO - Processing file /opt/airflow/dags/fintech_dag.py for tasks to queue
[2024-12-20T00:21:39.311+0000] {logging_mixin.py:190} INFO - [2024-12-20T00:21:39.310+0000] {dagbag.py:588} INFO - Filling up the DagBag from /opt/airflow/dags/fintech_dag.py
[2024-12-20T00:21:40.548+0000] {processor.py:925} INFO - DAG(s) 'fintech_pipeline' retrieved from /opt/airflow/dags/fintech_dag.py
[2024-12-20T00:21:40.572+0000] {logging_mixin.py:190} INFO - [2024-12-20T00:21:40.571+0000] {dag.py:3239} INFO - Sync 1 DAGs
[2024-12-20T00:21:40.591+0000] {logging_mixin.py:190} INFO - [2024-12-20T00:21:40.591+0000] {dag.py:4180} INFO - Setting next_dagrun for fintech_pipeline to None, run_after=None
[2024-12-20T00:21:40.610+0000] {processor.py:208} INFO - Processing /opt/airflow/dags/fintech_dag.py took 1.309 seconds
[2024-12-20T00:22:10.874+0000] {processor.py:186} INFO - Started process (PID=112) to work on /opt/airflow/dags/fintech_dag.py
[2024-12-20T00:22:10.876+0000] {processor.py:914} INFO - Processing file /opt/airflow/dags/fintech_dag.py for tasks to queue
[2024-12-20T00:22:10.881+0000] {logging_mixin.py:190} INFO - [2024-12-20T00:22:10.881+0000] {dagbag.py:588} INFO - Filling up the DagBag from /opt/airflow/dags/fintech_dag.py
[2024-12-20T00:22:12.458+0000] {processor.py:925} INFO - DAG(s) 'fintech_pipeline' retrieved from /opt/airflow/dags/fintech_dag.py
[2024-12-20T00:22:12.484+0000] {logging_mixin.py:190} INFO - [2024-12-20T00:22:12.484+0000] {dag.py:3239} INFO - Sync 1 DAGs
[2024-12-20T00:22:12.506+0000] {logging_mixin.py:190} INFO - [2024-12-20T00:22:12.506+0000] {dag.py:4180} INFO - Setting next_dagrun for fintech_pipeline to None, run_after=None
[2024-12-20T00:22:12.535+0000] {processor.py:208} INFO - Processing /opt/airflow/dags/fintech_dag.py took 1.671 seconds
[2024-12-20T00:22:42.787+0000] {processor.py:186} INFO - Started process (PID=131) to work on /opt/airflow/dags/fintech_dag.py
[2024-12-20T00:22:42.789+0000] {processor.py:914} INFO - Processing file /opt/airflow/dags/fintech_dag.py for tasks to queue
[2024-12-20T00:22:42.791+0000] {logging_mixin.py:190} INFO - [2024-12-20T00:22:42.791+0000] {dagbag.py:588} INFO - Filling up the DagBag from /opt/airflow/dags/fintech_dag.py
[2024-12-20T00:22:44.173+0000] {processor.py:925} INFO - DAG(s) 'fintech_pipeline' retrieved from /opt/airflow/dags/fintech_dag.py
[2024-12-20T00:22:44.204+0000] {logging_mixin.py:190} INFO - [2024-12-20T00:22:44.203+0000] {dag.py:3239} INFO - Sync 1 DAGs
[2024-12-20T00:22:44.236+0000] {logging_mixin.py:190} INFO - [2024-12-20T00:22:44.236+0000] {dag.py:4180} INFO - Setting next_dagrun for fintech_pipeline to None, run_after=None
[2024-12-20T00:22:44.369+0000] {processor.py:208} INFO - Processing /opt/airflow/dags/fintech_dag.py took 1.588 seconds
[2024-12-20T00:25:17.434+0000] {processor.py:186} INFO - Started process (PID=68) to work on /opt/airflow/dags/fintech_dag.py
[2024-12-20T00:25:17.436+0000] {processor.py:914} INFO - Processing file /opt/airflow/dags/fintech_dag.py for tasks to queue
[2024-12-20T00:25:17.440+0000] {logging_mixin.py:190} INFO - [2024-12-20T00:25:17.440+0000] {dagbag.py:588} INFO - Filling up the DagBag from /opt/airflow/dags/fintech_dag.py
[2024-12-20T00:25:21.003+0000] {processor.py:925} INFO - DAG(s) 'fintech_pipeline' retrieved from /opt/airflow/dags/fintech_dag.py
[2024-12-20T00:25:21.069+0000] {logging_mixin.py:190} INFO - [2024-12-20T00:25:21.068+0000] {dag.py:3239} INFO - Sync 1 DAGs
[2024-12-20T00:25:21.104+0000] {logging_mixin.py:190} INFO - [2024-12-20T00:25:21.104+0000] {dag.py:4180} INFO - Setting next_dagrun for fintech_pipeline to None, run_after=None
[2024-12-20T00:25:21.137+0000] {processor.py:208} INFO - Processing /opt/airflow/dags/fintech_dag.py took 3.720 seconds
[2024-12-20T00:25:51.449+0000] {processor.py:186} INFO - Started process (PID=98) to work on /opt/airflow/dags/fintech_dag.py
[2024-12-20T00:25:51.451+0000] {processor.py:914} INFO - Processing file /opt/airflow/dags/fintech_dag.py for tasks to queue
[2024-12-20T00:25:51.454+0000] {logging_mixin.py:190} INFO - [2024-12-20T00:25:51.453+0000] {dagbag.py:588} INFO - Filling up the DagBag from /opt/airflow/dags/fintech_dag.py
[2024-12-20T00:25:53.601+0000] {processor.py:925} INFO - DAG(s) 'fintech_pipeline' retrieved from /opt/airflow/dags/fintech_dag.py
[2024-12-20T00:25:53.639+0000] {logging_mixin.py:190} INFO - [2024-12-20T00:25:53.639+0000] {dag.py:3239} INFO - Sync 1 DAGs
[2024-12-20T00:25:53.672+0000] {logging_mixin.py:190} INFO - [2024-12-20T00:25:53.672+0000] {dag.py:4180} INFO - Setting next_dagrun for fintech_pipeline to None, run_after=None
[2024-12-20T00:25:53.701+0000] {processor.py:208} INFO - Processing /opt/airflow/dags/fintech_dag.py took 2.264 seconds
[2024-12-20T00:26:23.962+0000] {processor.py:186} INFO - Started process (PID=117) to work on /opt/airflow/dags/fintech_dag.py
[2024-12-20T00:26:23.963+0000] {processor.py:914} INFO - Processing file /opt/airflow/dags/fintech_dag.py for tasks to queue
[2024-12-20T00:26:23.966+0000] {logging_mixin.py:190} INFO - [2024-12-20T00:26:23.966+0000] {dagbag.py:588} INFO - Filling up the DagBag from /opt/airflow/dags/fintech_dag.py
[2024-12-20T00:26:25.951+0000] {processor.py:925} INFO - DAG(s) 'fintech_pipeline' retrieved from /opt/airflow/dags/fintech_dag.py
[2024-12-20T00:26:25.974+0000] {logging_mixin.py:190} INFO - [2024-12-20T00:26:25.974+0000] {dag.py:3239} INFO - Sync 1 DAGs
[2024-12-20T00:26:25.997+0000] {logging_mixin.py:190} INFO - [2024-12-20T00:26:25.996+0000] {dag.py:4180} INFO - Setting next_dagrun for fintech_pipeline to None, run_after=None
[2024-12-20T00:26:26.019+0000] {processor.py:208} INFO - Processing /opt/airflow/dags/fintech_dag.py took 2.067 seconds
[2024-12-20T00:26:56.205+0000] {processor.py:186} INFO - Started process (PID=136) to work on /opt/airflow/dags/fintech_dag.py
[2024-12-20T00:26:56.206+0000] {processor.py:914} INFO - Processing file /opt/airflow/dags/fintech_dag.py for tasks to queue
[2024-12-20T00:26:56.210+0000] {logging_mixin.py:190} INFO - [2024-12-20T00:26:56.209+0000] {dagbag.py:588} INFO - Filling up the DagBag from /opt/airflow/dags/fintech_dag.py
[2024-12-20T00:26:58.131+0000] {processor.py:925} INFO - DAG(s) 'fintech_pipeline' retrieved from /opt/airflow/dags/fintech_dag.py
[2024-12-20T00:26:58.166+0000] {logging_mixin.py:190} INFO - [2024-12-20T00:26:58.165+0000] {dag.py:3239} INFO - Sync 1 DAGs
[2024-12-20T00:26:58.196+0000] {logging_mixin.py:190} INFO - [2024-12-20T00:26:58.196+0000] {dag.py:4180} INFO - Setting next_dagrun for fintech_pipeline to None, run_after=None
[2024-12-20T00:26:58.324+0000] {processor.py:208} INFO - Processing /opt/airflow/dags/fintech_dag.py took 2.127 seconds
[2024-12-20T00:27:28.961+0000] {processor.py:186} INFO - Started process (PID=155) to work on /opt/airflow/dags/fintech_dag.py
[2024-12-20T00:27:28.963+0000] {processor.py:914} INFO - Processing file /opt/airflow/dags/fintech_dag.py for tasks to queue
[2024-12-20T00:27:28.967+0000] {logging_mixin.py:190} INFO - [2024-12-20T00:27:28.966+0000] {dagbag.py:588} INFO - Filling up the DagBag from /opt/airflow/dags/fintech_dag.py
[2024-12-20T00:27:30.818+0000] {processor.py:925} INFO - DAG(s) 'fintech_pipeline' retrieved from /opt/airflow/dags/fintech_dag.py
[2024-12-20T00:28:41.572+0000] {processor.py:186} INFO - Started process (PID=74) to work on /opt/airflow/dags/fintech_dag.py
[2024-12-20T00:28:41.573+0000] {processor.py:914} INFO - Processing file /opt/airflow/dags/fintech_dag.py for tasks to queue
[2024-12-20T00:28:41.576+0000] {logging_mixin.py:190} INFO - [2024-12-20T00:28:41.576+0000] {dagbag.py:588} INFO - Filling up the DagBag from /opt/airflow/dags/fintech_dag.py
[2024-12-20T00:28:44.158+0000] {processor.py:925} INFO - DAG(s) 'fintech_pipeline' retrieved from /opt/airflow/dags/fintech_dag.py
[2024-12-20T00:28:44.480+0000] {logging_mixin.py:190} INFO - [2024-12-20T00:28:44.479+0000] {dag.py:3239} INFO - Sync 1 DAGs
[2024-12-20T00:28:44.631+0000] {logging_mixin.py:190} INFO - [2024-12-20T00:28:44.631+0000] {dag.py:3262} INFO - Creating ORM DAG for fintech_pipeline
[2024-12-20T00:28:44.639+0000] {logging_mixin.py:190} INFO - [2024-12-20T00:28:44.639+0000] {dag.py:4180} INFO - Setting next_dagrun for fintech_pipeline to 2024-12-18 00:00:00+00:00, run_after=2024-12-18 00:00:00+00:00
[2024-12-20T00:28:44.657+0000] {processor.py:208} INFO - Processing /opt/airflow/dags/fintech_dag.py took 3.093 seconds
[2024-12-20T00:29:14.878+0000] {processor.py:186} INFO - Started process (PID=97) to work on /opt/airflow/dags/fintech_dag.py
[2024-12-20T00:29:14.879+0000] {processor.py:914} INFO - Processing file /opt/airflow/dags/fintech_dag.py for tasks to queue
[2024-12-20T00:29:14.884+0000] {logging_mixin.py:190} INFO - [2024-12-20T00:29:14.883+0000] {dagbag.py:588} INFO - Filling up the DagBag from /opt/airflow/dags/fintech_dag.py
[2024-12-20T00:29:16.653+0000] {processor.py:925} INFO - DAG(s) 'fintech_pipeline' retrieved from /opt/airflow/dags/fintech_dag.py
[2024-12-20T00:29:16.684+0000] {logging_mixin.py:190} INFO - [2024-12-20T00:29:16.683+0000] {dag.py:3239} INFO - Sync 1 DAGs
[2024-12-20T00:29:16.711+0000] {logging_mixin.py:190} INFO - [2024-12-20T00:29:16.711+0000] {dag.py:4180} INFO - Setting next_dagrun for fintech_pipeline to None, run_after=None
[2024-12-20T00:29:16.735+0000] {processor.py:208} INFO - Processing /opt/airflow/dags/fintech_dag.py took 1.867 seconds
[2024-12-20T00:29:47.295+0000] {processor.py:186} INFO - Started process (PID=129) to work on /opt/airflow/dags/fintech_dag.py
[2024-12-20T00:29:47.296+0000] {processor.py:914} INFO - Processing file /opt/airflow/dags/fintech_dag.py for tasks to queue
[2024-12-20T00:29:47.300+0000] {logging_mixin.py:190} INFO - [2024-12-20T00:29:47.300+0000] {dagbag.py:588} INFO - Filling up the DagBag from /opt/airflow/dags/fintech_dag.py
[2024-12-20T00:29:49.978+0000] {processor.py:925} INFO - DAG(s) 'fintech_pipeline' retrieved from /opt/airflow/dags/fintech_dag.py
[2024-12-20T00:29:50.017+0000] {logging_mixin.py:190} INFO - [2024-12-20T00:29:50.016+0000] {dag.py:3239} INFO - Sync 1 DAGs
[2024-12-20T00:29:50.047+0000] {logging_mixin.py:190} INFO - [2024-12-20T00:29:50.047+0000] {dag.py:4180} INFO - Setting next_dagrun for fintech_pipeline to None, run_after=None
[2024-12-20T00:29:50.078+0000] {processor.py:208} INFO - Processing /opt/airflow/dags/fintech_dag.py took 2.790 seconds
[2024-12-20T00:30:20.372+0000] {processor.py:186} INFO - Started process (PID=148) to work on /opt/airflow/dags/fintech_dag.py
[2024-12-20T00:30:20.373+0000] {processor.py:914} INFO - Processing file /opt/airflow/dags/fintech_dag.py for tasks to queue
[2024-12-20T00:30:20.378+0000] {logging_mixin.py:190} INFO - [2024-12-20T00:30:20.377+0000] {dagbag.py:588} INFO - Filling up the DagBag from /opt/airflow/dags/fintech_dag.py
[2024-12-20T00:30:22.356+0000] {processor.py:925} INFO - DAG(s) 'fintech_pipeline' retrieved from /opt/airflow/dags/fintech_dag.py
[2024-12-20T00:30:22.389+0000] {logging_mixin.py:190} INFO - [2024-12-20T00:30:22.389+0000] {dag.py:3239} INFO - Sync 1 DAGs
[2024-12-20T00:30:22.417+0000] {logging_mixin.py:190} INFO - [2024-12-20T00:30:22.416+0000] {dag.py:4180} INFO - Setting next_dagrun for fintech_pipeline to None, run_after=None
[2024-12-20T00:30:22.604+0000] {processor.py:208} INFO - Processing /opt/airflow/dags/fintech_dag.py took 2.241 seconds
[2024-12-20T00:30:52.757+0000] {processor.py:186} INFO - Started process (PID=167) to work on /opt/airflow/dags/fintech_dag.py
[2024-12-20T00:30:52.758+0000] {processor.py:914} INFO - Processing file /opt/airflow/dags/fintech_dag.py for tasks to queue
[2024-12-20T00:30:52.761+0000] {logging_mixin.py:190} INFO - [2024-12-20T00:30:52.761+0000] {dagbag.py:588} INFO - Filling up the DagBag from /opt/airflow/dags/fintech_dag.py
[2024-12-20T00:30:54.173+0000] {processor.py:925} INFO - DAG(s) 'fintech_pipeline' retrieved from /opt/airflow/dags/fintech_dag.py
[2024-12-20T00:30:54.197+0000] {logging_mixin.py:190} INFO - [2024-12-20T00:30:54.197+0000] {dag.py:3239} INFO - Sync 1 DAGs
[2024-12-20T00:30:54.320+0000] {logging_mixin.py:190} INFO - [2024-12-20T00:30:54.320+0000] {dag.py:4180} INFO - Setting next_dagrun for fintech_pipeline to None, run_after=None
[2024-12-20T00:30:54.348+0000] {processor.py:208} INFO - Processing /opt/airflow/dags/fintech_dag.py took 1.597 seconds
[2024-12-20T00:31:24.595+0000] {processor.py:186} INFO - Started process (PID=186) to work on /opt/airflow/dags/fintech_dag.py
[2024-12-20T00:31:24.596+0000] {processor.py:914} INFO - Processing file /opt/airflow/dags/fintech_dag.py for tasks to queue
[2024-12-20T00:31:24.599+0000] {logging_mixin.py:190} INFO - [2024-12-20T00:31:24.598+0000] {dagbag.py:588} INFO - Filling up the DagBag from /opt/airflow/dags/fintech_dag.py
[2024-12-20T00:31:25.641+0000] {processor.py:925} INFO - DAG(s) 'fintech_pipeline' retrieved from /opt/airflow/dags/fintech_dag.py
[2024-12-20T00:31:25.663+0000] {logging_mixin.py:190} INFO - [2024-12-20T00:31:25.663+0000] {dag.py:3239} INFO - Sync 1 DAGs
[2024-12-20T00:31:25.771+0000] {logging_mixin.py:190} INFO - [2024-12-20T00:31:25.771+0000] {dag.py:4180} INFO - Setting next_dagrun for fintech_pipeline to None, run_after=None
[2024-12-20T00:31:25.796+0000] {processor.py:208} INFO - Processing /opt/airflow/dags/fintech_dag.py took 1.207 seconds
[2024-12-20T00:31:56.029+0000] {processor.py:186} INFO - Started process (PID=205) to work on /opt/airflow/dags/fintech_dag.py
[2024-12-20T00:31:56.030+0000] {processor.py:914} INFO - Processing file /opt/airflow/dags/fintech_dag.py for tasks to queue
[2024-12-20T00:31:56.033+0000] {logging_mixin.py:190} INFO - [2024-12-20T00:31:56.033+0000] {dagbag.py:588} INFO - Filling up the DagBag from /opt/airflow/dags/fintech_dag.py
[2024-12-20T00:31:57.174+0000] {processor.py:925} INFO - DAG(s) 'fintech_pipeline' retrieved from /opt/airflow/dags/fintech_dag.py
[2024-12-20T00:31:57.283+0000] {logging_mixin.py:190} INFO - [2024-12-20T00:31:57.282+0000] {dag.py:3239} INFO - Sync 1 DAGs
[2024-12-20T00:31:57.300+0000] {logging_mixin.py:190} INFO - [2024-12-20T00:31:57.300+0000] {dag.py:4180} INFO - Setting next_dagrun for fintech_pipeline to None, run_after=None
[2024-12-20T00:31:57.318+0000] {processor.py:208} INFO - Processing /opt/airflow/dags/fintech_dag.py took 1.295 seconds
[2024-12-20T00:32:27.560+0000] {processor.py:186} INFO - Started process (PID=224) to work on /opt/airflow/dags/fintech_dag.py
[2024-12-20T00:32:27.561+0000] {processor.py:914} INFO - Processing file /opt/airflow/dags/fintech_dag.py for tasks to queue
[2024-12-20T00:32:27.563+0000] {logging_mixin.py:190} INFO - [2024-12-20T00:32:27.563+0000] {dagbag.py:588} INFO - Filling up the DagBag from /opt/airflow/dags/fintech_dag.py
[2024-12-20T00:32:28.775+0000] {processor.py:925} INFO - DAG(s) 'fintech_pipeline' retrieved from /opt/airflow/dags/fintech_dag.py
[2024-12-20T00:32:28.796+0000] {logging_mixin.py:190} INFO - [2024-12-20T00:32:28.796+0000] {dag.py:3239} INFO - Sync 1 DAGs
[2024-12-20T00:32:28.816+0000] {logging_mixin.py:190} INFO - [2024-12-20T00:32:28.816+0000] {dag.py:4180} INFO - Setting next_dagrun for fintech_pipeline to None, run_after=None
[2024-12-20T00:32:28.842+0000] {processor.py:208} INFO - Processing /opt/airflow/dags/fintech_dag.py took 1.289 seconds
[2024-12-20T00:34:16.428+0000] {processor.py:186} INFO - Started process (PID=74) to work on /opt/airflow/dags/fintech_dag.py
[2024-12-20T00:34:16.429+0000] {processor.py:914} INFO - Processing file /opt/airflow/dags/fintech_dag.py for tasks to queue
[2024-12-20T00:34:16.432+0000] {logging_mixin.py:190} INFO - [2024-12-20T00:34:16.432+0000] {dagbag.py:588} INFO - Filling up the DagBag from /opt/airflow/dags/fintech_dag.py
[2024-12-20T00:34:19.199+0000] {processor.py:925} INFO - DAG(s) 'fintech_pipeline' retrieved from /opt/airflow/dags/fintech_dag.py
[2024-12-20T00:34:19.245+0000] {logging_mixin.py:190} INFO - [2024-12-20T00:34:19.245+0000] {dag.py:3239} INFO - Sync 1 DAGs
[2024-12-20T00:34:19.321+0000] {logging_mixin.py:190} INFO - [2024-12-20T00:34:19.321+0000] {dag.py:4180} INFO - Setting next_dagrun for fintech_pipeline to None, run_after=None
[2024-12-20T00:34:19.345+0000] {processor.py:208} INFO - Processing /opt/airflow/dags/fintech_dag.py took 2.927 seconds
[2024-12-20T00:34:49.674+0000] {processor.py:186} INFO - Started process (PID=93) to work on /opt/airflow/dags/fintech_dag.py
[2024-12-20T00:34:49.676+0000] {processor.py:914} INFO - Processing file /opt/airflow/dags/fintech_dag.py for tasks to queue
[2024-12-20T00:34:49.678+0000] {logging_mixin.py:190} INFO - [2024-12-20T00:34:49.678+0000] {dagbag.py:588} INFO - Filling up the DagBag from /opt/airflow/dags/fintech_dag.py
[2024-12-20T00:34:50.804+0000] {processor.py:925} INFO - DAG(s) 'fintech_pipeline' retrieved from /opt/airflow/dags/fintech_dag.py
[2024-12-20T00:34:50.825+0000] {logging_mixin.py:190} INFO - [2024-12-20T00:34:50.825+0000] {dag.py:3239} INFO - Sync 1 DAGs
[2024-12-20T00:34:50.843+0000] {logging_mixin.py:190} INFO - [2024-12-20T00:34:50.843+0000] {dag.py:4180} INFO - Setting next_dagrun for fintech_pipeline to None, run_after=None
[2024-12-20T00:34:50.861+0000] {processor.py:208} INFO - Processing /opt/airflow/dags/fintech_dag.py took 1.194 seconds
[2024-12-20T00:35:21.093+0000] {processor.py:186} INFO - Started process (PID=112) to work on /opt/airflow/dags/fintech_dag.py
[2024-12-20T00:35:21.094+0000] {processor.py:914} INFO - Processing file /opt/airflow/dags/fintech_dag.py for tasks to queue
[2024-12-20T00:35:21.096+0000] {logging_mixin.py:190} INFO - [2024-12-20T00:35:21.096+0000] {dagbag.py:588} INFO - Filling up the DagBag from /opt/airflow/dags/fintech_dag.py
[2024-12-20T00:35:22.343+0000] {processor.py:925} INFO - DAG(s) 'fintech_pipeline' retrieved from /opt/airflow/dags/fintech_dag.py
[2024-12-20T00:35:22.367+0000] {logging_mixin.py:190} INFO - [2024-12-20T00:35:22.366+0000] {dag.py:3239} INFO - Sync 1 DAGs
[2024-12-20T00:35:22.387+0000] {logging_mixin.py:190} INFO - [2024-12-20T00:35:22.387+0000] {dag.py:4180} INFO - Setting next_dagrun for fintech_pipeline to None, run_after=None
[2024-12-20T00:35:22.405+0000] {processor.py:208} INFO - Processing /opt/airflow/dags/fintech_dag.py took 1.318 seconds
[2024-12-20T00:35:25.151+0000] {processor.py:186} INFO - Started process (PID=125) to work on /opt/airflow/dags/fintech_dag.py
[2024-12-20T00:35:25.152+0000] {processor.py:914} INFO - Processing file /opt/airflow/dags/fintech_dag.py for tasks to queue
[2024-12-20T00:35:25.156+0000] {logging_mixin.py:190} INFO - [2024-12-20T00:35:25.156+0000] {dagbag.py:588} INFO - Filling up the DagBag from /opt/airflow/dags/fintech_dag.py
[2024-12-20T00:35:26.571+0000] {processor.py:925} INFO - DAG(s) 'fintech_pipeline' retrieved from /opt/airflow/dags/fintech_dag.py
[2024-12-20T00:35:26.600+0000] {logging_mixin.py:190} INFO - [2024-12-20T00:35:26.600+0000] {dag.py:3239} INFO - Sync 1 DAGs
[2024-12-20T00:35:26.627+0000] {logging_mixin.py:190} INFO - [2024-12-20T00:35:26.626+0000] {dag.py:4180} INFO - Setting next_dagrun for fintech_pipeline to None, run_after=None
[2024-12-20T00:35:26.648+0000] {processor.py:208} INFO - Processing /opt/airflow/dags/fintech_dag.py took 1.506 seconds
[2024-12-20T00:35:56.714+0000] {processor.py:186} INFO - Started process (PID=144) to work on /opt/airflow/dags/fintech_dag.py
[2024-12-20T00:35:56.715+0000] {processor.py:914} INFO - Processing file /opt/airflow/dags/fintech_dag.py for tasks to queue
[2024-12-20T00:35:56.719+0000] {logging_mixin.py:190} INFO - [2024-12-20T00:35:56.718+0000] {dagbag.py:588} INFO - Filling up the DagBag from /opt/airflow/dags/fintech_dag.py
[2024-12-20T00:35:57.863+0000] {processor.py:925} INFO - DAG(s) 'fintech_pipeline' retrieved from /opt/airflow/dags/fintech_dag.py
[2024-12-20T00:35:57.884+0000] {logging_mixin.py:190} INFO - [2024-12-20T00:35:57.883+0000] {dag.py:3239} INFO - Sync 1 DAGs
[2024-12-20T00:35:57.902+0000] {logging_mixin.py:190} INFO - [2024-12-20T00:35:57.902+0000] {dag.py:4180} INFO - Setting next_dagrun for fintech_pipeline to None, run_after=None
[2024-12-20T00:35:58.013+0000] {processor.py:208} INFO - Processing /opt/airflow/dags/fintech_dag.py took 1.306 seconds
[2024-12-20T00:36:28.147+0000] {processor.py:186} INFO - Started process (PID=163) to work on /opt/airflow/dags/fintech_dag.py
[2024-12-20T00:36:28.149+0000] {processor.py:914} INFO - Processing file /opt/airflow/dags/fintech_dag.py for tasks to queue
[2024-12-20T00:36:28.152+0000] {logging_mixin.py:190} INFO - [2024-12-20T00:36:28.152+0000] {dagbag.py:588} INFO - Filling up the DagBag from /opt/airflow/dags/fintech_dag.py
[2024-12-20T00:36:29.547+0000] {processor.py:925} INFO - DAG(s) 'fintech_pipeline' retrieved from /opt/airflow/dags/fintech_dag.py
[2024-12-20T00:36:29.578+0000] {logging_mixin.py:190} INFO - [2024-12-20T00:36:29.578+0000] {dag.py:3239} INFO - Sync 1 DAGs
[2024-12-20T00:36:29.716+0000] {logging_mixin.py:190} INFO - [2024-12-20T00:36:29.715+0000] {dag.py:4180} INFO - Setting next_dagrun for fintech_pipeline to None, run_after=None
[2024-12-20T00:36:29.753+0000] {processor.py:208} INFO - Processing /opt/airflow/dags/fintech_dag.py took 1.614 seconds
[2024-12-20T00:37:00.025+0000] {processor.py:186} INFO - Started process (PID=182) to work on /opt/airflow/dags/fintech_dag.py
[2024-12-20T00:37:00.026+0000] {processor.py:914} INFO - Processing file /opt/airflow/dags/fintech_dag.py for tasks to queue
[2024-12-20T00:37:00.029+0000] {logging_mixin.py:190} INFO - [2024-12-20T00:37:00.028+0000] {dagbag.py:588} INFO - Filling up the DagBag from /opt/airflow/dags/fintech_dag.py
[2024-12-20T00:37:01.194+0000] {processor.py:925} INFO - DAG(s) 'fintech_pipeline' retrieved from /opt/airflow/dags/fintech_dag.py
[2024-12-20T00:37:01.215+0000] {logging_mixin.py:190} INFO - [2024-12-20T00:37:01.215+0000] {dag.py:3239} INFO - Sync 1 DAGs
[2024-12-20T00:37:01.324+0000] {logging_mixin.py:190} INFO - [2024-12-20T00:37:01.324+0000] {dag.py:4180} INFO - Setting next_dagrun for fintech_pipeline to None, run_after=None
[2024-12-20T00:37:01.344+0000] {processor.py:208} INFO - Processing /opt/airflow/dags/fintech_dag.py took 1.326 seconds
[2024-12-20T00:37:31.595+0000] {processor.py:186} INFO - Started process (PID=201) to work on /opt/airflow/dags/fintech_dag.py
[2024-12-20T00:37:31.597+0000] {processor.py:914} INFO - Processing file /opt/airflow/dags/fintech_dag.py for tasks to queue
[2024-12-20T00:37:31.599+0000] {logging_mixin.py:190} INFO - [2024-12-20T00:37:31.599+0000] {dagbag.py:588} INFO - Filling up the DagBag from /opt/airflow/dags/fintech_dag.py
[2024-12-20T00:37:32.817+0000] {processor.py:925} INFO - DAG(s) 'fintech_pipeline' retrieved from /opt/airflow/dags/fintech_dag.py
[2024-12-20T00:37:32.945+0000] {logging_mixin.py:190} INFO - [2024-12-20T00:37:32.944+0000] {dag.py:3239} INFO - Sync 1 DAGs
[2024-12-20T00:37:32.962+0000] {logging_mixin.py:190} INFO - [2024-12-20T00:37:32.962+0000] {dag.py:4180} INFO - Setting next_dagrun for fintech_pipeline to None, run_after=None
[2024-12-20T00:37:32.981+0000] {processor.py:208} INFO - Processing /opt/airflow/dags/fintech_dag.py took 1.393 seconds
[2024-12-20T00:38:03.215+0000] {processor.py:186} INFO - Started process (PID=220) to work on /opt/airflow/dags/fintech_dag.py
[2024-12-20T00:38:03.216+0000] {processor.py:914} INFO - Processing file /opt/airflow/dags/fintech_dag.py for tasks to queue
[2024-12-20T00:38:03.220+0000] {logging_mixin.py:190} INFO - [2024-12-20T00:38:03.219+0000] {dagbag.py:588} INFO - Filling up the DagBag from /opt/airflow/dags/fintech_dag.py
[2024-12-20T00:38:04.459+0000] {processor.py:925} INFO - DAG(s) 'fintech_pipeline' retrieved from /opt/airflow/dags/fintech_dag.py
[2024-12-20T00:38:04.478+0000] {logging_mixin.py:190} INFO - [2024-12-20T00:38:04.478+0000] {dag.py:3239} INFO - Sync 1 DAGs
[2024-12-20T00:38:04.496+0000] {logging_mixin.py:190} INFO - [2024-12-20T00:38:04.496+0000] {dag.py:4180} INFO - Setting next_dagrun for fintech_pipeline to None, run_after=None
[2024-12-20T00:38:04.520+0000] {processor.py:208} INFO - Processing /opt/airflow/dags/fintech_dag.py took 1.311 seconds
[2024-12-20T00:38:34.758+0000] {processor.py:186} INFO - Started process (PID=239) to work on /opt/airflow/dags/fintech_dag.py
[2024-12-20T00:38:34.759+0000] {processor.py:914} INFO - Processing file /opt/airflow/dags/fintech_dag.py for tasks to queue
[2024-12-20T00:38:34.762+0000] {logging_mixin.py:190} INFO - [2024-12-20T00:38:34.762+0000] {dagbag.py:588} INFO - Filling up the DagBag from /opt/airflow/dags/fintech_dag.py
[2024-12-20T00:38:35.886+0000] {processor.py:925} INFO - DAG(s) 'fintech_pipeline' retrieved from /opt/airflow/dags/fintech_dag.py
[2024-12-20T00:38:35.907+0000] {logging_mixin.py:190} INFO - [2024-12-20T00:38:35.907+0000] {dag.py:3239} INFO - Sync 1 DAGs
[2024-12-20T00:38:35.926+0000] {logging_mixin.py:190} INFO - [2024-12-20T00:38:35.926+0000] {dag.py:4180} INFO - Setting next_dagrun for fintech_pipeline to None, run_after=None
[2024-12-20T00:38:35.952+0000] {processor.py:208} INFO - Processing /opt/airflow/dags/fintech_dag.py took 1.201 seconds
[2024-12-20T00:39:06.189+0000] {processor.py:186} INFO - Started process (PID=258) to work on /opt/airflow/dags/fintech_dag.py
[2024-12-20T00:39:06.191+0000] {processor.py:914} INFO - Processing file /opt/airflow/dags/fintech_dag.py for tasks to queue
[2024-12-20T00:39:06.194+0000] {logging_mixin.py:190} INFO - [2024-12-20T00:39:06.194+0000] {dagbag.py:588} INFO - Filling up the DagBag from /opt/airflow/dags/fintech_dag.py
[2024-12-20T00:39:07.367+0000] {processor.py:925} INFO - DAG(s) 'fintech_pipeline' retrieved from /opt/airflow/dags/fintech_dag.py
[2024-12-20T00:39:07.387+0000] {logging_mixin.py:190} INFO - [2024-12-20T00:39:07.386+0000] {dag.py:3239} INFO - Sync 1 DAGs
[2024-12-20T00:39:07.403+0000] {logging_mixin.py:190} INFO - [2024-12-20T00:39:07.403+0000] {dag.py:4180} INFO - Setting next_dagrun for fintech_pipeline to None, run_after=None
[2024-12-20T00:39:07.429+0000] {processor.py:208} INFO - Processing /opt/airflow/dags/fintech_dag.py took 1.246 seconds
[2024-12-20T00:39:37.673+0000] {processor.py:186} INFO - Started process (PID=277) to work on /opt/airflow/dags/fintech_dag.py
[2024-12-20T00:39:37.674+0000] {processor.py:914} INFO - Processing file /opt/airflow/dags/fintech_dag.py for tasks to queue
[2024-12-20T00:39:37.676+0000] {logging_mixin.py:190} INFO - [2024-12-20T00:39:37.676+0000] {dagbag.py:588} INFO - Filling up the DagBag from /opt/airflow/dags/fintech_dag.py
[2024-12-20T00:39:38.889+0000] {processor.py:925} INFO - DAG(s) 'fintech_pipeline' retrieved from /opt/airflow/dags/fintech_dag.py
[2024-12-20T00:39:38.911+0000] {logging_mixin.py:190} INFO - [2024-12-20T00:39:38.911+0000] {dag.py:3239} INFO - Sync 1 DAGs
[2024-12-20T00:39:38.931+0000] {logging_mixin.py:190} INFO - [2024-12-20T00:39:38.931+0000] {dag.py:4180} INFO - Setting next_dagrun for fintech_pipeline to None, run_after=None
[2024-12-20T00:39:38.951+0000] {processor.py:208} INFO - Processing /opt/airflow/dags/fintech_dag.py took 1.284 seconds
[2024-12-20T00:40:09.186+0000] {processor.py:186} INFO - Started process (PID=296) to work on /opt/airflow/dags/fintech_dag.py
[2024-12-20T00:40:09.187+0000] {processor.py:914} INFO - Processing file /opt/airflow/dags/fintech_dag.py for tasks to queue
[2024-12-20T00:40:09.190+0000] {logging_mixin.py:190} INFO - [2024-12-20T00:40:09.189+0000] {dagbag.py:588} INFO - Filling up the DagBag from /opt/airflow/dags/fintech_dag.py
[2024-12-20T00:40:10.300+0000] {processor.py:925} INFO - DAG(s) 'fintech_pipeline' retrieved from /opt/airflow/dags/fintech_dag.py
[2024-12-20T00:40:10.322+0000] {logging_mixin.py:190} INFO - [2024-12-20T00:40:10.321+0000] {dag.py:3239} INFO - Sync 1 DAGs
[2024-12-20T00:40:10.344+0000] {logging_mixin.py:190} INFO - [2024-12-20T00:40:10.343+0000] {dag.py:4180} INFO - Setting next_dagrun for fintech_pipeline to None, run_after=None
[2024-12-20T00:40:10.364+0000] {processor.py:208} INFO - Processing /opt/airflow/dags/fintech_dag.py took 1.184 seconds
[2024-12-20T00:40:40.606+0000] {processor.py:186} INFO - Started process (PID=315) to work on /opt/airflow/dags/fintech_dag.py
[2024-12-20T00:40:40.607+0000] {processor.py:914} INFO - Processing file /opt/airflow/dags/fintech_dag.py for tasks to queue
[2024-12-20T00:40:40.610+0000] {logging_mixin.py:190} INFO - [2024-12-20T00:40:40.609+0000] {dagbag.py:588} INFO - Filling up the DagBag from /opt/airflow/dags/fintech_dag.py
[2024-12-20T00:40:41.722+0000] {processor.py:925} INFO - DAG(s) 'fintech_pipeline' retrieved from /opt/airflow/dags/fintech_dag.py
[2024-12-20T00:40:41.743+0000] {logging_mixin.py:190} INFO - [2024-12-20T00:40:41.743+0000] {dag.py:3239} INFO - Sync 1 DAGs
[2024-12-20T00:40:41.760+0000] {logging_mixin.py:190} INFO - [2024-12-20T00:40:41.760+0000] {dag.py:4180} INFO - Setting next_dagrun for fintech_pipeline to None, run_after=None
[2024-12-20T00:40:41.778+0000] {processor.py:208} INFO - Processing /opt/airflow/dags/fintech_dag.py took 1.178 seconds
[2024-12-20T00:41:12.016+0000] {processor.py:186} INFO - Started process (PID=334) to work on /opt/airflow/dags/fintech_dag.py
[2024-12-20T00:41:12.017+0000] {processor.py:914} INFO - Processing file /opt/airflow/dags/fintech_dag.py for tasks to queue
[2024-12-20T00:41:12.020+0000] {logging_mixin.py:190} INFO - [2024-12-20T00:41:12.020+0000] {dagbag.py:588} INFO - Filling up the DagBag from /opt/airflow/dags/fintech_dag.py
[2024-12-20T00:41:13.183+0000] {processor.py:925} INFO - DAG(s) 'fintech_pipeline' retrieved from /opt/airflow/dags/fintech_dag.py
[2024-12-20T00:41:13.203+0000] {logging_mixin.py:190} INFO - [2024-12-20T00:41:13.202+0000] {dag.py:3239} INFO - Sync 1 DAGs
[2024-12-20T00:41:13.220+0000] {logging_mixin.py:190} INFO - [2024-12-20T00:41:13.220+0000] {dag.py:4180} INFO - Setting next_dagrun for fintech_pipeline to None, run_after=None
[2024-12-20T00:41:13.236+0000] {processor.py:208} INFO - Processing /opt/airflow/dags/fintech_dag.py took 1.227 seconds
[2024-12-20T00:41:43.492+0000] {processor.py:186} INFO - Started process (PID=353) to work on /opt/airflow/dags/fintech_dag.py
[2024-12-20T00:41:43.493+0000] {processor.py:914} INFO - Processing file /opt/airflow/dags/fintech_dag.py for tasks to queue
[2024-12-20T00:41:43.496+0000] {logging_mixin.py:190} INFO - [2024-12-20T00:41:43.495+0000] {dagbag.py:588} INFO - Filling up the DagBag from /opt/airflow/dags/fintech_dag.py
[2024-12-20T00:41:44.897+0000] {processor.py:925} INFO - DAG(s) 'fintech_pipeline' retrieved from /opt/airflow/dags/fintech_dag.py
[2024-12-20T00:41:44.919+0000] {logging_mixin.py:190} INFO - [2024-12-20T00:41:44.918+0000] {dag.py:3239} INFO - Sync 1 DAGs
[2024-12-20T00:41:44.937+0000] {logging_mixin.py:190} INFO - [2024-12-20T00:41:44.937+0000] {dag.py:4180} INFO - Setting next_dagrun for fintech_pipeline to None, run_after=None
[2024-12-20T00:41:44.958+0000] {processor.py:208} INFO - Processing /opt/airflow/dags/fintech_dag.py took 1.471 seconds
[2024-12-20T00:42:15.201+0000] {processor.py:186} INFO - Started process (PID=378) to work on /opt/airflow/dags/fintech_dag.py
[2024-12-20T00:42:15.202+0000] {processor.py:914} INFO - Processing file /opt/airflow/dags/fintech_dag.py for tasks to queue
[2024-12-20T00:42:15.205+0000] {logging_mixin.py:190} INFO - [2024-12-20T00:42:15.204+0000] {dagbag.py:588} INFO - Filling up the DagBag from /opt/airflow/dags/fintech_dag.py
[2024-12-20T00:42:16.508+0000] {processor.py:925} INFO - DAG(s) 'fintech_pipeline' retrieved from /opt/airflow/dags/fintech_dag.py
[2024-12-20T00:42:16.798+0000] {logging_mixin.py:190} INFO - [2024-12-20T00:42:16.797+0000] {dag.py:3239} INFO - Sync 1 DAGs
[2024-12-20T00:42:16.816+0000] {logging_mixin.py:190} INFO - [2024-12-20T00:42:16.816+0000] {dag.py:4180} INFO - Setting next_dagrun for fintech_pipeline to None, run_after=None
[2024-12-20T00:42:16.833+0000] {processor.py:208} INFO - Processing /opt/airflow/dags/fintech_dag.py took 1.638 seconds
[2024-12-20T00:42:47.020+0000] {processor.py:186} INFO - Started process (PID=397) to work on /opt/airflow/dags/fintech_dag.py
[2024-12-20T00:42:47.021+0000] {processor.py:914} INFO - Processing file /opt/airflow/dags/fintech_dag.py for tasks to queue
[2024-12-20T00:42:47.024+0000] {logging_mixin.py:190} INFO - [2024-12-20T00:42:47.023+0000] {dagbag.py:588} INFO - Filling up the DagBag from /opt/airflow/dags/fintech_dag.py
[2024-12-20T00:42:48.248+0000] {processor.py:925} INFO - DAG(s) 'fintech_pipeline' retrieved from /opt/airflow/dags/fintech_dag.py
[2024-12-20T00:42:48.269+0000] {logging_mixin.py:190} INFO - [2024-12-20T00:42:48.269+0000] {dag.py:3239} INFO - Sync 1 DAGs
[2024-12-20T00:42:48.289+0000] {logging_mixin.py:190} INFO - [2024-12-20T00:42:48.289+0000] {dag.py:4180} INFO - Setting next_dagrun for fintech_pipeline to None, run_after=None
[2024-12-20T00:42:48.314+0000] {processor.py:208} INFO - Processing /opt/airflow/dags/fintech_dag.py took 1.300 seconds
[2024-12-20T00:43:18.556+0000] {processor.py:186} INFO - Started process (PID=416) to work on /opt/airflow/dags/fintech_dag.py
[2024-12-20T00:43:18.558+0000] {processor.py:914} INFO - Processing file /opt/airflow/dags/fintech_dag.py for tasks to queue
[2024-12-20T00:43:18.561+0000] {logging_mixin.py:190} INFO - [2024-12-20T00:43:18.561+0000] {dagbag.py:588} INFO - Filling up the DagBag from /opt/airflow/dags/fintech_dag.py
[2024-12-20T00:43:19.957+0000] {processor.py:925} INFO - DAG(s) 'fintech_pipeline' retrieved from /opt/airflow/dags/fintech_dag.py
[2024-12-20T00:43:19.983+0000] {logging_mixin.py:190} INFO - [2024-12-20T00:43:19.983+0000] {dag.py:3239} INFO - Sync 1 DAGs
[2024-12-20T00:43:20.006+0000] {logging_mixin.py:190} INFO - [2024-12-20T00:43:20.005+0000] {dag.py:4180} INFO - Setting next_dagrun for fintech_pipeline to None, run_after=None
[2024-12-20T00:43:20.026+0000] {processor.py:208} INFO - Processing /opt/airflow/dags/fintech_dag.py took 1.477 seconds
[2024-12-20T00:43:50.290+0000] {processor.py:186} INFO - Started process (PID=435) to work on /opt/airflow/dags/fintech_dag.py
[2024-12-20T00:43:50.291+0000] {processor.py:914} INFO - Processing file /opt/airflow/dags/fintech_dag.py for tasks to queue
[2024-12-20T00:43:50.295+0000] {logging_mixin.py:190} INFO - [2024-12-20T00:43:50.295+0000] {dagbag.py:588} INFO - Filling up the DagBag from /opt/airflow/dags/fintech_dag.py
[2024-12-20T00:43:51.600+0000] {processor.py:925} INFO - DAG(s) 'fintech_pipeline' retrieved from /opt/airflow/dags/fintech_dag.py
[2024-12-20T00:43:51.796+0000] {logging_mixin.py:190} INFO - [2024-12-20T00:43:51.795+0000] {dag.py:3239} INFO - Sync 1 DAGs
[2024-12-20T00:43:51.817+0000] {logging_mixin.py:190} INFO - [2024-12-20T00:43:51.817+0000] {dag.py:4180} INFO - Setting next_dagrun for fintech_pipeline to None, run_after=None
[2024-12-20T00:43:51.835+0000] {processor.py:208} INFO - Processing /opt/airflow/dags/fintech_dag.py took 1.554 seconds
[2024-12-20T00:44:22.184+0000] {processor.py:186} INFO - Started process (PID=454) to work on /opt/airflow/dags/fintech_dag.py
[2024-12-20T00:44:22.185+0000] {processor.py:914} INFO - Processing file /opt/airflow/dags/fintech_dag.py for tasks to queue
[2024-12-20T00:44:22.187+0000] {logging_mixin.py:190} INFO - [2024-12-20T00:44:22.187+0000] {dagbag.py:588} INFO - Filling up the DagBag from /opt/airflow/dags/fintech_dag.py
[2024-12-20T00:44:23.453+0000] {processor.py:925} INFO - DAG(s) 'fintech_pipeline' retrieved from /opt/airflow/dags/fintech_dag.py
[2024-12-20T00:44:23.479+0000] {logging_mixin.py:190} INFO - [2024-12-20T00:44:23.478+0000] {dag.py:3239} INFO - Sync 1 DAGs
[2024-12-20T00:44:23.511+0000] {logging_mixin.py:190} INFO - [2024-12-20T00:44:23.510+0000] {dag.py:4180} INFO - Setting next_dagrun for fintech_pipeline to None, run_after=None
[2024-12-20T00:44:23.529+0000] {processor.py:208} INFO - Processing /opt/airflow/dags/fintech_dag.py took 1.351 seconds
[2024-12-20T00:44:54.437+0000] {processor.py:186} INFO - Started process (PID=473) to work on /opt/airflow/dags/fintech_dag.py
[2024-12-20T00:44:54.439+0000] {processor.py:914} INFO - Processing file /opt/airflow/dags/fintech_dag.py for tasks to queue
[2024-12-20T00:44:54.441+0000] {logging_mixin.py:190} INFO - [2024-12-20T00:44:54.441+0000] {dagbag.py:588} INFO - Filling up the DagBag from /opt/airflow/dags/fintech_dag.py
[2024-12-20T00:44:55.903+0000] {processor.py:925} INFO - DAG(s) 'fintech_pipeline' retrieved from /opt/airflow/dags/fintech_dag.py
[2024-12-20T00:44:55.929+0000] {logging_mixin.py:190} INFO - [2024-12-20T00:44:55.928+0000] {dag.py:3239} INFO - Sync 1 DAGs
[2024-12-20T00:44:55.955+0000] {logging_mixin.py:190} INFO - [2024-12-20T00:44:55.954+0000] {dag.py:4180} INFO - Setting next_dagrun for fintech_pipeline to None, run_after=None
[2024-12-20T00:44:55.978+0000] {processor.py:208} INFO - Processing /opt/airflow/dags/fintech_dag.py took 1.546 seconds
[2024-12-20T00:46:54.542+0000] {processor.py:186} INFO - Started process (PID=74) to work on /opt/airflow/dags/fintech_dag.py
[2024-12-20T00:46:54.543+0000] {processor.py:914} INFO - Processing file /opt/airflow/dags/fintech_dag.py for tasks to queue
[2024-12-20T00:46:54.546+0000] {logging_mixin.py:190} INFO - [2024-12-20T00:46:54.546+0000] {dagbag.py:588} INFO - Filling up the DagBag from /opt/airflow/dags/fintech_dag.py
[2024-12-20T00:46:57.024+0000] {processor.py:925} INFO - DAG(s) 'fintech_pipeline' retrieved from /opt/airflow/dags/fintech_dag.py
[2024-12-20T00:46:57.061+0000] {logging_mixin.py:190} INFO - [2024-12-20T00:46:57.061+0000] {dag.py:3239} INFO - Sync 1 DAGs
[2024-12-20T00:46:57.084+0000] {logging_mixin.py:190} INFO - [2024-12-20T00:46:57.084+0000] {dag.py:4180} INFO - Setting next_dagrun for fintech_pipeline to None, run_after=None
[2024-12-20T00:46:57.106+0000] {processor.py:208} INFO - Processing /opt/airflow/dags/fintech_dag.py took 2.572 seconds
[2024-12-20T00:47:27.355+0000] {processor.py:186} INFO - Started process (PID=93) to work on /opt/airflow/dags/fintech_dag.py
[2024-12-20T00:47:27.356+0000] {processor.py:914} INFO - Processing file /opt/airflow/dags/fintech_dag.py for tasks to queue
[2024-12-20T00:47:27.359+0000] {logging_mixin.py:190} INFO - [2024-12-20T00:47:27.359+0000] {dagbag.py:588} INFO - Filling up the DagBag from /opt/airflow/dags/fintech_dag.py
[2024-12-20T00:47:28.426+0000] {processor.py:925} INFO - DAG(s) 'fintech_pipeline' retrieved from /opt/airflow/dags/fintech_dag.py
[2024-12-20T00:47:28.446+0000] {logging_mixin.py:190} INFO - [2024-12-20T00:47:28.446+0000] {dag.py:3239} INFO - Sync 1 DAGs
[2024-12-20T00:47:28.464+0000] {logging_mixin.py:190} INFO - [2024-12-20T00:47:28.464+0000] {dag.py:4180} INFO - Setting next_dagrun for fintech_pipeline to None, run_after=None
[2024-12-20T00:47:28.480+0000] {processor.py:208} INFO - Processing /opt/airflow/dags/fintech_dag.py took 1.132 seconds
[2024-12-20T00:47:58.577+0000] {processor.py:186} INFO - Started process (PID=112) to work on /opt/airflow/dags/fintech_dag.py
[2024-12-20T00:47:58.579+0000] {processor.py:914} INFO - Processing file /opt/airflow/dags/fintech_dag.py for tasks to queue
[2024-12-20T00:47:58.581+0000] {logging_mixin.py:190} INFO - [2024-12-20T00:47:58.581+0000] {dagbag.py:588} INFO - Filling up the DagBag from /opt/airflow/dags/fintech_dag.py
[2024-12-20T00:47:59.624+0000] {processor.py:925} INFO - DAG(s) 'fintech_pipeline' retrieved from /opt/airflow/dags/fintech_dag.py
[2024-12-20T00:47:59.644+0000] {logging_mixin.py:190} INFO - [2024-12-20T00:47:59.644+0000] {dag.py:3239} INFO - Sync 1 DAGs
[2024-12-20T00:47:59.662+0000] {logging_mixin.py:190} INFO - [2024-12-20T00:47:59.662+0000] {dag.py:4180} INFO - Setting next_dagrun for fintech_pipeline to None, run_after=None
[2024-12-20T00:47:59.682+0000] {processor.py:208} INFO - Processing /opt/airflow/dags/fintech_dag.py took 1.110 seconds
[2024-12-20T00:48:29.933+0000] {processor.py:186} INFO - Started process (PID=131) to work on /opt/airflow/dags/fintech_dag.py
[2024-12-20T00:48:29.934+0000] {processor.py:914} INFO - Processing file /opt/airflow/dags/fintech_dag.py for tasks to queue
[2024-12-20T00:48:29.936+0000] {logging_mixin.py:190} INFO - [2024-12-20T00:48:29.936+0000] {dagbag.py:588} INFO - Filling up the DagBag from /opt/airflow/dags/fintech_dag.py
[2024-12-20T00:48:30.983+0000] {processor.py:925} INFO - DAG(s) 'fintech_pipeline' retrieved from /opt/airflow/dags/fintech_dag.py
[2024-12-20T00:48:31.004+0000] {logging_mixin.py:190} INFO - [2024-12-20T00:48:31.004+0000] {dag.py:3239} INFO - Sync 1 DAGs
[2024-12-20T00:48:31.022+0000] {logging_mixin.py:190} INFO - [2024-12-20T00:48:31.021+0000] {dag.py:4180} INFO - Setting next_dagrun for fintech_pipeline to None, run_after=None
[2024-12-20T00:48:31.128+0000] {processor.py:208} INFO - Processing /opt/airflow/dags/fintech_dag.py took 1.201 seconds
[2024-12-20T00:49:01.420+0000] {processor.py:186} INFO - Started process (PID=150) to work on /opt/airflow/dags/fintech_dag.py
[2024-12-20T00:49:01.421+0000] {processor.py:914} INFO - Processing file /opt/airflow/dags/fintech_dag.py for tasks to queue
[2024-12-20T00:49:01.424+0000] {logging_mixin.py:190} INFO - [2024-12-20T00:49:01.424+0000] {dagbag.py:588} INFO - Filling up the DagBag from /opt/airflow/dags/fintech_dag.py
[2024-12-20T00:49:02.588+0000] {processor.py:925} INFO - DAG(s) 'fintech_pipeline' retrieved from /opt/airflow/dags/fintech_dag.py
[2024-12-20T00:49:02.609+0000] {logging_mixin.py:190} INFO - [2024-12-20T00:49:02.609+0000] {dag.py:3239} INFO - Sync 1 DAGs
[2024-12-20T00:49:02.714+0000] {logging_mixin.py:190} INFO - [2024-12-20T00:49:02.714+0000] {dag.py:4180} INFO - Setting next_dagrun for fintech_pipeline to None, run_after=None
[2024-12-20T00:49:02.739+0000] {processor.py:208} INFO - Processing /opt/airflow/dags/fintech_dag.py took 1.325 seconds
[2024-12-20T00:49:32.983+0000] {processor.py:186} INFO - Started process (PID=169) to work on /opt/airflow/dags/fintech_dag.py
[2024-12-20T00:49:32.984+0000] {processor.py:914} INFO - Processing file /opt/airflow/dags/fintech_dag.py for tasks to queue
[2024-12-20T00:49:32.988+0000] {logging_mixin.py:190} INFO - [2024-12-20T00:49:32.988+0000] {dagbag.py:588} INFO - Filling up the DagBag from /opt/airflow/dags/fintech_dag.py
[2024-12-20T00:49:34.278+0000] {processor.py:925} INFO - DAG(s) 'fintech_pipeline' retrieved from /opt/airflow/dags/fintech_dag.py
[2024-12-20T00:49:34.304+0000] {logging_mixin.py:190} INFO - [2024-12-20T00:49:34.304+0000] {dag.py:3239} INFO - Sync 1 DAGs
[2024-12-20T00:49:34.431+0000] {logging_mixin.py:190} INFO - [2024-12-20T00:49:34.430+0000] {dag.py:4180} INFO - Setting next_dagrun for fintech_pipeline to None, run_after=None
[2024-12-20T00:49:34.459+0000] {processor.py:208} INFO - Processing /opt/airflow/dags/fintech_dag.py took 1.483 seconds
[2024-12-20T00:50:04.707+0000] {processor.py:186} INFO - Started process (PID=188) to work on /opt/airflow/dags/fintech_dag.py
[2024-12-20T00:50:04.708+0000] {processor.py:914} INFO - Processing file /opt/airflow/dags/fintech_dag.py for tasks to queue
[2024-12-20T00:50:04.710+0000] {logging_mixin.py:190} INFO - [2024-12-20T00:50:04.710+0000] {dagbag.py:588} INFO - Filling up the DagBag from /opt/airflow/dags/fintech_dag.py
[2024-12-20T00:50:05.794+0000] {processor.py:925} INFO - DAG(s) 'fintech_pipeline' retrieved from /opt/airflow/dags/fintech_dag.py
[2024-12-20T00:50:05.939+0000] {logging_mixin.py:190} INFO - [2024-12-20T00:50:05.938+0000] {dag.py:3239} INFO - Sync 1 DAGs
[2024-12-20T00:50:05.966+0000] {logging_mixin.py:190} INFO - [2024-12-20T00:50:05.965+0000] {dag.py:4180} INFO - Setting next_dagrun for fintech_pipeline to None, run_after=None
[2024-12-20T00:50:05.985+0000] {processor.py:208} INFO - Processing /opt/airflow/dags/fintech_dag.py took 1.285 seconds
[2024-12-20T00:50:36.226+0000] {processor.py:186} INFO - Started process (PID=207) to work on /opt/airflow/dags/fintech_dag.py
[2024-12-20T00:50:36.227+0000] {processor.py:914} INFO - Processing file /opt/airflow/dags/fintech_dag.py for tasks to queue
[2024-12-20T00:50:36.229+0000] {logging_mixin.py:190} INFO - [2024-12-20T00:50:36.229+0000] {dagbag.py:588} INFO - Filling up the DagBag from /opt/airflow/dags/fintech_dag.py
[2024-12-20T00:50:37.359+0000] {processor.py:925} INFO - DAG(s) 'fintech_pipeline' retrieved from /opt/airflow/dags/fintech_dag.py
[2024-12-20T00:50:37.379+0000] {logging_mixin.py:190} INFO - [2024-12-20T00:50:37.378+0000] {dag.py:3239} INFO - Sync 1 DAGs
[2024-12-20T00:50:37.396+0000] {logging_mixin.py:190} INFO - [2024-12-20T00:50:37.396+0000] {dag.py:4180} INFO - Setting next_dagrun for fintech_pipeline to None, run_after=None
[2024-12-20T00:50:37.415+0000] {processor.py:208} INFO - Processing /opt/airflow/dags/fintech_dag.py took 1.195 seconds
[2024-12-20T00:51:07.649+0000] {processor.py:186} INFO - Started process (PID=226) to work on /opt/airflow/dags/fintech_dag.py
[2024-12-20T00:51:07.650+0000] {processor.py:914} INFO - Processing file /opt/airflow/dags/fintech_dag.py for tasks to queue
[2024-12-20T00:51:07.653+0000] {logging_mixin.py:190} INFO - [2024-12-20T00:51:07.653+0000] {dagbag.py:588} INFO - Filling up the DagBag from /opt/airflow/dags/fintech_dag.py
[2024-12-20T00:51:08.907+0000] {processor.py:925} INFO - DAG(s) 'fintech_pipeline' retrieved from /opt/airflow/dags/fintech_dag.py
[2024-12-20T00:51:08.928+0000] {logging_mixin.py:190} INFO - [2024-12-20T00:51:08.928+0000] {dag.py:3239} INFO - Sync 1 DAGs
[2024-12-20T00:51:08.946+0000] {logging_mixin.py:190} INFO - [2024-12-20T00:51:08.946+0000] {dag.py:4180} INFO - Setting next_dagrun for fintech_pipeline to None, run_after=None
[2024-12-20T00:51:08.972+0000] {processor.py:208} INFO - Processing /opt/airflow/dags/fintech_dag.py took 1.329 seconds
[2024-12-20T00:51:39.211+0000] {processor.py:186} INFO - Started process (PID=245) to work on /opt/airflow/dags/fintech_dag.py
[2024-12-20T00:51:39.212+0000] {processor.py:914} INFO - Processing file /opt/airflow/dags/fintech_dag.py for tasks to queue
[2024-12-20T00:51:39.215+0000] {logging_mixin.py:190} INFO - [2024-12-20T00:51:39.214+0000] {dagbag.py:588} INFO - Filling up the DagBag from /opt/airflow/dags/fintech_dag.py
[2024-12-20T00:51:40.485+0000] {processor.py:925} INFO - DAG(s) 'fintech_pipeline' retrieved from /opt/airflow/dags/fintech_dag.py
[2024-12-20T00:51:40.506+0000] {logging_mixin.py:190} INFO - [2024-12-20T00:51:40.506+0000] {dag.py:3239} INFO - Sync 1 DAGs
[2024-12-20T00:51:40.525+0000] {logging_mixin.py:190} INFO - [2024-12-20T00:51:40.525+0000] {dag.py:4180} INFO - Setting next_dagrun for fintech_pipeline to None, run_after=None
[2024-12-20T00:51:40.553+0000] {processor.py:208} INFO - Processing /opt/airflow/dags/fintech_dag.py took 1.349 seconds
[2024-12-20T00:52:10.847+0000] {processor.py:186} INFO - Started process (PID=264) to work on /opt/airflow/dags/fintech_dag.py
[2024-12-20T00:52:10.849+0000] {processor.py:914} INFO - Processing file /opt/airflow/dags/fintech_dag.py for tasks to queue
[2024-12-20T00:52:10.851+0000] {logging_mixin.py:190} INFO - [2024-12-20T00:52:10.851+0000] {dagbag.py:588} INFO - Filling up the DagBag from /opt/airflow/dags/fintech_dag.py
[2024-12-20T00:52:12.173+0000] {processor.py:925} INFO - DAG(s) 'fintech_pipeline' retrieved from /opt/airflow/dags/fintech_dag.py
[2024-12-20T00:52:12.198+0000] {logging_mixin.py:190} INFO - [2024-12-20T00:52:12.197+0000] {dag.py:3239} INFO - Sync 1 DAGs
[2024-12-20T00:52:12.221+0000] {logging_mixin.py:190} INFO - [2024-12-20T00:52:12.220+0000] {dag.py:4180} INFO - Setting next_dagrun for fintech_pipeline to None, run_after=None
[2024-12-20T00:52:12.245+0000] {processor.py:208} INFO - Processing /opt/airflow/dags/fintech_dag.py took 1.404 seconds
[2024-12-20T00:52:42.492+0000] {processor.py:186} INFO - Started process (PID=283) to work on /opt/airflow/dags/fintech_dag.py
[2024-12-20T00:52:42.494+0000] {processor.py:914} INFO - Processing file /opt/airflow/dags/fintech_dag.py for tasks to queue
[2024-12-20T00:52:42.497+0000] {logging_mixin.py:190} INFO - [2024-12-20T00:52:42.497+0000] {dagbag.py:588} INFO - Filling up the DagBag from /opt/airflow/dags/fintech_dag.py
[2024-12-20T00:52:43.877+0000] {processor.py:925} INFO - DAG(s) 'fintech_pipeline' retrieved from /opt/airflow/dags/fintech_dag.py
[2024-12-20T00:52:43.902+0000] {logging_mixin.py:190} INFO - [2024-12-20T00:52:43.901+0000] {dag.py:3239} INFO - Sync 1 DAGs
[2024-12-20T00:52:43.925+0000] {logging_mixin.py:190} INFO - [2024-12-20T00:52:43.925+0000] {dag.py:4180} INFO - Setting next_dagrun for fintech_pipeline to None, run_after=None
[2024-12-20T00:52:43.954+0000] {processor.py:208} INFO - Processing /opt/airflow/dags/fintech_dag.py took 1.469 seconds
[2024-12-20T00:53:14.211+0000] {processor.py:186} INFO - Started process (PID=302) to work on /opt/airflow/dags/fintech_dag.py
[2024-12-20T00:53:14.212+0000] {processor.py:914} INFO - Processing file /opt/airflow/dags/fintech_dag.py for tasks to queue
[2024-12-20T00:53:14.215+0000] {logging_mixin.py:190} INFO - [2024-12-20T00:53:14.215+0000] {dagbag.py:588} INFO - Filling up the DagBag from /opt/airflow/dags/fintech_dag.py
[2024-12-20T00:53:15.644+0000] {processor.py:925} INFO - DAG(s) 'fintech_pipeline' retrieved from /opt/airflow/dags/fintech_dag.py
[2024-12-20T00:53:15.665+0000] {logging_mixin.py:190} INFO - [2024-12-20T00:53:15.664+0000] {dag.py:3239} INFO - Sync 1 DAGs
[2024-12-20T00:53:15.681+0000] {logging_mixin.py:190} INFO - [2024-12-20T00:53:15.681+0000] {dag.py:4180} INFO - Setting next_dagrun for fintech_pipeline to None, run_after=None
[2024-12-20T00:53:15.699+0000] {processor.py:208} INFO - Processing /opt/airflow/dags/fintech_dag.py took 1.496 seconds
[2024-12-20T00:53:45.927+0000] {processor.py:186} INFO - Started process (PID=321) to work on /opt/airflow/dags/fintech_dag.py
[2024-12-20T00:53:45.928+0000] {processor.py:914} INFO - Processing file /opt/airflow/dags/fintech_dag.py for tasks to queue
[2024-12-20T00:53:45.931+0000] {logging_mixin.py:190} INFO - [2024-12-20T00:53:45.930+0000] {dagbag.py:588} INFO - Filling up the DagBag from /opt/airflow/dags/fintech_dag.py
[2024-12-20T00:53:47.132+0000] {processor.py:925} INFO - DAG(s) 'fintech_pipeline' retrieved from /opt/airflow/dags/fintech_dag.py
[2024-12-20T00:53:47.153+0000] {logging_mixin.py:190} INFO - [2024-12-20T00:53:47.152+0000] {dag.py:3239} INFO - Sync 1 DAGs
[2024-12-20T00:53:47.170+0000] {logging_mixin.py:190} INFO - [2024-12-20T00:53:47.170+0000] {dag.py:4180} INFO - Setting next_dagrun for fintech_pipeline to None, run_after=None
[2024-12-20T00:53:47.195+0000] {processor.py:208} INFO - Processing /opt/airflow/dags/fintech_dag.py took 1.274 seconds
[2024-12-20T00:54:17.436+0000] {processor.py:186} INFO - Started process (PID=340) to work on /opt/airflow/dags/fintech_dag.py
[2024-12-20T00:54:17.437+0000] {processor.py:914} INFO - Processing file /opt/airflow/dags/fintech_dag.py for tasks to queue
[2024-12-20T00:54:17.440+0000] {logging_mixin.py:190} INFO - [2024-12-20T00:54:17.440+0000] {dagbag.py:588} INFO - Filling up the DagBag from /opt/airflow/dags/fintech_dag.py
[2024-12-20T00:54:18.565+0000] {processor.py:925} INFO - DAG(s) 'fintech_pipeline' retrieved from /opt/airflow/dags/fintech_dag.py
[2024-12-20T00:54:18.586+0000] {logging_mixin.py:190} INFO - [2024-12-20T00:54:18.586+0000] {dag.py:3239} INFO - Sync 1 DAGs
[2024-12-20T00:54:18.604+0000] {logging_mixin.py:190} INFO - [2024-12-20T00:54:18.604+0000] {dag.py:4180} INFO - Setting next_dagrun for fintech_pipeline to None, run_after=None
[2024-12-20T00:54:18.622+0000] {processor.py:208} INFO - Processing /opt/airflow/dags/fintech_dag.py took 1.191 seconds
[2024-12-20T00:54:48.860+0000] {processor.py:186} INFO - Started process (PID=358) to work on /opt/airflow/dags/fintech_dag.py
[2024-12-20T00:54:48.862+0000] {processor.py:914} INFO - Processing file /opt/airflow/dags/fintech_dag.py for tasks to queue
[2024-12-20T00:54:48.865+0000] {logging_mixin.py:190} INFO - [2024-12-20T00:54:48.865+0000] {dagbag.py:588} INFO - Filling up the DagBag from /opt/airflow/dags/fintech_dag.py
[2024-12-20T00:54:50.029+0000] {processor.py:925} INFO - DAG(s) 'fintech_pipeline' retrieved from /opt/airflow/dags/fintech_dag.py
[2024-12-20T00:54:50.051+0000] {logging_mixin.py:190} INFO - [2024-12-20T00:54:50.050+0000] {dag.py:3239} INFO - Sync 1 DAGs
[2024-12-20T00:54:50.069+0000] {logging_mixin.py:190} INFO - [2024-12-20T00:54:50.069+0000] {dag.py:4180} INFO - Setting next_dagrun for fintech_pipeline to None, run_after=None
[2024-12-20T00:54:50.096+0000] {processor.py:208} INFO - Processing /opt/airflow/dags/fintech_dag.py took 1.242 seconds
[2024-12-20T00:55:20.328+0000] {processor.py:186} INFO - Started process (PID=377) to work on /opt/airflow/dags/fintech_dag.py
[2024-12-20T00:55:20.329+0000] {processor.py:914} INFO - Processing file /opt/airflow/dags/fintech_dag.py for tasks to queue
[2024-12-20T00:55:20.331+0000] {logging_mixin.py:190} INFO - [2024-12-20T00:55:20.331+0000] {dagbag.py:588} INFO - Filling up the DagBag from /opt/airflow/dags/fintech_dag.py
[2024-12-20T00:55:21.519+0000] {processor.py:925} INFO - DAG(s) 'fintech_pipeline' retrieved from /opt/airflow/dags/fintech_dag.py
[2024-12-20T00:55:21.539+0000] {logging_mixin.py:190} INFO - [2024-12-20T00:55:21.539+0000] {dag.py:3239} INFO - Sync 1 DAGs
[2024-12-20T00:55:21.559+0000] {logging_mixin.py:190} INFO - [2024-12-20T00:55:21.559+0000] {dag.py:4180} INFO - Setting next_dagrun for fintech_pipeline to None, run_after=None
[2024-12-20T00:55:21.583+0000] {processor.py:208} INFO - Processing /opt/airflow/dags/fintech_dag.py took 1.261 seconds
[2024-12-20T00:55:51.817+0000] {processor.py:186} INFO - Started process (PID=396) to work on /opt/airflow/dags/fintech_dag.py
[2024-12-20T00:55:51.818+0000] {processor.py:914} INFO - Processing file /opt/airflow/dags/fintech_dag.py for tasks to queue
[2024-12-20T00:55:51.820+0000] {logging_mixin.py:190} INFO - [2024-12-20T00:55:51.820+0000] {dagbag.py:588} INFO - Filling up the DagBag from /opt/airflow/dags/fintech_dag.py
[2024-12-20T00:55:53.014+0000] {processor.py:925} INFO - DAG(s) 'fintech_pipeline' retrieved from /opt/airflow/dags/fintech_dag.py
[2024-12-20T00:55:53.034+0000] {logging_mixin.py:190} INFO - [2024-12-20T00:55:53.034+0000] {dag.py:3239} INFO - Sync 1 DAGs
[2024-12-20T00:55:53.052+0000] {logging_mixin.py:190} INFO - [2024-12-20T00:55:53.051+0000] {dag.py:4180} INFO - Setting next_dagrun for fintech_pipeline to None, run_after=None
[2024-12-20T00:55:53.069+0000] {processor.py:208} INFO - Processing /opt/airflow/dags/fintech_dag.py took 1.259 seconds
[2024-12-20T00:56:23.308+0000] {processor.py:186} INFO - Started process (PID=421) to work on /opt/airflow/dags/fintech_dag.py
[2024-12-20T00:56:23.309+0000] {processor.py:914} INFO - Processing file /opt/airflow/dags/fintech_dag.py for tasks to queue
[2024-12-20T00:56:23.311+0000] {logging_mixin.py:190} INFO - [2024-12-20T00:56:23.311+0000] {dagbag.py:588} INFO - Filling up the DagBag from /opt/airflow/dags/fintech_dag.py
[2024-12-20T00:56:24.481+0000] {processor.py:925} INFO - DAG(s) 'fintech_pipeline' retrieved from /opt/airflow/dags/fintech_dag.py
[2024-12-20T00:56:24.596+0000] {logging_mixin.py:190} INFO - [2024-12-20T00:56:24.595+0000] {dag.py:3239} INFO - Sync 1 DAGs
[2024-12-20T00:56:24.615+0000] {logging_mixin.py:190} INFO - [2024-12-20T00:56:24.615+0000] {dag.py:4180} INFO - Setting next_dagrun for fintech_pipeline to None, run_after=None
[2024-12-20T00:56:24.639+0000] {processor.py:208} INFO - Processing /opt/airflow/dags/fintech_dag.py took 1.337 seconds
[2024-12-20T00:56:54.950+0000] {processor.py:186} INFO - Started process (PID=440) to work on /opt/airflow/dags/fintech_dag.py
[2024-12-20T00:56:54.951+0000] {processor.py:914} INFO - Processing file /opt/airflow/dags/fintech_dag.py for tasks to queue
[2024-12-20T00:56:54.955+0000] {logging_mixin.py:190} INFO - [2024-12-20T00:56:54.954+0000] {dagbag.py:588} INFO - Filling up the DagBag from /opt/airflow/dags/fintech_dag.py
[2024-12-20T00:56:56.122+0000] {processor.py:925} INFO - DAG(s) 'fintech_pipeline' retrieved from /opt/airflow/dags/fintech_dag.py
[2024-12-20T00:56:56.142+0000] {logging_mixin.py:190} INFO - [2024-12-20T00:56:56.141+0000] {dag.py:3239} INFO - Sync 1 DAGs
[2024-12-20T00:56:56.160+0000] {logging_mixin.py:190} INFO - [2024-12-20T00:56:56.160+0000] {dag.py:4180} INFO - Setting next_dagrun for fintech_pipeline to None, run_after=None
[2024-12-20T00:56:56.188+0000] {processor.py:208} INFO - Processing /opt/airflow/dags/fintech_dag.py took 1.244 seconds
[2024-12-20T00:57:26.425+0000] {processor.py:186} INFO - Started process (PID=459) to work on /opt/airflow/dags/fintech_dag.py
[2024-12-20T00:57:26.427+0000] {processor.py:914} INFO - Processing file /opt/airflow/dags/fintech_dag.py for tasks to queue
[2024-12-20T00:57:26.429+0000] {logging_mixin.py:190} INFO - [2024-12-20T00:57:26.429+0000] {dagbag.py:588} INFO - Filling up the DagBag from /opt/airflow/dags/fintech_dag.py
[2024-12-20T00:57:27.610+0000] {processor.py:925} INFO - DAG(s) 'fintech_pipeline' retrieved from /opt/airflow/dags/fintech_dag.py
[2024-12-20T00:57:27.629+0000] {logging_mixin.py:190} INFO - [2024-12-20T00:57:27.629+0000] {dag.py:3239} INFO - Sync 1 DAGs
[2024-12-20T00:57:27.646+0000] {logging_mixin.py:190} INFO - [2024-12-20T00:57:27.646+0000] {dag.py:4180} INFO - Setting next_dagrun for fintech_pipeline to None, run_after=None
[2024-12-20T00:57:27.663+0000] {processor.py:208} INFO - Processing /opt/airflow/dags/fintech_dag.py took 1.244 seconds
[2024-12-20T00:57:57.896+0000] {processor.py:186} INFO - Started process (PID=478) to work on /opt/airflow/dags/fintech_dag.py
[2024-12-20T00:57:57.897+0000] {processor.py:914} INFO - Processing file /opt/airflow/dags/fintech_dag.py for tasks to queue
[2024-12-20T00:57:57.899+0000] {logging_mixin.py:190} INFO - [2024-12-20T00:57:57.899+0000] {dagbag.py:588} INFO - Filling up the DagBag from /opt/airflow/dags/fintech_dag.py
[2024-12-20T00:57:59.029+0000] {processor.py:925} INFO - DAG(s) 'fintech_pipeline' retrieved from /opt/airflow/dags/fintech_dag.py
[2024-12-20T00:57:59.049+0000] {logging_mixin.py:190} INFO - [2024-12-20T00:57:59.048+0000] {dag.py:3239} INFO - Sync 1 DAGs
[2024-12-20T00:57:59.067+0000] {logging_mixin.py:190} INFO - [2024-12-20T00:57:59.067+0000] {dag.py:4180} INFO - Setting next_dagrun for fintech_pipeline to None, run_after=None
[2024-12-20T00:57:59.082+0000] {processor.py:208} INFO - Processing /opt/airflow/dags/fintech_dag.py took 1.192 seconds
[2024-12-20T00:58:29.303+0000] {processor.py:186} INFO - Started process (PID=497) to work on /opt/airflow/dags/fintech_dag.py
[2024-12-20T00:58:29.304+0000] {processor.py:914} INFO - Processing file /opt/airflow/dags/fintech_dag.py for tasks to queue
[2024-12-20T00:58:29.307+0000] {logging_mixin.py:190} INFO - [2024-12-20T00:58:29.306+0000] {dagbag.py:588} INFO - Filling up the DagBag from /opt/airflow/dags/fintech_dag.py
[2024-12-20T00:58:30.562+0000] {processor.py:925} INFO - DAG(s) 'fintech_pipeline' retrieved from /opt/airflow/dags/fintech_dag.py
[2024-12-20T00:58:30.583+0000] {logging_mixin.py:190} INFO - [2024-12-20T00:58:30.582+0000] {dag.py:3239} INFO - Sync 1 DAGs
[2024-12-20T00:58:30.602+0000] {logging_mixin.py:190} INFO - [2024-12-20T00:58:30.602+0000] {dag.py:4180} INFO - Setting next_dagrun for fintech_pipeline to None, run_after=None
[2024-12-20T00:58:30.629+0000] {processor.py:208} INFO - Processing /opt/airflow/dags/fintech_dag.py took 1.333 seconds
[2024-12-20T00:59:00.868+0000] {processor.py:186} INFO - Started process (PID=516) to work on /opt/airflow/dags/fintech_dag.py
[2024-12-20T00:59:00.869+0000] {processor.py:914} INFO - Processing file /opt/airflow/dags/fintech_dag.py for tasks to queue
[2024-12-20T00:59:00.872+0000] {logging_mixin.py:190} INFO - [2024-12-20T00:59:00.871+0000] {dagbag.py:588} INFO - Filling up the DagBag from /opt/airflow/dags/fintech_dag.py
[2024-12-20T00:59:02.013+0000] {processor.py:925} INFO - DAG(s) 'fintech_pipeline' retrieved from /opt/airflow/dags/fintech_dag.py
[2024-12-20T00:59:02.035+0000] {logging_mixin.py:190} INFO - [2024-12-20T00:59:02.035+0000] {dag.py:3239} INFO - Sync 1 DAGs
[2024-12-20T00:59:02.054+0000] {logging_mixin.py:190} INFO - [2024-12-20T00:59:02.054+0000] {dag.py:4180} INFO - Setting next_dagrun for fintech_pipeline to None, run_after=None
[2024-12-20T00:59:02.074+0000] {processor.py:208} INFO - Processing /opt/airflow/dags/fintech_dag.py took 1.212 seconds
[2024-12-20T00:59:32.324+0000] {processor.py:186} INFO - Started process (PID=535) to work on /opt/airflow/dags/fintech_dag.py
[2024-12-20T00:59:32.326+0000] {processor.py:914} INFO - Processing file /opt/airflow/dags/fintech_dag.py for tasks to queue
[2024-12-20T00:59:32.329+0000] {logging_mixin.py:190} INFO - [2024-12-20T00:59:32.329+0000] {dagbag.py:588} INFO - Filling up the DagBag from /opt/airflow/dags/fintech_dag.py
[2024-12-20T00:59:33.696+0000] {processor.py:925} INFO - DAG(s) 'fintech_pipeline' retrieved from /opt/airflow/dags/fintech_dag.py
[2024-12-20T00:59:33.723+0000] {logging_mixin.py:190} INFO - [2024-12-20T00:59:33.722+0000] {dag.py:3239} INFO - Sync 1 DAGs
[2024-12-20T00:59:33.746+0000] {logging_mixin.py:190} INFO - [2024-12-20T00:59:33.745+0000] {dag.py:4180} INFO - Setting next_dagrun for fintech_pipeline to None, run_after=None
[2024-12-20T00:59:33.774+0000] {processor.py:208} INFO - Processing /opt/airflow/dags/fintech_dag.py took 1.459 seconds
[2024-12-20T01:01:25.476+0000] {processor.py:186} INFO - Started process (PID=68) to work on /opt/airflow/dags/fintech_dag.py
[2024-12-20T01:01:25.478+0000] {processor.py:914} INFO - Processing file /opt/airflow/dags/fintech_dag.py for tasks to queue
[2024-12-20T01:01:25.482+0000] {logging_mixin.py:190} INFO - [2024-12-20T01:01:25.481+0000] {dagbag.py:588} INFO - Filling up the DagBag from /opt/airflow/dags/fintech_dag.py
[2024-12-20T01:01:28.531+0000] {processor.py:925} INFO - DAG(s) 'fintech_pipeline' retrieved from /opt/airflow/dags/fintech_dag.py
[2024-12-20T01:01:28.569+0000] {logging_mixin.py:190} INFO - [2024-12-20T01:01:28.568+0000] {dag.py:3239} INFO - Sync 1 DAGs
[2024-12-20T01:01:28.591+0000] {logging_mixin.py:190} INFO - [2024-12-20T01:01:28.591+0000] {dag.py:4180} INFO - Setting next_dagrun for fintech_pipeline to None, run_after=None
[2024-12-20T01:01:28.611+0000] {processor.py:208} INFO - Processing /opt/airflow/dags/fintech_dag.py took 3.145 seconds
[2024-12-20T01:01:52.709+0000] {processor.py:186} INFO - Started process (PID=87) to work on /opt/airflow/dags/fintech_dag.py
[2024-12-20T01:01:52.710+0000] {processor.py:914} INFO - Processing file /opt/airflow/dags/fintech_dag.py for tasks to queue
[2024-12-20T01:01:52.713+0000] {logging_mixin.py:190} INFO - [2024-12-20T01:01:52.713+0000] {dagbag.py:588} INFO - Filling up the DagBag from /opt/airflow/dags/fintech_dag.py
[2024-12-20T01:01:53.941+0000] {processor.py:925} INFO - DAG(s) 'fintech_pipeline' retrieved from /opt/airflow/dags/fintech_dag.py
[2024-12-20T01:01:53.961+0000] {logging_mixin.py:190} INFO - [2024-12-20T01:01:53.961+0000] {dag.py:3239} INFO - Sync 1 DAGs
[2024-12-20T01:01:53.978+0000] {logging_mixin.py:190} INFO - [2024-12-20T01:01:53.978+0000] {dag.py:4180} INFO - Setting next_dagrun for fintech_pipeline to None, run_after=None
[2024-12-20T01:01:54.002+0000] {processor.py:208} INFO - Processing /opt/airflow/dags/fintech_dag.py took 1.299 seconds
[2024-12-20T01:02:02.902+0000] {processor.py:186} INFO - Started process (PID=106) to work on /opt/airflow/dags/fintech_dag.py
[2024-12-20T01:02:02.904+0000] {processor.py:914} INFO - Processing file /opt/airflow/dags/fintech_dag.py for tasks to queue
[2024-12-20T01:02:02.907+0000] {logging_mixin.py:190} INFO - [2024-12-20T01:02:02.907+0000] {dagbag.py:588} INFO - Filling up the DagBag from /opt/airflow/dags/fintech_dag.py
[2024-12-20T01:02:04.071+0000] {processor.py:925} INFO - DAG(s) 'fintech_pipeline' retrieved from /opt/airflow/dags/fintech_dag.py
[2024-12-20T01:02:04.097+0000] {logging_mixin.py:190} INFO - [2024-12-20T01:02:04.096+0000] {dag.py:3239} INFO - Sync 1 DAGs
[2024-12-20T01:02:04.116+0000] {logging_mixin.py:190} INFO - [2024-12-20T01:02:04.116+0000] {dag.py:4180} INFO - Setting next_dagrun for fintech_pipeline to None, run_after=None
[2024-12-20T01:02:04.142+0000] {processor.py:208} INFO - Processing /opt/airflow/dags/fintech_dag.py took 1.248 seconds
[2024-12-20T01:02:34.345+0000] {processor.py:186} INFO - Started process (PID=125) to work on /opt/airflow/dags/fintech_dag.py
[2024-12-20T01:02:34.346+0000] {processor.py:914} INFO - Processing file /opt/airflow/dags/fintech_dag.py for tasks to queue
[2024-12-20T01:02:34.350+0000] {logging_mixin.py:190} INFO - [2024-12-20T01:02:34.350+0000] {dagbag.py:588} INFO - Filling up the DagBag from /opt/airflow/dags/fintech_dag.py
[2024-12-20T01:02:35.626+0000] {processor.py:925} INFO - DAG(s) 'fintech_pipeline' retrieved from /opt/airflow/dags/fintech_dag.py
[2024-12-20T01:02:35.647+0000] {logging_mixin.py:190} INFO - [2024-12-20T01:02:35.646+0000] {dag.py:3239} INFO - Sync 1 DAGs
[2024-12-20T01:02:35.669+0000] {logging_mixin.py:190} INFO - [2024-12-20T01:02:35.669+0000] {dag.py:4180} INFO - Setting next_dagrun for fintech_pipeline to None, run_after=None
[2024-12-20T01:02:35.687+0000] {processor.py:208} INFO - Processing /opt/airflow/dags/fintech_dag.py took 1.349 seconds
[2024-12-20T01:03:05.941+0000] {processor.py:186} INFO - Started process (PID=145) to work on /opt/airflow/dags/fintech_dag.py
[2024-12-20T01:03:05.942+0000] {processor.py:914} INFO - Processing file /opt/airflow/dags/fintech_dag.py for tasks to queue
[2024-12-20T01:03:05.946+0000] {logging_mixin.py:190} INFO - [2024-12-20T01:03:05.946+0000] {dagbag.py:588} INFO - Filling up the DagBag from /opt/airflow/dags/fintech_dag.py
[2024-12-20T01:03:07.124+0000] {processor.py:925} INFO - DAG(s) 'fintech_pipeline' retrieved from /opt/airflow/dags/fintech_dag.py
[2024-12-20T01:03:07.147+0000] {logging_mixin.py:190} INFO - [2024-12-20T01:03:07.147+0000] {dag.py:3239} INFO - Sync 1 DAGs
[2024-12-20T01:03:07.167+0000] {logging_mixin.py:190} INFO - [2024-12-20T01:03:07.167+0000] {dag.py:4180} INFO - Setting next_dagrun for fintech_pipeline to None, run_after=None
[2024-12-20T01:03:07.279+0000] {processor.py:208} INFO - Processing /opt/airflow/dags/fintech_dag.py took 1.345 seconds
[2024-12-20T01:03:37.543+0000] {processor.py:186} INFO - Started process (PID=164) to work on /opt/airflow/dags/fintech_dag.py
[2024-12-20T01:03:37.544+0000] {processor.py:914} INFO - Processing file /opt/airflow/dags/fintech_dag.py for tasks to queue
[2024-12-20T01:03:37.548+0000] {logging_mixin.py:190} INFO - [2024-12-20T01:03:37.547+0000] {dagbag.py:588} INFO - Filling up the DagBag from /opt/airflow/dags/fintech_dag.py
[2024-12-20T01:03:38.791+0000] {processor.py:925} INFO - DAG(s) 'fintech_pipeline' retrieved from /opt/airflow/dags/fintech_dag.py
[2024-12-20T01:03:38.814+0000] {logging_mixin.py:190} INFO - [2024-12-20T01:03:38.814+0000] {dag.py:3239} INFO - Sync 1 DAGs
[2024-12-20T01:03:38.927+0000] {logging_mixin.py:190} INFO - [2024-12-20T01:03:38.927+0000] {dag.py:4180} INFO - Setting next_dagrun for fintech_pipeline to None, run_after=None
[2024-12-20T01:03:38.947+0000] {processor.py:208} INFO - Processing /opt/airflow/dags/fintech_dag.py took 1.412 seconds
[2024-12-20T01:04:09.215+0000] {processor.py:186} INFO - Started process (PID=183) to work on /opt/airflow/dags/fintech_dag.py
[2024-12-20T01:04:09.216+0000] {processor.py:914} INFO - Processing file /opt/airflow/dags/fintech_dag.py for tasks to queue
[2024-12-20T01:04:09.219+0000] {logging_mixin.py:190} INFO - [2024-12-20T01:04:09.219+0000] {dagbag.py:588} INFO - Filling up the DagBag from /opt/airflow/dags/fintech_dag.py
[2024-12-20T01:04:10.629+0000] {processor.py:925} INFO - DAG(s) 'fintech_pipeline' retrieved from /opt/airflow/dags/fintech_dag.py
[2024-12-20T01:04:10.655+0000] {logging_mixin.py:190} INFO - [2024-12-20T01:04:10.654+0000] {dag.py:3239} INFO - Sync 1 DAGs
[2024-12-20T01:04:10.792+0000] {logging_mixin.py:190} INFO - [2024-12-20T01:04:10.792+0000] {dag.py:4180} INFO - Setting next_dagrun for fintech_pipeline to None, run_after=None
[2024-12-20T01:04:10.814+0000] {processor.py:208} INFO - Processing /opt/airflow/dags/fintech_dag.py took 1.607 seconds
[2024-12-20T01:04:41.002+0000] {processor.py:186} INFO - Started process (PID=202) to work on /opt/airflow/dags/fintech_dag.py
[2024-12-20T01:04:41.003+0000] {processor.py:914} INFO - Processing file /opt/airflow/dags/fintech_dag.py for tasks to queue
[2024-12-20T01:04:41.005+0000] {logging_mixin.py:190} INFO - [2024-12-20T01:04:41.005+0000] {dagbag.py:588} INFO - Filling up the DagBag from /opt/airflow/dags/fintech_dag.py
[2024-12-20T01:04:42.275+0000] {processor.py:925} INFO - DAG(s) 'fintech_pipeline' retrieved from /opt/airflow/dags/fintech_dag.py
[2024-12-20T01:04:42.405+0000] {logging_mixin.py:190} INFO - [2024-12-20T01:04:42.405+0000] {dag.py:3239} INFO - Sync 1 DAGs
[2024-12-20T01:04:42.426+0000] {logging_mixin.py:190} INFO - [2024-12-20T01:04:42.426+0000] {dag.py:4180} INFO - Setting next_dagrun for fintech_pipeline to None, run_after=None
[2024-12-20T01:04:42.450+0000] {processor.py:208} INFO - Processing /opt/airflow/dags/fintech_dag.py took 1.455 seconds
[2024-12-20T01:05:12.702+0000] {processor.py:186} INFO - Started process (PID=221) to work on /opt/airflow/dags/fintech_dag.py
[2024-12-20T01:05:12.703+0000] {processor.py:914} INFO - Processing file /opt/airflow/dags/fintech_dag.py for tasks to queue
[2024-12-20T01:05:12.706+0000] {logging_mixin.py:190} INFO - [2024-12-20T01:05:12.706+0000] {dagbag.py:588} INFO - Filling up the DagBag from /opt/airflow/dags/fintech_dag.py
[2024-12-20T01:05:13.976+0000] {processor.py:925} INFO - DAG(s) 'fintech_pipeline' retrieved from /opt/airflow/dags/fintech_dag.py
[2024-12-20T01:05:13.998+0000] {logging_mixin.py:190} INFO - [2024-12-20T01:05:13.998+0000] {dag.py:3239} INFO - Sync 1 DAGs
[2024-12-20T01:05:14.017+0000] {logging_mixin.py:190} INFO - [2024-12-20T01:05:14.017+0000] {dag.py:4180} INFO - Setting next_dagrun for fintech_pipeline to None, run_after=None
[2024-12-20T01:05:14.037+0000] {processor.py:208} INFO - Processing /opt/airflow/dags/fintech_dag.py took 1.342 seconds
[2024-12-20T01:05:44.285+0000] {processor.py:186} INFO - Started process (PID=240) to work on /opt/airflow/dags/fintech_dag.py
[2024-12-20T01:05:44.287+0000] {processor.py:914} INFO - Processing file /opt/airflow/dags/fintech_dag.py for tasks to queue
[2024-12-20T01:05:44.289+0000] {logging_mixin.py:190} INFO - [2024-12-20T01:05:44.289+0000] {dagbag.py:588} INFO - Filling up the DagBag from /opt/airflow/dags/fintech_dag.py
[2024-12-20T01:05:45.580+0000] {processor.py:925} INFO - DAG(s) 'fintech_pipeline' retrieved from /opt/airflow/dags/fintech_dag.py
[2024-12-20T01:05:45.603+0000] {logging_mixin.py:190} INFO - [2024-12-20T01:05:45.603+0000] {dag.py:3239} INFO - Sync 1 DAGs
[2024-12-20T01:05:45.626+0000] {logging_mixin.py:190} INFO - [2024-12-20T01:05:45.625+0000] {dag.py:4180} INFO - Setting next_dagrun for fintech_pipeline to None, run_after=None
[2024-12-20T01:05:45.650+0000] {processor.py:208} INFO - Processing /opt/airflow/dags/fintech_dag.py took 1.371 seconds
[2024-12-20T01:06:15.906+0000] {processor.py:186} INFO - Started process (PID=259) to work on /opt/airflow/dags/fintech_dag.py
[2024-12-20T01:06:15.907+0000] {processor.py:914} INFO - Processing file /opt/airflow/dags/fintech_dag.py for tasks to queue
[2024-12-20T01:06:15.910+0000] {logging_mixin.py:190} INFO - [2024-12-20T01:06:15.910+0000] {dagbag.py:588} INFO - Filling up the DagBag from /opt/airflow/dags/fintech_dag.py
[2024-12-20T01:06:17.212+0000] {processor.py:925} INFO - DAG(s) 'fintech_pipeline' retrieved from /opt/airflow/dags/fintech_dag.py
[2024-12-20T01:06:17.233+0000] {logging_mixin.py:190} INFO - [2024-12-20T01:06:17.232+0000] {dag.py:3239} INFO - Sync 1 DAGs
[2024-12-20T01:06:17.253+0000] {logging_mixin.py:190} INFO - [2024-12-20T01:06:17.253+0000] {dag.py:4180} INFO - Setting next_dagrun for fintech_pipeline to None, run_after=None
[2024-12-20T01:06:17.279+0000] {processor.py:208} INFO - Processing /opt/airflow/dags/fintech_dag.py took 1.382 seconds
[2024-12-20T01:06:47.591+0000] {processor.py:186} INFO - Started process (PID=278) to work on /opt/airflow/dags/fintech_dag.py
[2024-12-20T01:06:47.594+0000] {processor.py:914} INFO - Processing file /opt/airflow/dags/fintech_dag.py for tasks to queue
[2024-12-20T01:06:47.597+0000] {logging_mixin.py:190} INFO - [2024-12-20T01:06:47.596+0000] {dagbag.py:588} INFO - Filling up the DagBag from /opt/airflow/dags/fintech_dag.py
[2024-12-20T01:06:49.237+0000] {processor.py:925} INFO - DAG(s) 'fintech_pipeline' retrieved from /opt/airflow/dags/fintech_dag.py
[2024-12-20T01:06:49.278+0000] {logging_mixin.py:190} INFO - [2024-12-20T01:06:49.277+0000] {dag.py:3239} INFO - Sync 1 DAGs
[2024-12-20T01:06:49.310+0000] {logging_mixin.py:190} INFO - [2024-12-20T01:06:49.310+0000] {dag.py:4180} INFO - Setting next_dagrun for fintech_pipeline to None, run_after=None
[2024-12-20T01:06:49.338+0000] {processor.py:208} INFO - Processing /opt/airflow/dags/fintech_dag.py took 1.760 seconds
[2024-12-20T17:52:31.179+0000] {processor.py:186} INFO - Started process (PID=75) to work on /opt/airflow/dags/fintech_dag.py
[2024-12-20T17:52:31.246+0000] {processor.py:914} INFO - Processing file /opt/airflow/dags/fintech_dag.py for tasks to queue
[2024-12-20T17:52:31.252+0000] {logging_mixin.py:190} INFO - [2024-12-20T17:52:31.250+0000] {dagbag.py:588} INFO - Filling up the DagBag from /opt/airflow/dags/fintech_dag.py
[2024-12-20T17:52:38.443+0000] {processor.py:925} INFO - DAG(s) 'fintech_pipeline' retrieved from /opt/airflow/dags/fintech_dag.py
[2024-12-20T17:52:38.497+0000] {logging_mixin.py:190} INFO - [2024-12-20T17:52:38.497+0000] {dag.py:3239} INFO - Sync 1 DAGs
[2024-12-20T17:52:38.531+0000] {logging_mixin.py:190} INFO - [2024-12-20T17:52:38.531+0000] {dag.py:4180} INFO - Setting next_dagrun for fintech_pipeline to None, run_after=None
[2024-12-20T17:52:38.560+0000] {processor.py:208} INFO - Processing /opt/airflow/dags/fintech_dag.py took 7.422 seconds
[2024-12-20T17:52:40.954+0000] {processor.py:186} INFO - Started process (PID=88) to work on /opt/airflow/dags/fintech_dag.py
[2024-12-20T17:52:40.957+0000] {processor.py:914} INFO - Processing file /opt/airflow/dags/fintech_dag.py for tasks to queue
[2024-12-20T17:52:40.961+0000] {logging_mixin.py:190} INFO - [2024-12-20T17:52:40.961+0000] {dagbag.py:588} INFO - Filling up the DagBag from /opt/airflow/dags/fintech_dag.py
[2024-12-20T17:52:42.826+0000] {processor.py:925} INFO - DAG(s) 'fintech_pipeline' retrieved from /opt/airflow/dags/fintech_dag.py
[2024-12-20T17:52:42.849+0000] {logging_mixin.py:190} INFO - [2024-12-20T17:52:42.848+0000] {taskinstance.py:3313} ERROR - {'DAG Id': 'fintech_pipeline', 'Task Id': 'create_dashboard', 'Run Id': 'manual__2024-12-20T01:02:04.496486+00:00', 'Hostname': '18b000d16fb3', 'External Executor Id': 'ff89f4fe-0e51-492c-8201-7e703843a4dd'}
[2024-12-20T17:52:42.915+0000] {logging_mixin.py:190} INFO - [2024-12-20T17:52:42.915+0000] {taskinstance.py:1225} INFO - Marking task as UP_FOR_RETRY. dag_id=fintech_pipeline, task_id=create_dashboard, run_id=manual__2024-12-20T01:02:04.496486+00:00, execution_date=20241220T010204, start_date=20241220T010227, end_date=20241220T175242
[2024-12-20T17:52:42.947+0000] {logging_mixin.py:190} INFO - [2024-12-20T17:52:42.946+0000] {processor.py:876} INFO - Executed callback for <TaskInstance: fintech_pipeline.create_dashboard manual__2024-12-20T01:02:04.496486+00:00 [up_for_retry]> in state up_for_retry
[2024-12-20T17:52:42.977+0000] {logging_mixin.py:190} INFO - [2024-12-20T17:52:42.977+0000] {dag.py:3239} INFO - Sync 1 DAGs
[2024-12-20T17:52:43.010+0000] {logging_mixin.py:190} INFO - [2024-12-20T17:52:43.010+0000] {dag.py:4180} INFO - Setting next_dagrun for fintech_pipeline to None, run_after=None
[2024-12-20T17:52:43.194+0000] {processor.py:208} INFO - Processing /opt/airflow/dags/fintech_dag.py took 2.253 seconds
[2024-12-20T17:53:13.499+0000] {processor.py:186} INFO - Started process (PID=113) to work on /opt/airflow/dags/fintech_dag.py
[2024-12-20T17:53:13.501+0000] {processor.py:914} INFO - Processing file /opt/airflow/dags/fintech_dag.py for tasks to queue
[2024-12-20T17:53:13.505+0000] {logging_mixin.py:190} INFO - [2024-12-20T17:53:13.505+0000] {dagbag.py:588} INFO - Filling up the DagBag from /opt/airflow/dags/fintech_dag.py
[2024-12-20T17:53:15.068+0000] {processor.py:925} INFO - DAG(s) 'fintech_pipeline' retrieved from /opt/airflow/dags/fintech_dag.py
[2024-12-20T17:53:15.099+0000] {logging_mixin.py:190} INFO - [2024-12-20T17:53:15.098+0000] {dag.py:3239} INFO - Sync 1 DAGs
[2024-12-20T17:53:15.125+0000] {logging_mixin.py:190} INFO - [2024-12-20T17:53:15.125+0000] {dag.py:4180} INFO - Setting next_dagrun for fintech_pipeline to None, run_after=None
[2024-12-20T17:53:15.151+0000] {processor.py:208} INFO - Processing /opt/airflow/dags/fintech_dag.py took 1.660 seconds
[2024-12-20T17:53:38.490+0000] {processor.py:186} INFO - Started process (PID=126) to work on /opt/airflow/dags/fintech_dag.py
[2024-12-20T17:53:38.492+0000] {processor.py:914} INFO - Processing file /opt/airflow/dags/fintech_dag.py for tasks to queue
[2024-12-20T17:53:38.500+0000] {logging_mixin.py:190} INFO - [2024-12-20T17:53:38.499+0000] {dagbag.py:588} INFO - Filling up the DagBag from /opt/airflow/dags/fintech_dag.py
[2024-12-20T17:53:40.522+0000] {processor.py:925} INFO - DAG(s) 'fintech_pipeline' retrieved from /opt/airflow/dags/fintech_dag.py
[2024-12-20T17:53:40.557+0000] {logging_mixin.py:190} INFO - [2024-12-20T17:53:40.556+0000] {dag.py:3239} INFO - Sync 1 DAGs
[2024-12-20T17:53:40.586+0000] {logging_mixin.py:190} INFO - [2024-12-20T17:53:40.585+0000] {dag.py:4180} INFO - Setting next_dagrun for fintech_pipeline to None, run_after=None
[2024-12-20T17:53:40.615+0000] {processor.py:208} INFO - Processing /opt/airflow/dags/fintech_dag.py took 2.140 seconds
[2024-12-20T17:54:10.748+0000] {processor.py:186} INFO - Started process (PID=145) to work on /opt/airflow/dags/fintech_dag.py
[2024-12-20T17:54:10.750+0000] {processor.py:914} INFO - Processing file /opt/airflow/dags/fintech_dag.py for tasks to queue
[2024-12-20T17:54:10.754+0000] {logging_mixin.py:190} INFO - [2024-12-20T17:54:10.754+0000] {dagbag.py:588} INFO - Filling up the DagBag from /opt/airflow/dags/fintech_dag.py
[2024-12-20T17:54:12.495+0000] {processor.py:925} INFO - DAG(s) 'fintech_pipeline' retrieved from /opt/airflow/dags/fintech_dag.py
[2024-12-20T17:54:12.532+0000] {logging_mixin.py:190} INFO - [2024-12-20T17:54:12.531+0000] {dag.py:3239} INFO - Sync 1 DAGs
[2024-12-20T17:54:12.575+0000] {logging_mixin.py:190} INFO - [2024-12-20T17:54:12.574+0000] {dag.py:4180} INFO - Setting next_dagrun for fintech_pipeline to None, run_after=None
[2024-12-20T17:54:12.731+0000] {processor.py:208} INFO - Processing /opt/airflow/dags/fintech_dag.py took 1.992 seconds
[2024-12-20T17:54:43.045+0000] {processor.py:186} INFO - Started process (PID=170) to work on /opt/airflow/dags/fintech_dag.py
[2024-12-20T17:54:43.046+0000] {processor.py:914} INFO - Processing file /opt/airflow/dags/fintech_dag.py for tasks to queue
[2024-12-20T17:54:43.051+0000] {logging_mixin.py:190} INFO - [2024-12-20T17:54:43.051+0000] {dagbag.py:588} INFO - Filling up the DagBag from /opt/airflow/dags/fintech_dag.py
[2024-12-20T17:54:44.678+0000] {processor.py:925} INFO - DAG(s) 'fintech_pipeline' retrieved from /opt/airflow/dags/fintech_dag.py
[2024-12-20T17:54:44.712+0000] {logging_mixin.py:190} INFO - [2024-12-20T17:54:44.711+0000] {dag.py:3239} INFO - Sync 1 DAGs
[2024-12-20T17:54:44.855+0000] {logging_mixin.py:190} INFO - [2024-12-20T17:54:44.855+0000] {dag.py:4180} INFO - Setting next_dagrun for fintech_pipeline to None, run_after=None
[2024-12-20T17:54:44.882+0000] {processor.py:208} INFO - Processing /opt/airflow/dags/fintech_dag.py took 1.849 seconds
[2024-12-20T17:55:15.200+0000] {processor.py:186} INFO - Started process (PID=189) to work on /opt/airflow/dags/fintech_dag.py
[2024-12-20T17:55:15.202+0000] {processor.py:914} INFO - Processing file /opt/airflow/dags/fintech_dag.py for tasks to queue
[2024-12-20T17:55:15.205+0000] {logging_mixin.py:190} INFO - [2024-12-20T17:55:15.205+0000] {dagbag.py:588} INFO - Filling up the DagBag from /opt/airflow/dags/fintech_dag.py
[2024-12-20T17:55:16.857+0000] {processor.py:925} INFO - DAG(s) 'fintech_pipeline' retrieved from /opt/airflow/dags/fintech_dag.py
[2024-12-20T17:55:16.891+0000] {logging_mixin.py:190} INFO - [2024-12-20T17:55:16.890+0000] {dag.py:3239} INFO - Sync 1 DAGs
[2024-12-20T17:55:17.039+0000] {logging_mixin.py:190} INFO - [2024-12-20T17:55:17.039+0000] {dag.py:4180} INFO - Setting next_dagrun for fintech_pipeline to None, run_after=None
[2024-12-20T17:55:17.063+0000] {processor.py:208} INFO - Processing /opt/airflow/dags/fintech_dag.py took 1.874 seconds
[2024-12-20T17:55:47.376+0000] {processor.py:186} INFO - Started process (PID=208) to work on /opt/airflow/dags/fintech_dag.py
[2024-12-20T17:55:47.378+0000] {processor.py:914} INFO - Processing file /opt/airflow/dags/fintech_dag.py for tasks to queue
[2024-12-20T17:55:47.381+0000] {logging_mixin.py:190} INFO - [2024-12-20T17:55:47.380+0000] {dagbag.py:588} INFO - Filling up the DagBag from /opt/airflow/dags/fintech_dag.py
[2024-12-20T17:55:48.892+0000] {processor.py:925} INFO - DAG(s) 'fintech_pipeline' retrieved from /opt/airflow/dags/fintech_dag.py
[2024-12-20T17:55:49.035+0000] {logging_mixin.py:190} INFO - [2024-12-20T17:55:49.035+0000] {dag.py:3239} INFO - Sync 1 DAGs
[2024-12-20T17:55:49.061+0000] {logging_mixin.py:190} INFO - [2024-12-20T17:55:49.061+0000] {dag.py:4180} INFO - Setting next_dagrun for fintech_pipeline to None, run_after=None
[2024-12-20T17:55:49.085+0000] {processor.py:208} INFO - Processing /opt/airflow/dags/fintech_dag.py took 1.720 seconds
[2024-12-20T17:56:19.383+0000] {processor.py:186} INFO - Started process (PID=227) to work on /opt/airflow/dags/fintech_dag.py
[2024-12-20T17:56:19.384+0000] {processor.py:914} INFO - Processing file /opt/airflow/dags/fintech_dag.py for tasks to queue
[2024-12-20T17:56:19.388+0000] {logging_mixin.py:190} INFO - [2024-12-20T17:56:19.387+0000] {dagbag.py:588} INFO - Filling up the DagBag from /opt/airflow/dags/fintech_dag.py
[2024-12-20T17:56:20.981+0000] {processor.py:925} INFO - DAG(s) 'fintech_pipeline' retrieved from /opt/airflow/dags/fintech_dag.py
[2024-12-20T17:56:21.009+0000] {logging_mixin.py:190} INFO - [2024-12-20T17:56:21.009+0000] {dag.py:3239} INFO - Sync 1 DAGs
[2024-12-20T17:56:21.035+0000] {logging_mixin.py:190} INFO - [2024-12-20T17:56:21.035+0000] {dag.py:4180} INFO - Setting next_dagrun for fintech_pipeline to None, run_after=None
[2024-12-20T17:56:21.066+0000] {processor.py:208} INFO - Processing /opt/airflow/dags/fintech_dag.py took 1.692 seconds
[2024-12-20T17:56:51.357+0000] {processor.py:186} INFO - Started process (PID=246) to work on /opt/airflow/dags/fintech_dag.py
[2024-12-20T17:56:51.359+0000] {processor.py:914} INFO - Processing file /opt/airflow/dags/fintech_dag.py for tasks to queue
[2024-12-20T17:56:51.363+0000] {logging_mixin.py:190} INFO - [2024-12-20T17:56:51.362+0000] {dagbag.py:588} INFO - Filling up the DagBag from /opt/airflow/dags/fintech_dag.py
[2024-12-20T17:56:52.971+0000] {processor.py:925} INFO - DAG(s) 'fintech_pipeline' retrieved from /opt/airflow/dags/fintech_dag.py
[2024-12-20T17:56:53.004+0000] {logging_mixin.py:190} INFO - [2024-12-20T17:56:53.004+0000] {dag.py:3239} INFO - Sync 1 DAGs
[2024-12-20T17:56:53.031+0000] {logging_mixin.py:190} INFO - [2024-12-20T17:56:53.031+0000] {dag.py:4180} INFO - Setting next_dagrun for fintech_pipeline to None, run_after=None
[2024-12-20T17:56:53.056+0000] {processor.py:208} INFO - Processing /opt/airflow/dags/fintech_dag.py took 1.708 seconds
[2024-12-20T17:57:23.278+0000] {processor.py:186} INFO - Started process (PID=265) to work on /opt/airflow/dags/fintech_dag.py
[2024-12-20T17:57:23.279+0000] {processor.py:914} INFO - Processing file /opt/airflow/dags/fintech_dag.py for tasks to queue
[2024-12-20T17:57:23.284+0000] {logging_mixin.py:190} INFO - [2024-12-20T17:57:23.283+0000] {dagbag.py:588} INFO - Filling up the DagBag from /opt/airflow/dags/fintech_dag.py
[2024-12-20T17:57:24.923+0000] {processor.py:925} INFO - DAG(s) 'fintech_pipeline' retrieved from /opt/airflow/dags/fintech_dag.py
[2024-12-20T17:57:24.952+0000] {logging_mixin.py:190} INFO - [2024-12-20T17:57:24.952+0000] {dag.py:3239} INFO - Sync 1 DAGs
[2024-12-20T17:57:24.980+0000] {logging_mixin.py:190} INFO - [2024-12-20T17:57:24.980+0000] {dag.py:4180} INFO - Setting next_dagrun for fintech_pipeline to None, run_after=None
[2024-12-20T17:57:25.006+0000] {processor.py:208} INFO - Processing /opt/airflow/dags/fintech_dag.py took 1.739 seconds
[2024-12-20T17:57:55.389+0000] {processor.py:186} INFO - Started process (PID=284) to work on /opt/airflow/dags/fintech_dag.py
[2024-12-20T17:57:55.391+0000] {processor.py:914} INFO - Processing file /opt/airflow/dags/fintech_dag.py for tasks to queue
[2024-12-20T17:57:55.394+0000] {logging_mixin.py:190} INFO - [2024-12-20T17:57:55.394+0000] {dagbag.py:588} INFO - Filling up the DagBag from /opt/airflow/dags/fintech_dag.py
[2024-12-20T17:57:57.118+0000] {processor.py:925} INFO - DAG(s) 'fintech_pipeline' retrieved from /opt/airflow/dags/fintech_dag.py
[2024-12-20T17:57:57.148+0000] {logging_mixin.py:190} INFO - [2024-12-20T17:57:57.148+0000] {dag.py:3239} INFO - Sync 1 DAGs
[2024-12-20T17:57:57.178+0000] {logging_mixin.py:190} INFO - [2024-12-20T17:57:57.178+0000] {dag.py:4180} INFO - Setting next_dagrun for fintech_pipeline to None, run_after=None
[2024-12-20T17:57:57.204+0000] {processor.py:208} INFO - Processing /opt/airflow/dags/fintech_dag.py took 1.824 seconds
[2024-12-20T17:58:27.507+0000] {processor.py:186} INFO - Started process (PID=303) to work on /opt/airflow/dags/fintech_dag.py
[2024-12-20T17:58:27.509+0000] {processor.py:914} INFO - Processing file /opt/airflow/dags/fintech_dag.py for tasks to queue
[2024-12-20T17:58:27.513+0000] {logging_mixin.py:190} INFO - [2024-12-20T17:58:27.512+0000] {dagbag.py:588} INFO - Filling up the DagBag from /opt/airflow/dags/fintech_dag.py
[2024-12-20T17:58:29.239+0000] {processor.py:925} INFO - DAG(s) 'fintech_pipeline' retrieved from /opt/airflow/dags/fintech_dag.py
[2024-12-20T17:58:29.273+0000] {logging_mixin.py:190} INFO - [2024-12-20T17:58:29.272+0000] {dag.py:3239} INFO - Sync 1 DAGs
[2024-12-20T17:58:29.302+0000] {logging_mixin.py:190} INFO - [2024-12-20T17:58:29.302+0000] {dag.py:4180} INFO - Setting next_dagrun for fintech_pipeline to None, run_after=None
[2024-12-20T17:58:29.328+0000] {processor.py:208} INFO - Processing /opt/airflow/dags/fintech_dag.py took 1.829 seconds
[2024-12-20T17:58:59.639+0000] {processor.py:186} INFO - Started process (PID=322) to work on /opt/airflow/dags/fintech_dag.py
[2024-12-20T17:58:59.640+0000] {processor.py:914} INFO - Processing file /opt/airflow/dags/fintech_dag.py for tasks to queue
[2024-12-20T17:58:59.645+0000] {logging_mixin.py:190} INFO - [2024-12-20T17:58:59.644+0000] {dagbag.py:588} INFO - Filling up the DagBag from /opt/airflow/dags/fintech_dag.py
[2024-12-20T17:59:01.270+0000] {processor.py:925} INFO - DAG(s) 'fintech_pipeline' retrieved from /opt/airflow/dags/fintech_dag.py
[2024-12-20T17:59:01.299+0000] {logging_mixin.py:190} INFO - [2024-12-20T17:59:01.299+0000] {dag.py:3239} INFO - Sync 1 DAGs
[2024-12-20T17:59:01.325+0000] {logging_mixin.py:190} INFO - [2024-12-20T17:59:01.325+0000] {dag.py:4180} INFO - Setting next_dagrun for fintech_pipeline to None, run_after=None
[2024-12-20T17:59:01.350+0000] {processor.py:208} INFO - Processing /opt/airflow/dags/fintech_dag.py took 1.720 seconds
[2024-12-20T17:59:31.665+0000] {processor.py:186} INFO - Started process (PID=341) to work on /opt/airflow/dags/fintech_dag.py
[2024-12-20T17:59:31.667+0000] {processor.py:914} INFO - Processing file /opt/airflow/dags/fintech_dag.py for tasks to queue
[2024-12-20T17:59:31.671+0000] {logging_mixin.py:190} INFO - [2024-12-20T17:59:31.670+0000] {dagbag.py:588} INFO - Filling up the DagBag from /opt/airflow/dags/fintech_dag.py
[2024-12-20T17:59:33.270+0000] {processor.py:925} INFO - DAG(s) 'fintech_pipeline' retrieved from /opt/airflow/dags/fintech_dag.py
[2024-12-20T17:59:33.300+0000] {logging_mixin.py:190} INFO - [2024-12-20T17:59:33.300+0000] {dag.py:3239} INFO - Sync 1 DAGs
[2024-12-20T17:59:33.327+0000] {logging_mixin.py:190} INFO - [2024-12-20T17:59:33.327+0000] {dag.py:4180} INFO - Setting next_dagrun for fintech_pipeline to None, run_after=None
[2024-12-20T17:59:33.359+0000] {processor.py:208} INFO - Processing /opt/airflow/dags/fintech_dag.py took 1.703 seconds
[2024-12-20T18:00:03.581+0000] {processor.py:186} INFO - Started process (PID=360) to work on /opt/airflow/dags/fintech_dag.py
[2024-12-20T18:00:03.582+0000] {processor.py:914} INFO - Processing file /opt/airflow/dags/fintech_dag.py for tasks to queue
[2024-12-20T18:00:03.586+0000] {logging_mixin.py:190} INFO - [2024-12-20T18:00:03.585+0000] {dagbag.py:588} INFO - Filling up the DagBag from /opt/airflow/dags/fintech_dag.py
[2024-12-20T18:00:05.176+0000] {processor.py:925} INFO - DAG(s) 'fintech_pipeline' retrieved from /opt/airflow/dags/fintech_dag.py
[2024-12-20T18:00:05.205+0000] {logging_mixin.py:190} INFO - [2024-12-20T18:00:05.204+0000] {dag.py:3239} INFO - Sync 1 DAGs
[2024-12-20T18:00:05.230+0000] {logging_mixin.py:190} INFO - [2024-12-20T18:00:05.230+0000] {dag.py:4180} INFO - Setting next_dagrun for fintech_pipeline to None, run_after=None
[2024-12-20T18:00:05.255+0000] {processor.py:208} INFO - Processing /opt/airflow/dags/fintech_dag.py took 1.683 seconds
[2024-12-20T18:00:35.563+0000] {processor.py:186} INFO - Started process (PID=379) to work on /opt/airflow/dags/fintech_dag.py
[2024-12-20T18:00:35.565+0000] {processor.py:914} INFO - Processing file /opt/airflow/dags/fintech_dag.py for tasks to queue
[2024-12-20T18:00:35.568+0000] {logging_mixin.py:190} INFO - [2024-12-20T18:00:35.568+0000] {dagbag.py:588} INFO - Filling up the DagBag from /opt/airflow/dags/fintech_dag.py
[2024-12-20T18:00:37.177+0000] {processor.py:925} INFO - DAG(s) 'fintech_pipeline' retrieved from /opt/airflow/dags/fintech_dag.py
[2024-12-20T18:00:37.205+0000] {logging_mixin.py:190} INFO - [2024-12-20T18:00:37.204+0000] {dag.py:3239} INFO - Sync 1 DAGs
[2024-12-20T18:00:37.231+0000] {logging_mixin.py:190} INFO - [2024-12-20T18:00:37.231+0000] {dag.py:4180} INFO - Setting next_dagrun for fintech_pipeline to None, run_after=None
[2024-12-20T18:00:37.255+0000] {processor.py:208} INFO - Processing /opt/airflow/dags/fintech_dag.py took 1.700 seconds
[2024-12-20T18:01:07.796+0000] {processor.py:186} INFO - Started process (PID=398) to work on /opt/airflow/dags/fintech_dag.py
[2024-12-20T18:01:07.797+0000] {processor.py:914} INFO - Processing file /opt/airflow/dags/fintech_dag.py for tasks to queue
[2024-12-20T18:01:07.801+0000] {logging_mixin.py:190} INFO - [2024-12-20T18:01:07.801+0000] {dagbag.py:588} INFO - Filling up the DagBag from /opt/airflow/dags/fintech_dag.py
[2024-12-20T18:01:09.447+0000] {processor.py:925} INFO - DAG(s) 'fintech_pipeline' retrieved from /opt/airflow/dags/fintech_dag.py
[2024-12-20T18:01:09.475+0000] {logging_mixin.py:190} INFO - [2024-12-20T18:01:09.475+0000] {dag.py:3239} INFO - Sync 1 DAGs
[2024-12-20T18:01:09.502+0000] {logging_mixin.py:190} INFO - [2024-12-20T18:01:09.502+0000] {dag.py:4180} INFO - Setting next_dagrun for fintech_pipeline to None, run_after=None
[2024-12-20T18:01:09.535+0000] {processor.py:208} INFO - Processing /opt/airflow/dags/fintech_dag.py took 1.748 seconds
[2024-12-20T18:01:39.835+0000] {processor.py:186} INFO - Started process (PID=417) to work on /opt/airflow/dags/fintech_dag.py
[2024-12-20T18:01:39.836+0000] {processor.py:914} INFO - Processing file /opt/airflow/dags/fintech_dag.py for tasks to queue
[2024-12-20T18:01:39.840+0000] {logging_mixin.py:190} INFO - [2024-12-20T18:01:39.840+0000] {dagbag.py:588} INFO - Filling up the DagBag from /opt/airflow/dags/fintech_dag.py
[2024-12-20T18:01:41.517+0000] {processor.py:925} INFO - DAG(s) 'fintech_pipeline' retrieved from /opt/airflow/dags/fintech_dag.py
[2024-12-20T18:01:41.548+0000] {logging_mixin.py:190} INFO - [2024-12-20T18:01:41.547+0000] {dag.py:3239} INFO - Sync 1 DAGs
[2024-12-20T18:01:41.574+0000] {logging_mixin.py:190} INFO - [2024-12-20T18:01:41.574+0000] {dag.py:4180} INFO - Setting next_dagrun for fintech_pipeline to None, run_after=None
[2024-12-20T18:01:41.605+0000] {processor.py:208} INFO - Processing /opt/airflow/dags/fintech_dag.py took 1.780 seconds
[2024-12-20T18:02:11.900+0000] {processor.py:186} INFO - Started process (PID=436) to work on /opt/airflow/dags/fintech_dag.py
[2024-12-20T18:02:11.902+0000] {processor.py:914} INFO - Processing file /opt/airflow/dags/fintech_dag.py for tasks to queue
[2024-12-20T18:02:11.905+0000] {logging_mixin.py:190} INFO - [2024-12-20T18:02:11.905+0000] {dagbag.py:588} INFO - Filling up the DagBag from /opt/airflow/dags/fintech_dag.py
[2024-12-20T18:02:13.544+0000] {processor.py:925} INFO - DAG(s) 'fintech_pipeline' retrieved from /opt/airflow/dags/fintech_dag.py
[2024-12-20T18:02:13.573+0000] {logging_mixin.py:190} INFO - [2024-12-20T18:02:13.572+0000] {dag.py:3239} INFO - Sync 1 DAGs
[2024-12-20T18:02:13.598+0000] {logging_mixin.py:190} INFO - [2024-12-20T18:02:13.598+0000] {dag.py:4180} INFO - Setting next_dagrun for fintech_pipeline to None, run_after=None
[2024-12-20T18:02:13.630+0000] {processor.py:208} INFO - Processing /opt/airflow/dags/fintech_dag.py took 1.741 seconds
[2024-12-20T18:02:43.948+0000] {processor.py:186} INFO - Started process (PID=462) to work on /opt/airflow/dags/fintech_dag.py
[2024-12-20T18:02:43.950+0000] {processor.py:914} INFO - Processing file /opt/airflow/dags/fintech_dag.py for tasks to queue
[2024-12-20T18:02:43.953+0000] {logging_mixin.py:190} INFO - [2024-12-20T18:02:43.952+0000] {dagbag.py:588} INFO - Filling up the DagBag from /opt/airflow/dags/fintech_dag.py
[2024-12-20T18:02:45.568+0000] {processor.py:925} INFO - DAG(s) 'fintech_pipeline' retrieved from /opt/airflow/dags/fintech_dag.py
[2024-12-20T18:02:45.597+0000] {logging_mixin.py:190} INFO - [2024-12-20T18:02:45.596+0000] {dag.py:3239} INFO - Sync 1 DAGs
[2024-12-20T18:02:45.623+0000] {logging_mixin.py:190} INFO - [2024-12-20T18:02:45.622+0000] {dag.py:4180} INFO - Setting next_dagrun for fintech_pipeline to None, run_after=None
[2024-12-20T18:02:45.648+0000] {processor.py:208} INFO - Processing /opt/airflow/dags/fintech_dag.py took 1.708 seconds
[2024-12-20T18:03:16.053+0000] {processor.py:186} INFO - Started process (PID=481) to work on /opt/airflow/dags/fintech_dag.py
[2024-12-20T18:03:16.054+0000] {processor.py:914} INFO - Processing file /opt/airflow/dags/fintech_dag.py for tasks to queue
[2024-12-20T18:03:16.059+0000] {logging_mixin.py:190} INFO - [2024-12-20T18:03:16.058+0000] {dagbag.py:588} INFO - Filling up the DagBag from /opt/airflow/dags/fintech_dag.py
[2024-12-20T18:03:17.946+0000] {processor.py:925} INFO - DAG(s) 'fintech_pipeline' retrieved from /opt/airflow/dags/fintech_dag.py
[2024-12-20T18:03:17.976+0000] {logging_mixin.py:190} INFO - [2024-12-20T18:03:17.976+0000] {dag.py:3239} INFO - Sync 1 DAGs
[2024-12-20T18:03:18.003+0000] {logging_mixin.py:190} INFO - [2024-12-20T18:03:18.003+0000] {dag.py:4180} INFO - Setting next_dagrun for fintech_pipeline to None, run_after=None
[2024-12-20T18:03:18.029+0000] {processor.py:208} INFO - Processing /opt/airflow/dags/fintech_dag.py took 1.986 seconds
[2024-12-20T18:03:48.327+0000] {processor.py:186} INFO - Started process (PID=500) to work on /opt/airflow/dags/fintech_dag.py
[2024-12-20T18:03:48.328+0000] {processor.py:914} INFO - Processing file /opt/airflow/dags/fintech_dag.py for tasks to queue
[2024-12-20T18:03:48.332+0000] {logging_mixin.py:190} INFO - [2024-12-20T18:03:48.332+0000] {dagbag.py:588} INFO - Filling up the DagBag from /opt/airflow/dags/fintech_dag.py
[2024-12-20T18:03:49.942+0000] {processor.py:925} INFO - DAG(s) 'fintech_pipeline' retrieved from /opt/airflow/dags/fintech_dag.py
[2024-12-20T18:03:49.970+0000] {logging_mixin.py:190} INFO - [2024-12-20T18:03:49.970+0000] {dag.py:3239} INFO - Sync 1 DAGs
[2024-12-20T18:03:49.997+0000] {logging_mixin.py:190} INFO - [2024-12-20T18:03:49.997+0000] {dag.py:4180} INFO - Setting next_dagrun for fintech_pipeline to None, run_after=None
[2024-12-20T18:03:50.020+0000] {processor.py:208} INFO - Processing /opt/airflow/dags/fintech_dag.py took 1.703 seconds
[2024-12-20T18:04:20.318+0000] {processor.py:186} INFO - Started process (PID=519) to work on /opt/airflow/dags/fintech_dag.py
[2024-12-20T18:04:20.320+0000] {processor.py:914} INFO - Processing file /opt/airflow/dags/fintech_dag.py for tasks to queue
[2024-12-20T18:04:20.323+0000] {logging_mixin.py:190} INFO - [2024-12-20T18:04:20.323+0000] {dagbag.py:588} INFO - Filling up the DagBag from /opt/airflow/dags/fintech_dag.py
[2024-12-20T18:04:22.133+0000] {processor.py:925} INFO - DAG(s) 'fintech_pipeline' retrieved from /opt/airflow/dags/fintech_dag.py
[2024-12-20T18:04:22.164+0000] {logging_mixin.py:190} INFO - [2024-12-20T18:04:22.163+0000] {dag.py:3239} INFO - Sync 1 DAGs
[2024-12-20T18:04:22.191+0000] {logging_mixin.py:190} INFO - [2024-12-20T18:04:22.191+0000] {dag.py:4180} INFO - Setting next_dagrun for fintech_pipeline to None, run_after=None
[2024-12-20T18:04:22.223+0000] {processor.py:208} INFO - Processing /opt/airflow/dags/fintech_dag.py took 1.914 seconds
[2024-12-20T18:04:52.533+0000] {processor.py:186} INFO - Started process (PID=538) to work on /opt/airflow/dags/fintech_dag.py
[2024-12-20T18:04:52.535+0000] {processor.py:914} INFO - Processing file /opt/airflow/dags/fintech_dag.py for tasks to queue
[2024-12-20T18:04:52.538+0000] {logging_mixin.py:190} INFO - [2024-12-20T18:04:52.537+0000] {dagbag.py:588} INFO - Filling up the DagBag from /opt/airflow/dags/fintech_dag.py
[2024-12-20T18:04:54.016+0000] {processor.py:925} INFO - DAG(s) 'fintech_pipeline' retrieved from /opt/airflow/dags/fintech_dag.py
[2024-12-20T18:04:54.154+0000] {logging_mixin.py:190} INFO - [2024-12-20T18:04:54.154+0000] {dag.py:3239} INFO - Sync 1 DAGs
[2024-12-20T18:04:54.180+0000] {logging_mixin.py:190} INFO - [2024-12-20T18:04:54.179+0000] {dag.py:4180} INFO - Setting next_dagrun for fintech_pipeline to None, run_after=None
[2024-12-20T18:04:54.204+0000] {processor.py:208} INFO - Processing /opt/airflow/dags/fintech_dag.py took 1.680 seconds
[2024-12-20T18:05:24.501+0000] {processor.py:186} INFO - Started process (PID=557) to work on /opt/airflow/dags/fintech_dag.py
[2024-12-20T18:05:24.503+0000] {processor.py:914} INFO - Processing file /opt/airflow/dags/fintech_dag.py for tasks to queue
[2024-12-20T18:05:24.508+0000] {logging_mixin.py:190} INFO - [2024-12-20T18:05:24.507+0000] {dagbag.py:588} INFO - Filling up the DagBag from /opt/airflow/dags/fintech_dag.py
[2024-12-20T18:05:26.310+0000] {processor.py:925} INFO - DAG(s) 'fintech_pipeline' retrieved from /opt/airflow/dags/fintech_dag.py
[2024-12-20T18:05:26.341+0000] {logging_mixin.py:190} INFO - [2024-12-20T18:05:26.340+0000] {dag.py:3239} INFO - Sync 1 DAGs
[2024-12-20T18:05:26.370+0000] {logging_mixin.py:190} INFO - [2024-12-20T18:05:26.370+0000] {dag.py:4180} INFO - Setting next_dagrun for fintech_pipeline to None, run_after=None
[2024-12-20T18:05:26.401+0000] {processor.py:208} INFO - Processing /opt/airflow/dags/fintech_dag.py took 1.911 seconds
[2024-12-20T18:05:56.669+0000] {processor.py:186} INFO - Started process (PID=576) to work on /opt/airflow/dags/fintech_dag.py
[2024-12-20T18:05:56.670+0000] {processor.py:914} INFO - Processing file /opt/airflow/dags/fintech_dag.py for tasks to queue
[2024-12-20T18:05:56.673+0000] {logging_mixin.py:190} INFO - [2024-12-20T18:05:56.673+0000] {dagbag.py:588} INFO - Filling up the DagBag from /opt/airflow/dags/fintech_dag.py
[2024-12-20T18:05:57.797+0000] {processor.py:925} INFO - DAG(s) 'fintech_pipeline' retrieved from /opt/airflow/dags/fintech_dag.py
[2024-12-20T18:05:57.816+0000] {logging_mixin.py:190} INFO - [2024-12-20T18:05:57.816+0000] {dag.py:3239} INFO - Sync 1 DAGs
[2024-12-20T18:05:57.833+0000] {logging_mixin.py:190} INFO - [2024-12-20T18:05:57.833+0000] {dag.py:4180} INFO - Setting next_dagrun for fintech_pipeline to None, run_after=None
[2024-12-20T18:05:57.858+0000] {processor.py:208} INFO - Processing /opt/airflow/dags/fintech_dag.py took 1.195 seconds
[2024-12-20T18:06:28.103+0000] {processor.py:186} INFO - Started process (PID=595) to work on /opt/airflow/dags/fintech_dag.py
[2024-12-20T18:06:28.105+0000] {processor.py:914} INFO - Processing file /opt/airflow/dags/fintech_dag.py for tasks to queue
[2024-12-20T18:06:28.108+0000] {logging_mixin.py:190} INFO - [2024-12-20T18:06:28.108+0000] {dagbag.py:588} INFO - Filling up the DagBag from /opt/airflow/dags/fintech_dag.py
[2024-12-20T18:06:29.317+0000] {processor.py:925} INFO - DAG(s) 'fintech_pipeline' retrieved from /opt/airflow/dags/fintech_dag.py
[2024-12-20T18:06:29.339+0000] {logging_mixin.py:190} INFO - [2024-12-20T18:06:29.339+0000] {dag.py:3239} INFO - Sync 1 DAGs
[2024-12-20T18:06:29.359+0000] {logging_mixin.py:190} INFO - [2024-12-20T18:06:29.359+0000] {dag.py:4180} INFO - Setting next_dagrun for fintech_pipeline to None, run_after=None
[2024-12-20T18:06:29.378+0000] {processor.py:208} INFO - Processing /opt/airflow/dags/fintech_dag.py took 1.282 seconds
[2024-12-20T18:06:59.617+0000] {processor.py:186} INFO - Started process (PID=614) to work on /opt/airflow/dags/fintech_dag.py
[2024-12-20T18:06:59.618+0000] {processor.py:914} INFO - Processing file /opt/airflow/dags/fintech_dag.py for tasks to queue
[2024-12-20T18:06:59.621+0000] {logging_mixin.py:190} INFO - [2024-12-20T18:06:59.621+0000] {dagbag.py:588} INFO - Filling up the DagBag from /opt/airflow/dags/fintech_dag.py
[2024-12-20T18:07:00.771+0000] {processor.py:925} INFO - DAG(s) 'fintech_pipeline' retrieved from /opt/airflow/dags/fintech_dag.py
[2024-12-20T18:07:00.791+0000] {logging_mixin.py:190} INFO - [2024-12-20T18:07:00.790+0000] {dag.py:3239} INFO - Sync 1 DAGs
[2024-12-20T18:07:00.809+0000] {logging_mixin.py:190} INFO - [2024-12-20T18:07:00.808+0000] {dag.py:4180} INFO - Setting next_dagrun for fintech_pipeline to None, run_after=None
[2024-12-20T18:07:00.825+0000] {processor.py:208} INFO - Processing /opt/airflow/dags/fintech_dag.py took 1.215 seconds
[2024-12-20T18:07:31.077+0000] {processor.py:186} INFO - Started process (PID=633) to work on /opt/airflow/dags/fintech_dag.py
[2024-12-20T18:07:31.078+0000] {processor.py:914} INFO - Processing file /opt/airflow/dags/fintech_dag.py for tasks to queue
[2024-12-20T18:07:31.081+0000] {logging_mixin.py:190} INFO - [2024-12-20T18:07:31.081+0000] {dagbag.py:588} INFO - Filling up the DagBag from /opt/airflow/dags/fintech_dag.py
[2024-12-20T18:07:32.511+0000] {processor.py:925} INFO - DAG(s) 'fintech_pipeline' retrieved from /opt/airflow/dags/fintech_dag.py
[2024-12-20T18:07:32.536+0000] {logging_mixin.py:190} INFO - [2024-12-20T18:07:32.536+0000] {dag.py:3239} INFO - Sync 1 DAGs
[2024-12-20T18:07:32.557+0000] {logging_mixin.py:190} INFO - [2024-12-20T18:07:32.557+0000] {dag.py:4180} INFO - Setting next_dagrun for fintech_pipeline to None, run_after=None
[2024-12-20T18:07:32.577+0000] {processor.py:208} INFO - Processing /opt/airflow/dags/fintech_dag.py took 1.509 seconds
[2024-12-20T18:08:02.832+0000] {processor.py:186} INFO - Started process (PID=652) to work on /opt/airflow/dags/fintech_dag.py
[2024-12-20T18:08:02.833+0000] {processor.py:914} INFO - Processing file /opt/airflow/dags/fintech_dag.py for tasks to queue
[2024-12-20T18:08:02.836+0000] {logging_mixin.py:190} INFO - [2024-12-20T18:08:02.835+0000] {dagbag.py:588} INFO - Filling up the DagBag from /opt/airflow/dags/fintech_dag.py
[2024-12-20T18:08:04.272+0000] {processor.py:925} INFO - DAG(s) 'fintech_pipeline' retrieved from /opt/airflow/dags/fintech_dag.py
[2024-12-20T18:08:04.297+0000] {logging_mixin.py:190} INFO - [2024-12-20T18:08:04.297+0000] {dag.py:3239} INFO - Sync 1 DAGs
[2024-12-20T18:08:04.322+0000] {logging_mixin.py:190} INFO - [2024-12-20T18:08:04.322+0000] {dag.py:4180} INFO - Setting next_dagrun for fintech_pipeline to None, run_after=None
[2024-12-20T18:08:04.343+0000] {processor.py:208} INFO - Processing /opt/airflow/dags/fintech_dag.py took 1.517 seconds
[2024-12-20T18:08:34.502+0000] {processor.py:186} INFO - Started process (PID=671) to work on /opt/airflow/dags/fintech_dag.py
[2024-12-20T18:08:34.503+0000] {processor.py:914} INFO - Processing file /opt/airflow/dags/fintech_dag.py for tasks to queue
[2024-12-20T18:08:34.506+0000] {logging_mixin.py:190} INFO - [2024-12-20T18:08:34.506+0000] {dagbag.py:588} INFO - Filling up the DagBag from /opt/airflow/dags/fintech_dag.py
[2024-12-20T18:08:35.710+0000] {processor.py:925} INFO - DAG(s) 'fintech_pipeline' retrieved from /opt/airflow/dags/fintech_dag.py
[2024-12-20T18:08:35.731+0000] {logging_mixin.py:190} INFO - [2024-12-20T18:08:35.731+0000] {dag.py:3239} INFO - Sync 1 DAGs
[2024-12-20T18:08:35.750+0000] {logging_mixin.py:190} INFO - [2024-12-20T18:08:35.750+0000] {dag.py:4180} INFO - Setting next_dagrun for fintech_pipeline to None, run_after=None
[2024-12-20T18:08:35.777+0000] {processor.py:208} INFO - Processing /opt/airflow/dags/fintech_dag.py took 1.281 seconds
[2024-12-20T18:09:06.018+0000] {processor.py:186} INFO - Started process (PID=690) to work on /opt/airflow/dags/fintech_dag.py
[2024-12-20T18:09:06.020+0000] {processor.py:914} INFO - Processing file /opt/airflow/dags/fintech_dag.py for tasks to queue
[2024-12-20T18:09:06.023+0000] {logging_mixin.py:190} INFO - [2024-12-20T18:09:06.022+0000] {dagbag.py:588} INFO - Filling up the DagBag from /opt/airflow/dags/fintech_dag.py
[2024-12-20T18:09:07.220+0000] {processor.py:925} INFO - DAG(s) 'fintech_pipeline' retrieved from /opt/airflow/dags/fintech_dag.py
[2024-12-20T18:09:07.240+0000] {logging_mixin.py:190} INFO - [2024-12-20T18:09:07.240+0000] {dag.py:3239} INFO - Sync 1 DAGs
[2024-12-20T18:09:07.258+0000] {logging_mixin.py:190} INFO - [2024-12-20T18:09:07.258+0000] {dag.py:4180} INFO - Setting next_dagrun for fintech_pipeline to None, run_after=None
[2024-12-20T18:09:07.276+0000] {processor.py:208} INFO - Processing /opt/airflow/dags/fintech_dag.py took 1.265 seconds
[2024-12-20T18:10:30.816+0000] {processor.py:186} INFO - Started process (PID=74) to work on /opt/airflow/dags/fintech_dag.py
[2024-12-20T18:10:30.817+0000] {processor.py:914} INFO - Processing file /opt/airflow/dags/fintech_dag.py for tasks to queue
[2024-12-20T18:10:30.821+0000] {logging_mixin.py:190} INFO - [2024-12-20T18:10:30.820+0000] {dagbag.py:588} INFO - Filling up the DagBag from /opt/airflow/dags/fintech_dag.py
[2024-12-20T18:10:34.064+0000] {processor.py:925} INFO - DAG(s) 'fintech_pipeline' retrieved from /opt/airflow/dags/fintech_dag.py
[2024-12-20T18:10:34.106+0000] {logging_mixin.py:190} INFO - [2024-12-20T18:10:34.106+0000] {dag.py:3239} INFO - Sync 1 DAGs
[2024-12-20T18:10:34.129+0000] {logging_mixin.py:190} INFO - [2024-12-20T18:10:34.129+0000] {dag.py:4180} INFO - Setting next_dagrun for fintech_pipeline to None, run_after=None
[2024-12-20T18:10:34.156+0000] {processor.py:208} INFO - Processing /opt/airflow/dags/fintech_dag.py took 3.351 seconds
[2024-12-20T18:11:04.395+0000] {processor.py:186} INFO - Started process (PID=93) to work on /opt/airflow/dags/fintech_dag.py
[2024-12-20T18:11:04.397+0000] {processor.py:914} INFO - Processing file /opt/airflow/dags/fintech_dag.py for tasks to queue
[2024-12-20T18:11:04.399+0000] {logging_mixin.py:190} INFO - [2024-12-20T18:11:04.399+0000] {dagbag.py:588} INFO - Filling up the DagBag from /opt/airflow/dags/fintech_dag.py
[2024-12-20T18:11:05.642+0000] {processor.py:925} INFO - DAG(s) 'fintech_pipeline' retrieved from /opt/airflow/dags/fintech_dag.py
[2024-12-20T18:11:05.684+0000] {logging_mixin.py:190} INFO - [2024-12-20T18:11:05.683+0000] {dag.py:3239} INFO - Sync 1 DAGs
[2024-12-20T18:11:05.718+0000] {logging_mixin.py:190} INFO - [2024-12-20T18:11:05.718+0000] {dag.py:4180} INFO - Setting next_dagrun for fintech_pipeline to None, run_after=None
[2024-12-20T18:11:05.747+0000] {processor.py:208} INFO - Processing /opt/airflow/dags/fintech_dag.py took 1.358 seconds
[2024-12-20T18:11:36.050+0000] {processor.py:186} INFO - Started process (PID=112) to work on /opt/airflow/dags/fintech_dag.py
[2024-12-20T18:11:36.052+0000] {processor.py:914} INFO - Processing file /opt/airflow/dags/fintech_dag.py for tasks to queue
[2024-12-20T18:11:36.055+0000] {logging_mixin.py:190} INFO - [2024-12-20T18:11:36.055+0000] {dagbag.py:588} INFO - Filling up the DagBag from /opt/airflow/dags/fintech_dag.py
[2024-12-20T18:11:37.566+0000] {processor.py:925} INFO - DAG(s) 'fintech_pipeline' retrieved from /opt/airflow/dags/fintech_dag.py
[2024-12-20T18:11:37.596+0000] {logging_mixin.py:190} INFO - [2024-12-20T18:11:37.596+0000] {dag.py:3239} INFO - Sync 1 DAGs
[2024-12-20T18:11:37.623+0000] {logging_mixin.py:190} INFO - [2024-12-20T18:11:37.623+0000] {dag.py:4180} INFO - Setting next_dagrun for fintech_pipeline to None, run_after=None
[2024-12-20T18:11:37.648+0000] {processor.py:208} INFO - Processing /opt/airflow/dags/fintech_dag.py took 1.607 seconds
[2024-12-20T18:12:07.886+0000] {processor.py:186} INFO - Started process (PID=131) to work on /opt/airflow/dags/fintech_dag.py
[2024-12-20T18:12:07.888+0000] {processor.py:914} INFO - Processing file /opt/airflow/dags/fintech_dag.py for tasks to queue
[2024-12-20T18:12:07.891+0000] {logging_mixin.py:190} INFO - [2024-12-20T18:12:07.890+0000] {dagbag.py:588} INFO - Filling up the DagBag from /opt/airflow/dags/fintech_dag.py
[2024-12-20T18:12:09.460+0000] {processor.py:925} INFO - DAG(s) 'fintech_pipeline' retrieved from /opt/airflow/dags/fintech_dag.py
[2024-12-20T18:12:09.486+0000] {logging_mixin.py:190} INFO - [2024-12-20T18:12:09.485+0000] {dag.py:3239} INFO - Sync 1 DAGs
[2024-12-20T18:12:09.511+0000] {logging_mixin.py:190} INFO - [2024-12-20T18:12:09.511+0000] {dag.py:4180} INFO - Setting next_dagrun for fintech_pipeline to None, run_after=None
[2024-12-20T18:12:09.643+0000] {processor.py:208} INFO - Processing /opt/airflow/dags/fintech_dag.py took 1.764 seconds
[2024-12-20T18:12:39.913+0000] {processor.py:186} INFO - Started process (PID=150) to work on /opt/airflow/dags/fintech_dag.py
[2024-12-20T18:12:39.914+0000] {processor.py:914} INFO - Processing file /opt/airflow/dags/fintech_dag.py for tasks to queue
[2024-12-20T18:12:39.918+0000] {logging_mixin.py:190} INFO - [2024-12-20T18:12:39.917+0000] {dagbag.py:588} INFO - Filling up the DagBag from /opt/airflow/dags/fintech_dag.py
[2024-12-20T18:12:41.639+0000] {processor.py:925} INFO - DAG(s) 'fintech_pipeline' retrieved from /opt/airflow/dags/fintech_dag.py
[2024-12-20T18:12:41.671+0000] {logging_mixin.py:190} INFO - [2024-12-20T18:12:41.671+0000] {dag.py:3239} INFO - Sync 1 DAGs
[2024-12-20T18:12:41.816+0000] {logging_mixin.py:190} INFO - [2024-12-20T18:12:41.816+0000] {dag.py:4180} INFO - Setting next_dagrun for fintech_pipeline to None, run_after=None
[2024-12-20T18:12:41.842+0000] {processor.py:208} INFO - Processing /opt/airflow/dags/fintech_dag.py took 1.936 seconds
[2024-12-20T18:14:22.648+0000] {processor.py:186} INFO - Started process (PID=74) to work on /opt/airflow/dags/fintech_dag.py
[2024-12-20T18:14:22.650+0000] {processor.py:914} INFO - Processing file /opt/airflow/dags/fintech_dag.py for tasks to queue
[2024-12-20T18:14:22.653+0000] {logging_mixin.py:190} INFO - [2024-12-20T18:14:22.652+0000] {dagbag.py:588} INFO - Filling up the DagBag from /opt/airflow/dags/fintech_dag.py
[2024-12-20T18:14:25.681+0000] {processor.py:925} INFO - DAG(s) 'fintech_pipeline' retrieved from /opt/airflow/dags/fintech_dag.py
[2024-12-20T18:14:26.040+0000] {logging_mixin.py:190} INFO - [2024-12-20T18:14:26.039+0000] {dag.py:3239} INFO - Sync 1 DAGs
[2024-12-20T18:14:26.053+0000] {logging_mixin.py:190} INFO - [2024-12-20T18:14:26.053+0000] {dag.py:3262} INFO - Creating ORM DAG for fintech_pipeline
[2024-12-20T18:14:26.064+0000] {logging_mixin.py:190} INFO - [2024-12-20T18:14:26.064+0000] {dag.py:4180} INFO - Setting next_dagrun for fintech_pipeline to 2024-12-18 00:00:00+00:00, run_after=2024-12-18 00:00:00+00:00
[2024-12-20T18:14:26.088+0000] {processor.py:208} INFO - Processing /opt/airflow/dags/fintech_dag.py took 3.451 seconds
[2024-12-20T18:15:15.477+0000] {processor.py:186} INFO - Started process (PID=62) to work on /opt/airflow/dags/fintech_dag.py
[2024-12-20T18:15:15.478+0000] {processor.py:914} INFO - Processing file /opt/airflow/dags/fintech_dag.py for tasks to queue
[2024-12-20T18:15:15.482+0000] {logging_mixin.py:190} INFO - [2024-12-20T18:15:15.481+0000] {dagbag.py:588} INFO - Filling up the DagBag from /opt/airflow/dags/fintech_dag.py
[2024-12-20T18:15:17.589+0000] {processor.py:925} INFO - DAG(s) 'fintech_pipeline' retrieved from /opt/airflow/dags/fintech_dag.py
[2024-12-20T18:15:17.629+0000] {logging_mixin.py:190} INFO - [2024-12-20T18:15:17.628+0000] {dag.py:3239} INFO - Sync 1 DAGs
[2024-12-20T18:15:17.669+0000] {logging_mixin.py:190} INFO - [2024-12-20T18:15:17.668+0000] {dag.py:4180} INFO - Setting next_dagrun for fintech_pipeline to None, run_after=None
[2024-12-20T18:15:17.838+0000] {processor.py:208} INFO - Processing /opt/airflow/dags/fintech_dag.py took 2.369 seconds
[2024-12-20T18:15:48.125+0000] {processor.py:186} INFO - Started process (PID=93) to work on /opt/airflow/dags/fintech_dag.py
[2024-12-20T18:15:48.127+0000] {processor.py:914} INFO - Processing file /opt/airflow/dags/fintech_dag.py for tasks to queue
[2024-12-20T18:15:48.130+0000] {logging_mixin.py:190} INFO - [2024-12-20T18:15:48.129+0000] {dagbag.py:588} INFO - Filling up the DagBag from /opt/airflow/dags/fintech_dag.py
[2024-12-20T18:15:49.226+0000] {processor.py:925} INFO - DAG(s) 'fintech_pipeline' retrieved from /opt/airflow/dags/fintech_dag.py
[2024-12-20T18:15:49.255+0000] {logging_mixin.py:190} INFO - [2024-12-20T18:15:49.254+0000] {dag.py:3239} INFO - Sync 1 DAGs
[2024-12-20T18:15:49.384+0000] {logging_mixin.py:190} INFO - [2024-12-20T18:15:49.384+0000] {dag.py:4180} INFO - Setting next_dagrun for fintech_pipeline to None, run_after=None
[2024-12-20T18:15:49.403+0000] {processor.py:208} INFO - Processing /opt/airflow/dags/fintech_dag.py took 1.286 seconds
[2024-12-20T18:16:19.654+0000] {processor.py:186} INFO - Started process (PID=112) to work on /opt/airflow/dags/fintech_dag.py
[2024-12-20T18:16:19.655+0000] {processor.py:914} INFO - Processing file /opt/airflow/dags/fintech_dag.py for tasks to queue
[2024-12-20T18:16:19.658+0000] {logging_mixin.py:190} INFO - [2024-12-20T18:16:19.657+0000] {dagbag.py:588} INFO - Filling up the DagBag from /opt/airflow/dags/fintech_dag.py
[2024-12-20T18:16:20.857+0000] {processor.py:925} INFO - DAG(s) 'fintech_pipeline' retrieved from /opt/airflow/dags/fintech_dag.py
[2024-12-20T18:16:20.975+0000] {logging_mixin.py:190} INFO - [2024-12-20T18:16:20.975+0000] {dag.py:3239} INFO - Sync 1 DAGs
[2024-12-20T18:16:20.996+0000] {logging_mixin.py:190} INFO - [2024-12-20T18:16:20.996+0000] {dag.py:4180} INFO - Setting next_dagrun for fintech_pipeline to None, run_after=None
[2024-12-20T18:16:21.019+0000] {processor.py:208} INFO - Processing /opt/airflow/dags/fintech_dag.py took 1.372 seconds
[2024-12-20T18:16:51.255+0000] {processor.py:186} INFO - Started process (PID=137) to work on /opt/airflow/dags/fintech_dag.py
[2024-12-20T18:16:51.257+0000] {processor.py:914} INFO - Processing file /opt/airflow/dags/fintech_dag.py for tasks to queue
[2024-12-20T18:16:51.261+0000] {logging_mixin.py:190} INFO - [2024-12-20T18:16:51.261+0000] {dagbag.py:588} INFO - Filling up the DagBag from /opt/airflow/dags/fintech_dag.py
[2024-12-20T18:16:52.496+0000] {processor.py:925} INFO - DAG(s) 'fintech_pipeline' retrieved from /opt/airflow/dags/fintech_dag.py
[2024-12-20T18:16:52.517+0000] {logging_mixin.py:190} INFO - [2024-12-20T18:16:52.516+0000] {dag.py:3239} INFO - Sync 1 DAGs
[2024-12-20T18:16:52.537+0000] {logging_mixin.py:190} INFO - [2024-12-20T18:16:52.536+0000] {dag.py:4180} INFO - Setting next_dagrun for fintech_pipeline to None, run_after=None
[2024-12-20T18:16:52.564+0000] {processor.py:208} INFO - Processing /opt/airflow/dags/fintech_dag.py took 1.315 seconds
[2024-12-20T18:17:22.802+0000] {processor.py:186} INFO - Started process (PID=156) to work on /opt/airflow/dags/fintech_dag.py
[2024-12-20T18:17:22.803+0000] {processor.py:914} INFO - Processing file /opt/airflow/dags/fintech_dag.py for tasks to queue
[2024-12-20T18:17:22.806+0000] {logging_mixin.py:190} INFO - [2024-12-20T18:17:22.805+0000] {dagbag.py:588} INFO - Filling up the DagBag from /opt/airflow/dags/fintech_dag.py
[2024-12-20T18:17:24.287+0000] {processor.py:925} INFO - DAG(s) 'fintech_pipeline' retrieved from /opt/airflow/dags/fintech_dag.py
[2024-12-20T18:17:24.322+0000] {logging_mixin.py:190} INFO - [2024-12-20T18:17:24.322+0000] {dag.py:3239} INFO - Sync 1 DAGs
[2024-12-20T18:17:24.352+0000] {logging_mixin.py:190} INFO - [2024-12-20T18:17:24.351+0000] {dag.py:4180} INFO - Setting next_dagrun for fintech_pipeline to None, run_after=None
[2024-12-20T18:17:24.373+0000] {processor.py:208} INFO - Processing /opt/airflow/dags/fintech_dag.py took 1.579 seconds
[2024-12-20T18:17:39.563+0000] {processor.py:186} INFO - Started process (PID=169) to work on /opt/airflow/dags/fintech_dag.py
[2024-12-20T18:17:39.566+0000] {processor.py:914} INFO - Processing file /opt/airflow/dags/fintech_dag.py for tasks to queue
[2024-12-20T18:17:39.571+0000] {logging_mixin.py:190} INFO - [2024-12-20T18:17:39.570+0000] {dagbag.py:588} INFO - Filling up the DagBag from /opt/airflow/dags/fintech_dag.py
[2024-12-20T18:17:41.169+0000] {processor.py:925} INFO - DAG(s) 'fintech_pipeline' retrieved from /opt/airflow/dags/fintech_dag.py
[2024-12-20T18:17:41.197+0000] {logging_mixin.py:190} INFO - [2024-12-20T18:17:41.196+0000] {dag.py:3239} INFO - Sync 1 DAGs
[2024-12-20T18:17:41.223+0000] {logging_mixin.py:190} INFO - [2024-12-20T18:17:41.223+0000] {dag.py:4180} INFO - Setting next_dagrun for fintech_pipeline to None, run_after=None
[2024-12-20T18:17:41.256+0000] {processor.py:208} INFO - Processing /opt/airflow/dags/fintech_dag.py took 1.713 seconds
[2024-12-20T18:17:46.002+0000] {processor.py:186} INFO - Started process (PID=182) to work on /opt/airflow/dags/fintech_dag.py
[2024-12-20T18:17:46.004+0000] {processor.py:914} INFO - Processing file /opt/airflow/dags/fintech_dag.py for tasks to queue
[2024-12-20T18:17:46.010+0000] {logging_mixin.py:190} INFO - [2024-12-20T18:17:46.009+0000] {dagbag.py:588} INFO - Filling up the DagBag from /opt/airflow/dags/fintech_dag.py
[2024-12-20T18:17:47.851+0000] {processor.py:925} INFO - DAG(s) 'fintech_pipeline' retrieved from /opt/airflow/dags/fintech_dag.py
[2024-12-20T18:17:47.883+0000] {logging_mixin.py:190} INFO - [2024-12-20T18:17:47.883+0000] {dag.py:3239} INFO - Sync 1 DAGs
[2024-12-20T18:17:47.911+0000] {logging_mixin.py:190} INFO - [2024-12-20T18:17:47.911+0000] {dag.py:4180} INFO - Setting next_dagrun for fintech_pipeline to None, run_after=None
[2024-12-20T18:17:47.943+0000] {processor.py:208} INFO - Processing /opt/airflow/dags/fintech_dag.py took 1.955 seconds
[2024-12-20T18:18:18.214+0000] {processor.py:186} INFO - Started process (PID=201) to work on /opt/airflow/dags/fintech_dag.py
[2024-12-20T18:18:18.215+0000] {processor.py:914} INFO - Processing file /opt/airflow/dags/fintech_dag.py for tasks to queue
[2024-12-20T18:18:18.219+0000] {logging_mixin.py:190} INFO - [2024-12-20T18:18:18.218+0000] {dagbag.py:588} INFO - Filling up the DagBag from /opt/airflow/dags/fintech_dag.py
[2024-12-20T18:18:19.676+0000] {processor.py:925} INFO - DAG(s) 'fintech_pipeline' retrieved from /opt/airflow/dags/fintech_dag.py
[2024-12-20T18:18:19.702+0000] {logging_mixin.py:190} INFO - [2024-12-20T18:18:19.702+0000] {dag.py:3239} INFO - Sync 1 DAGs
[2024-12-20T18:18:19.728+0000] {logging_mixin.py:190} INFO - [2024-12-20T18:18:19.728+0000] {dag.py:4180} INFO - Setting next_dagrun for fintech_pipeline to None, run_after=None
[2024-12-20T18:18:19.755+0000] {processor.py:208} INFO - Processing /opt/airflow/dags/fintech_dag.py took 1.550 seconds
[2024-12-20T18:18:50.001+0000] {processor.py:186} INFO - Started process (PID=220) to work on /opt/airflow/dags/fintech_dag.py
[2024-12-20T18:18:50.004+0000] {processor.py:914} INFO - Processing file /opt/airflow/dags/fintech_dag.py for tasks to queue
[2024-12-20T18:18:50.007+0000] {logging_mixin.py:190} INFO - [2024-12-20T18:18:50.006+0000] {dagbag.py:588} INFO - Filling up the DagBag from /opt/airflow/dags/fintech_dag.py
[2024-12-20T18:18:51.487+0000] {processor.py:925} INFO - DAG(s) 'fintech_pipeline' retrieved from /opt/airflow/dags/fintech_dag.py
[2024-12-20T18:18:51.513+0000] {logging_mixin.py:190} INFO - [2024-12-20T18:18:51.513+0000] {dag.py:3239} INFO - Sync 1 DAGs
[2024-12-20T18:18:51.535+0000] {logging_mixin.py:190} INFO - [2024-12-20T18:18:51.535+0000] {dag.py:4180} INFO - Setting next_dagrun for fintech_pipeline to None, run_after=None
[2024-12-20T18:18:51.557+0000] {processor.py:208} INFO - Processing /opt/airflow/dags/fintech_dag.py took 1.564 seconds
[2024-12-20T18:19:21.821+0000] {processor.py:186} INFO - Started process (PID=245) to work on /opt/airflow/dags/fintech_dag.py
[2024-12-20T18:19:21.822+0000] {processor.py:914} INFO - Processing file /opt/airflow/dags/fintech_dag.py for tasks to queue
[2024-12-20T18:19:21.825+0000] {logging_mixin.py:190} INFO - [2024-12-20T18:19:21.824+0000] {dagbag.py:588} INFO - Filling up the DagBag from /opt/airflow/dags/fintech_dag.py
[2024-12-20T18:19:23.183+0000] {processor.py:925} INFO - DAG(s) 'fintech_pipeline' retrieved from /opt/airflow/dags/fintech_dag.py
[2024-12-20T18:19:23.205+0000] {logging_mixin.py:190} INFO - [2024-12-20T18:19:23.205+0000] {dag.py:3239} INFO - Sync 1 DAGs
[2024-12-20T18:19:23.225+0000] {logging_mixin.py:190} INFO - [2024-12-20T18:19:23.224+0000] {dag.py:4180} INFO - Setting next_dagrun for fintech_pipeline to None, run_after=None
[2024-12-20T18:19:23.243+0000] {processor.py:208} INFO - Processing /opt/airflow/dags/fintech_dag.py took 1.429 seconds
[2024-12-20T18:19:53.433+0000] {processor.py:186} INFO - Started process (PID=264) to work on /opt/airflow/dags/fintech_dag.py
[2024-12-20T18:19:53.434+0000] {processor.py:914} INFO - Processing file /opt/airflow/dags/fintech_dag.py for tasks to queue
[2024-12-20T18:19:53.438+0000] {logging_mixin.py:190} INFO - [2024-12-20T18:19:53.438+0000] {dagbag.py:588} INFO - Filling up the DagBag from /opt/airflow/dags/fintech_dag.py
[2024-12-20T18:19:54.701+0000] {processor.py:925} INFO - DAG(s) 'fintech_pipeline' retrieved from /opt/airflow/dags/fintech_dag.py
[2024-12-20T18:19:54.721+0000] {logging_mixin.py:190} INFO - [2024-12-20T18:19:54.721+0000] {dag.py:3239} INFO - Sync 1 DAGs
[2024-12-20T18:19:54.739+0000] {logging_mixin.py:190} INFO - [2024-12-20T18:19:54.738+0000] {dag.py:4180} INFO - Setting next_dagrun for fintech_pipeline to None, run_after=None
[2024-12-20T18:19:54.764+0000] {processor.py:208} INFO - Processing /opt/airflow/dags/fintech_dag.py took 1.339 seconds
[2024-12-20T18:20:25.137+0000] {processor.py:186} INFO - Started process (PID=283) to work on /opt/airflow/dags/fintech_dag.py
[2024-12-20T18:20:25.138+0000] {processor.py:914} INFO - Processing file /opt/airflow/dags/fintech_dag.py for tasks to queue
[2024-12-20T18:20:25.141+0000] {logging_mixin.py:190} INFO - [2024-12-20T18:20:25.140+0000] {dagbag.py:588} INFO - Filling up the DagBag from /opt/airflow/dags/fintech_dag.py
[2024-12-20T18:20:26.297+0000] {processor.py:925} INFO - DAG(s) 'fintech_pipeline' retrieved from /opt/airflow/dags/fintech_dag.py
[2024-12-20T18:20:26.327+0000] {logging_mixin.py:190} INFO - [2024-12-20T18:20:26.326+0000] {dag.py:3239} INFO - Sync 1 DAGs
[2024-12-20T18:20:26.349+0000] {logging_mixin.py:190} INFO - [2024-12-20T18:20:26.349+0000] {dag.py:4180} INFO - Setting next_dagrun for fintech_pipeline to None, run_after=None
[2024-12-20T18:20:26.374+0000] {processor.py:208} INFO - Processing /opt/airflow/dags/fintech_dag.py took 1.243 seconds
[2024-12-20T18:20:56.616+0000] {processor.py:186} INFO - Started process (PID=302) to work on /opt/airflow/dags/fintech_dag.py
[2024-12-20T18:20:56.618+0000] {processor.py:914} INFO - Processing file /opt/airflow/dags/fintech_dag.py for tasks to queue
[2024-12-20T18:20:56.620+0000] {logging_mixin.py:190} INFO - [2024-12-20T18:20:56.620+0000] {dagbag.py:588} INFO - Filling up the DagBag from /opt/airflow/dags/fintech_dag.py
[2024-12-20T18:20:57.688+0000] {processor.py:925} INFO - DAG(s) 'fintech_pipeline' retrieved from /opt/airflow/dags/fintech_dag.py
[2024-12-20T18:20:57.709+0000] {logging_mixin.py:190} INFO - [2024-12-20T18:20:57.709+0000] {dag.py:3239} INFO - Sync 1 DAGs
[2024-12-20T18:20:57.728+0000] {logging_mixin.py:190} INFO - [2024-12-20T18:20:57.728+0000] {dag.py:4180} INFO - Setting next_dagrun for fintech_pipeline to None, run_after=None
[2024-12-20T18:20:57.746+0000] {processor.py:208} INFO - Processing /opt/airflow/dags/fintech_dag.py took 1.136 seconds
[2024-12-20T18:21:27.848+0000] {processor.py:186} INFO - Started process (PID=321) to work on /opt/airflow/dags/fintech_dag.py
[2024-12-20T18:21:27.849+0000] {processor.py:914} INFO - Processing file /opt/airflow/dags/fintech_dag.py for tasks to queue
[2024-12-20T18:21:27.852+0000] {logging_mixin.py:190} INFO - [2024-12-20T18:21:27.852+0000] {dagbag.py:588} INFO - Filling up the DagBag from /opt/airflow/dags/fintech_dag.py
[2024-12-20T18:21:28.998+0000] {processor.py:925} INFO - DAG(s) 'fintech_pipeline' retrieved from /opt/airflow/dags/fintech_dag.py
[2024-12-20T18:21:29.020+0000] {logging_mixin.py:190} INFO - [2024-12-20T18:21:29.020+0000] {dag.py:3239} INFO - Sync 1 DAGs
[2024-12-20T18:21:29.038+0000] {logging_mixin.py:190} INFO - [2024-12-20T18:21:29.037+0000] {dag.py:4180} INFO - Setting next_dagrun for fintech_pipeline to None, run_after=None
[2024-12-20T18:21:29.056+0000] {processor.py:208} INFO - Processing /opt/airflow/dags/fintech_dag.py took 1.215 seconds
[2024-12-20T18:21:59.201+0000] {processor.py:186} INFO - Started process (PID=340) to work on /opt/airflow/dags/fintech_dag.py
[2024-12-20T18:21:59.202+0000] {processor.py:914} INFO - Processing file /opt/airflow/dags/fintech_dag.py for tasks to queue
[2024-12-20T18:21:59.205+0000] {logging_mixin.py:190} INFO - [2024-12-20T18:21:59.204+0000] {dagbag.py:588} INFO - Filling up the DagBag from /opt/airflow/dags/fintech_dag.py
[2024-12-20T18:22:00.445+0000] {processor.py:925} INFO - DAG(s) 'fintech_pipeline' retrieved from /opt/airflow/dags/fintech_dag.py
[2024-12-20T18:22:00.469+0000] {logging_mixin.py:190} INFO - [2024-12-20T18:22:00.468+0000] {dag.py:3239} INFO - Sync 1 DAGs
[2024-12-20T18:22:00.489+0000] {logging_mixin.py:190} INFO - [2024-12-20T18:22:00.489+0000] {dag.py:4180} INFO - Setting next_dagrun for fintech_pipeline to None, run_after=None
[2024-12-20T18:22:00.521+0000] {processor.py:208} INFO - Processing /opt/airflow/dags/fintech_dag.py took 1.326 seconds
[2024-12-20T18:22:30.772+0000] {processor.py:186} INFO - Started process (PID=359) to work on /opt/airflow/dags/fintech_dag.py
[2024-12-20T18:22:30.773+0000] {processor.py:914} INFO - Processing file /opt/airflow/dags/fintech_dag.py for tasks to queue
[2024-12-20T18:22:30.776+0000] {logging_mixin.py:190} INFO - [2024-12-20T18:22:30.776+0000] {dagbag.py:588} INFO - Filling up the DagBag from /opt/airflow/dags/fintech_dag.py
[2024-12-20T18:22:31.916+0000] {processor.py:925} INFO - DAG(s) 'fintech_pipeline' retrieved from /opt/airflow/dags/fintech_dag.py
[2024-12-20T18:22:31.941+0000] {logging_mixin.py:190} INFO - [2024-12-20T18:22:31.941+0000] {dag.py:3239} INFO - Sync 1 DAGs
[2024-12-20T18:22:31.962+0000] {logging_mixin.py:190} INFO - [2024-12-20T18:22:31.962+0000] {dag.py:4180} INFO - Setting next_dagrun for fintech_pipeline to None, run_after=None
[2024-12-20T18:22:31.979+0000] {processor.py:208} INFO - Processing /opt/airflow/dags/fintech_dag.py took 1.215 seconds
[2024-12-20T18:23:02.212+0000] {processor.py:186} INFO - Started process (PID=378) to work on /opt/airflow/dags/fintech_dag.py
[2024-12-20T18:23:02.213+0000] {processor.py:914} INFO - Processing file /opt/airflow/dags/fintech_dag.py for tasks to queue
[2024-12-20T18:23:02.216+0000] {logging_mixin.py:190} INFO - [2024-12-20T18:23:02.216+0000] {dagbag.py:588} INFO - Filling up the DagBag from /opt/airflow/dags/fintech_dag.py
[2024-12-20T18:23:03.280+0000] {processor.py:925} INFO - DAG(s) 'fintech_pipeline' retrieved from /opt/airflow/dags/fintech_dag.py
[2024-12-20T18:23:03.300+0000] {logging_mixin.py:190} INFO - [2024-12-20T18:23:03.299+0000] {dag.py:3239} INFO - Sync 1 DAGs
[2024-12-20T18:23:03.317+0000] {logging_mixin.py:190} INFO - [2024-12-20T18:23:03.317+0000] {dag.py:4180} INFO - Setting next_dagrun for fintech_pipeline to None, run_after=None
[2024-12-20T18:23:03.338+0000] {processor.py:208} INFO - Processing /opt/airflow/dags/fintech_dag.py took 1.133 seconds
[2024-12-20T18:23:33.434+0000] {processor.py:186} INFO - Started process (PID=397) to work on /opt/airflow/dags/fintech_dag.py
[2024-12-20T18:23:33.436+0000] {processor.py:914} INFO - Processing file /opt/airflow/dags/fintech_dag.py for tasks to queue
[2024-12-20T18:23:33.438+0000] {logging_mixin.py:190} INFO - [2024-12-20T18:23:33.437+0000] {dagbag.py:588} INFO - Filling up the DagBag from /opt/airflow/dags/fintech_dag.py
[2024-12-20T18:23:34.525+0000] {processor.py:925} INFO - DAG(s) 'fintech_pipeline' retrieved from /opt/airflow/dags/fintech_dag.py
[2024-12-20T18:23:34.545+0000] {logging_mixin.py:190} INFO - [2024-12-20T18:23:34.545+0000] {dag.py:3239} INFO - Sync 1 DAGs
[2024-12-20T18:23:34.563+0000] {logging_mixin.py:190} INFO - [2024-12-20T18:23:34.563+0000] {dag.py:4180} INFO - Setting next_dagrun for fintech_pipeline to None, run_after=None
[2024-12-20T18:23:34.587+0000] {processor.py:208} INFO - Processing /opt/airflow/dags/fintech_dag.py took 1.159 seconds
[2024-12-20T18:24:04.797+0000] {processor.py:186} INFO - Started process (PID=416) to work on /opt/airflow/dags/fintech_dag.py
[2024-12-20T18:24:04.798+0000] {processor.py:914} INFO - Processing file /opt/airflow/dags/fintech_dag.py for tasks to queue
[2024-12-20T18:24:04.801+0000] {logging_mixin.py:190} INFO - [2024-12-20T18:24:04.800+0000] {dagbag.py:588} INFO - Filling up the DagBag from /opt/airflow/dags/fintech_dag.py
[2024-12-20T18:24:06.014+0000] {processor.py:925} INFO - DAG(s) 'fintech_pipeline' retrieved from /opt/airflow/dags/fintech_dag.py
[2024-12-20T18:24:06.045+0000] {logging_mixin.py:190} INFO - [2024-12-20T18:24:06.044+0000] {dag.py:3239} INFO - Sync 1 DAGs
[2024-12-20T18:24:06.072+0000] {logging_mixin.py:190} INFO - [2024-12-20T18:24:06.071+0000] {dag.py:4180} INFO - Setting next_dagrun for fintech_pipeline to None, run_after=None
[2024-12-20T18:24:06.101+0000] {processor.py:208} INFO - Processing /opt/airflow/dags/fintech_dag.py took 1.310 seconds
[2024-12-20T18:24:36.346+0000] {processor.py:186} INFO - Started process (PID=435) to work on /opt/airflow/dags/fintech_dag.py
[2024-12-20T18:24:36.347+0000] {processor.py:914} INFO - Processing file /opt/airflow/dags/fintech_dag.py for tasks to queue
[2024-12-20T18:24:36.349+0000] {logging_mixin.py:190} INFO - [2024-12-20T18:24:36.349+0000] {dagbag.py:588} INFO - Filling up the DagBag from /opt/airflow/dags/fintech_dag.py
[2024-12-20T18:24:37.427+0000] {processor.py:925} INFO - DAG(s) 'fintech_pipeline' retrieved from /opt/airflow/dags/fintech_dag.py
[2024-12-20T18:24:37.448+0000] {logging_mixin.py:190} INFO - [2024-12-20T18:24:37.448+0000] {dag.py:3239} INFO - Sync 1 DAGs
[2024-12-20T18:24:37.465+0000] {logging_mixin.py:190} INFO - [2024-12-20T18:24:37.465+0000] {dag.py:4180} INFO - Setting next_dagrun for fintech_pipeline to None, run_after=None
[2024-12-20T18:24:37.489+0000] {processor.py:208} INFO - Processing /opt/airflow/dags/fintech_dag.py took 1.149 seconds
[2024-12-20T18:25:07.566+0000] {processor.py:186} INFO - Started process (PID=454) to work on /opt/airflow/dags/fintech_dag.py
[2024-12-20T18:25:07.567+0000] {processor.py:914} INFO - Processing file /opt/airflow/dags/fintech_dag.py for tasks to queue
[2024-12-20T18:25:07.570+0000] {logging_mixin.py:190} INFO - [2024-12-20T18:25:07.570+0000] {dagbag.py:588} INFO - Filling up the DagBag from /opt/airflow/dags/fintech_dag.py
[2024-12-20T18:25:08.609+0000] {processor.py:925} INFO - DAG(s) 'fintech_pipeline' retrieved from /opt/airflow/dags/fintech_dag.py
[2024-12-20T18:25:08.629+0000] {logging_mixin.py:190} INFO - [2024-12-20T18:25:08.629+0000] {dag.py:3239} INFO - Sync 1 DAGs
[2024-12-20T18:25:08.646+0000] {logging_mixin.py:190} INFO - [2024-12-20T18:25:08.645+0000] {dag.py:4180} INFO - Setting next_dagrun for fintech_pipeline to None, run_after=None
[2024-12-20T18:25:08.670+0000] {processor.py:208} INFO - Processing /opt/airflow/dags/fintech_dag.py took 1.110 seconds
[2024-12-20T18:25:38.853+0000] {processor.py:186} INFO - Started process (PID=473) to work on /opt/airflow/dags/fintech_dag.py
[2024-12-20T18:25:38.854+0000] {processor.py:914} INFO - Processing file /opt/airflow/dags/fintech_dag.py for tasks to queue
[2024-12-20T18:25:38.857+0000] {logging_mixin.py:190} INFO - [2024-12-20T18:25:38.857+0000] {dagbag.py:588} INFO - Filling up the DagBag from /opt/airflow/dags/fintech_dag.py
[2024-12-20T18:25:39.933+0000] {processor.py:925} INFO - DAG(s) 'fintech_pipeline' retrieved from /opt/airflow/dags/fintech_dag.py
[2024-12-20T18:25:39.953+0000] {logging_mixin.py:190} INFO - [2024-12-20T18:25:39.953+0000] {dag.py:3239} INFO - Sync 1 DAGs
[2024-12-20T18:25:39.971+0000] {logging_mixin.py:190} INFO - [2024-12-20T18:25:39.970+0000] {dag.py:4180} INFO - Setting next_dagrun for fintech_pipeline to None, run_after=None
[2024-12-20T18:25:39.991+0000] {processor.py:208} INFO - Processing /opt/airflow/dags/fintech_dag.py took 1.143 seconds
[2024-12-20T18:26:10.104+0000] {processor.py:186} INFO - Started process (PID=492) to work on /opt/airflow/dags/fintech_dag.py
[2024-12-20T18:26:10.105+0000] {processor.py:914} INFO - Processing file /opt/airflow/dags/fintech_dag.py for tasks to queue
[2024-12-20T18:26:10.108+0000] {logging_mixin.py:190} INFO - [2024-12-20T18:26:10.107+0000] {dagbag.py:588} INFO - Filling up the DagBag from /opt/airflow/dags/fintech_dag.py
[2024-12-20T18:26:11.221+0000] {processor.py:925} INFO - DAG(s) 'fintech_pipeline' retrieved from /opt/airflow/dags/fintech_dag.py
[2024-12-20T18:26:11.241+0000] {logging_mixin.py:190} INFO - [2024-12-20T18:26:11.240+0000] {dag.py:3239} INFO - Sync 1 DAGs
[2024-12-20T18:26:11.259+0000] {logging_mixin.py:190} INFO - [2024-12-20T18:26:11.259+0000] {dag.py:4180} INFO - Setting next_dagrun for fintech_pipeline to None, run_after=None
[2024-12-20T18:26:11.278+0000] {processor.py:208} INFO - Processing /opt/airflow/dags/fintech_dag.py took 1.181 seconds
[2024-12-20T18:26:41.434+0000] {processor.py:186} INFO - Started process (PID=511) to work on /opt/airflow/dags/fintech_dag.py
[2024-12-20T18:26:41.435+0000] {processor.py:914} INFO - Processing file /opt/airflow/dags/fintech_dag.py for tasks to queue
[2024-12-20T18:26:41.438+0000] {logging_mixin.py:190} INFO - [2024-12-20T18:26:41.437+0000] {dagbag.py:588} INFO - Filling up the DagBag from /opt/airflow/dags/fintech_dag.py
[2024-12-20T18:26:42.485+0000] {processor.py:925} INFO - DAG(s) 'fintech_pipeline' retrieved from /opt/airflow/dags/fintech_dag.py
[2024-12-20T18:26:42.504+0000] {logging_mixin.py:190} INFO - [2024-12-20T18:26:42.503+0000] {dag.py:3239} INFO - Sync 1 DAGs
[2024-12-20T18:26:42.521+0000] {logging_mixin.py:190} INFO - [2024-12-20T18:26:42.521+0000] {dag.py:4180} INFO - Setting next_dagrun for fintech_pipeline to None, run_after=None
[2024-12-20T18:26:42.537+0000] {processor.py:208} INFO - Processing /opt/airflow/dags/fintech_dag.py took 1.109 seconds
[2024-12-20T18:27:12.715+0000] {processor.py:186} INFO - Started process (PID=530) to work on /opt/airflow/dags/fintech_dag.py
[2024-12-20T18:27:12.716+0000] {processor.py:914} INFO - Processing file /opt/airflow/dags/fintech_dag.py for tasks to queue
[2024-12-20T18:27:12.719+0000] {logging_mixin.py:190} INFO - [2024-12-20T18:27:12.718+0000] {dagbag.py:588} INFO - Filling up the DagBag from /opt/airflow/dags/fintech_dag.py
[2024-12-20T18:27:13.825+0000] {processor.py:925} INFO - DAG(s) 'fintech_pipeline' retrieved from /opt/airflow/dags/fintech_dag.py
[2024-12-20T18:27:13.846+0000] {logging_mixin.py:190} INFO - [2024-12-20T18:27:13.845+0000] {dag.py:3239} INFO - Sync 1 DAGs
[2024-12-20T18:27:13.864+0000] {logging_mixin.py:190} INFO - [2024-12-20T18:27:13.864+0000] {dag.py:4180} INFO - Setting next_dagrun for fintech_pipeline to None, run_after=None
[2024-12-20T18:27:13.882+0000] {processor.py:208} INFO - Processing /opt/airflow/dags/fintech_dag.py took 1.173 seconds
[2024-12-20T18:27:43.998+0000] {processor.py:186} INFO - Started process (PID=549) to work on /opt/airflow/dags/fintech_dag.py
[2024-12-20T18:27:43.999+0000] {processor.py:914} INFO - Processing file /opt/airflow/dags/fintech_dag.py for tasks to queue
[2024-12-20T18:27:44.002+0000] {logging_mixin.py:190} INFO - [2024-12-20T18:27:44.001+0000] {dagbag.py:588} INFO - Filling up the DagBag from /opt/airflow/dags/fintech_dag.py
[2024-12-20T18:27:45.116+0000] {processor.py:925} INFO - DAG(s) 'fintech_pipeline' retrieved from /opt/airflow/dags/fintech_dag.py
[2024-12-20T18:27:45.137+0000] {logging_mixin.py:190} INFO - [2024-12-20T18:27:45.136+0000] {dag.py:3239} INFO - Sync 1 DAGs
[2024-12-20T18:27:45.164+0000] {logging_mixin.py:190} INFO - [2024-12-20T18:27:45.164+0000] {dag.py:4180} INFO - Setting next_dagrun for fintech_pipeline to None, run_after=None
[2024-12-20T18:27:45.187+0000] {processor.py:208} INFO - Processing /opt/airflow/dags/fintech_dag.py took 1.195 seconds
[2024-12-20T18:28:15.420+0000] {processor.py:186} INFO - Started process (PID=568) to work on /opt/airflow/dags/fintech_dag.py
[2024-12-20T18:28:15.422+0000] {processor.py:914} INFO - Processing file /opt/airflow/dags/fintech_dag.py for tasks to queue
[2024-12-20T18:28:15.425+0000] {logging_mixin.py:190} INFO - [2024-12-20T18:28:15.424+0000] {dagbag.py:588} INFO - Filling up the DagBag from /opt/airflow/dags/fintech_dag.py
[2024-12-20T18:28:16.506+0000] {processor.py:925} INFO - DAG(s) 'fintech_pipeline' retrieved from /opt/airflow/dags/fintech_dag.py
[2024-12-20T18:28:16.526+0000] {logging_mixin.py:190} INFO - [2024-12-20T18:28:16.525+0000] {dag.py:3239} INFO - Sync 1 DAGs
[2024-12-20T18:28:16.544+0000] {logging_mixin.py:190} INFO - [2024-12-20T18:28:16.544+0000] {dag.py:4180} INFO - Setting next_dagrun for fintech_pipeline to None, run_after=None
[2024-12-20T18:28:16.569+0000] {processor.py:208} INFO - Processing /opt/airflow/dags/fintech_dag.py took 1.155 seconds
[2024-12-20T18:28:46.651+0000] {processor.py:186} INFO - Started process (PID=587) to work on /opt/airflow/dags/fintech_dag.py
[2024-12-20T18:28:46.652+0000] {processor.py:914} INFO - Processing file /opt/airflow/dags/fintech_dag.py for tasks to queue
[2024-12-20T18:28:46.655+0000] {logging_mixin.py:190} INFO - [2024-12-20T18:28:46.655+0000] {dagbag.py:588} INFO - Filling up the DagBag from /opt/airflow/dags/fintech_dag.py
[2024-12-20T18:28:47.717+0000] {processor.py:925} INFO - DAG(s) 'fintech_pipeline' retrieved from /opt/airflow/dags/fintech_dag.py
[2024-12-20T18:28:47.736+0000] {logging_mixin.py:190} INFO - [2024-12-20T18:28:47.736+0000] {dag.py:3239} INFO - Sync 1 DAGs
[2024-12-20T18:28:47.752+0000] {logging_mixin.py:190} INFO - [2024-12-20T18:28:47.752+0000] {dag.py:4180} INFO - Setting next_dagrun for fintech_pipeline to None, run_after=None
[2024-12-20T18:28:47.771+0000] {processor.py:208} INFO - Processing /opt/airflow/dags/fintech_dag.py took 1.126 seconds
[2024-12-20T18:29:18.021+0000] {processor.py:186} INFO - Started process (PID=606) to work on /opt/airflow/dags/fintech_dag.py
[2024-12-20T18:29:18.022+0000] {processor.py:914} INFO - Processing file /opt/airflow/dags/fintech_dag.py for tasks to queue
[2024-12-20T18:29:18.024+0000] {logging_mixin.py:190} INFO - [2024-12-20T18:29:18.024+0000] {dagbag.py:588} INFO - Filling up the DagBag from /opt/airflow/dags/fintech_dag.py
[2024-12-20T18:29:19.088+0000] {processor.py:925} INFO - DAG(s) 'fintech_pipeline' retrieved from /opt/airflow/dags/fintech_dag.py
[2024-12-20T18:29:19.109+0000] {logging_mixin.py:190} INFO - [2024-12-20T18:29:19.108+0000] {dag.py:3239} INFO - Sync 1 DAGs
[2024-12-20T18:29:19.127+0000] {logging_mixin.py:190} INFO - [2024-12-20T18:29:19.127+0000] {dag.py:4180} INFO - Setting next_dagrun for fintech_pipeline to None, run_after=None
[2024-12-20T18:29:19.145+0000] {processor.py:208} INFO - Processing /opt/airflow/dags/fintech_dag.py took 1.131 seconds
[2024-12-20T18:29:49.244+0000] {processor.py:186} INFO - Started process (PID=625) to work on /opt/airflow/dags/fintech_dag.py
[2024-12-20T18:29:49.245+0000] {processor.py:914} INFO - Processing file /opt/airflow/dags/fintech_dag.py for tasks to queue
[2024-12-20T18:29:49.248+0000] {logging_mixin.py:190} INFO - [2024-12-20T18:29:49.247+0000] {dagbag.py:588} INFO - Filling up the DagBag from /opt/airflow/dags/fintech_dag.py
[2024-12-20T18:29:50.283+0000] {processor.py:925} INFO - DAG(s) 'fintech_pipeline' retrieved from /opt/airflow/dags/fintech_dag.py
[2024-12-20T18:29:50.302+0000] {logging_mixin.py:190} INFO - [2024-12-20T18:29:50.302+0000] {dag.py:3239} INFO - Sync 1 DAGs
[2024-12-20T18:29:50.320+0000] {logging_mixin.py:190} INFO - [2024-12-20T18:29:50.319+0000] {dag.py:4180} INFO - Setting next_dagrun for fintech_pipeline to None, run_after=None
[2024-12-20T18:29:50.344+0000] {processor.py:208} INFO - Processing /opt/airflow/dags/fintech_dag.py took 1.105 seconds
[2024-12-20T18:30:20.639+0000] {processor.py:186} INFO - Started process (PID=644) to work on /opt/airflow/dags/fintech_dag.py
[2024-12-20T18:30:20.640+0000] {processor.py:914} INFO - Processing file /opt/airflow/dags/fintech_dag.py for tasks to queue
[2024-12-20T18:30:20.643+0000] {logging_mixin.py:190} INFO - [2024-12-20T18:30:20.642+0000] {dagbag.py:588} INFO - Filling up the DagBag from /opt/airflow/dags/fintech_dag.py
[2024-12-20T18:30:21.776+0000] {processor.py:925} INFO - DAG(s) 'fintech_pipeline' retrieved from /opt/airflow/dags/fintech_dag.py
[2024-12-20T18:30:21.804+0000] {logging_mixin.py:190} INFO - [2024-12-20T18:30:21.803+0000] {dag.py:3239} INFO - Sync 1 DAGs
[2024-12-20T18:30:21.827+0000] {logging_mixin.py:190} INFO - [2024-12-20T18:30:21.826+0000] {dag.py:4180} INFO - Setting next_dagrun for fintech_pipeline to None, run_after=None
[2024-12-20T18:30:21.849+0000] {processor.py:208} INFO - Processing /opt/airflow/dags/fintech_dag.py took 1.216 seconds
[2024-12-20T18:30:52.083+0000] {processor.py:186} INFO - Started process (PID=669) to work on /opt/airflow/dags/fintech_dag.py
[2024-12-20T18:30:52.084+0000] {processor.py:914} INFO - Processing file /opt/airflow/dags/fintech_dag.py for tasks to queue
[2024-12-20T18:30:52.088+0000] {logging_mixin.py:190} INFO - [2024-12-20T18:30:52.087+0000] {dagbag.py:588} INFO - Filling up the DagBag from /opt/airflow/dags/fintech_dag.py
[2024-12-20T18:30:53.228+0000] {processor.py:925} INFO - DAG(s) 'fintech_pipeline' retrieved from /opt/airflow/dags/fintech_dag.py
[2024-12-20T18:30:53.250+0000] {logging_mixin.py:190} INFO - [2024-12-20T18:30:53.250+0000] {dag.py:3239} INFO - Sync 1 DAGs
[2024-12-20T18:30:53.269+0000] {logging_mixin.py:190} INFO - [2024-12-20T18:30:53.269+0000] {dag.py:4180} INFO - Setting next_dagrun for fintech_pipeline to None, run_after=None
[2024-12-20T18:30:53.288+0000] {processor.py:208} INFO - Processing /opt/airflow/dags/fintech_dag.py took 1.211 seconds
[2024-12-20T18:31:23.513+0000] {processor.py:186} INFO - Started process (PID=688) to work on /opt/airflow/dags/fintech_dag.py
[2024-12-20T18:31:23.515+0000] {processor.py:914} INFO - Processing file /opt/airflow/dags/fintech_dag.py for tasks to queue
[2024-12-20T18:31:23.518+0000] {logging_mixin.py:190} INFO - [2024-12-20T18:31:23.518+0000] {dagbag.py:588} INFO - Filling up the DagBag from /opt/airflow/dags/fintech_dag.py
[2024-12-20T18:31:24.785+0000] {processor.py:925} INFO - DAG(s) 'fintech_pipeline' retrieved from /opt/airflow/dags/fintech_dag.py
[2024-12-20T18:31:24.808+0000] {logging_mixin.py:190} INFO - [2024-12-20T18:31:24.808+0000] {dag.py:3239} INFO - Sync 1 DAGs
[2024-12-20T18:31:24.828+0000] {logging_mixin.py:190} INFO - [2024-12-20T18:31:24.828+0000] {dag.py:4180} INFO - Setting next_dagrun for fintech_pipeline to None, run_after=None
[2024-12-20T18:31:24.847+0000] {processor.py:208} INFO - Processing /opt/airflow/dags/fintech_dag.py took 1.340 seconds
[2024-12-20T18:31:55.083+0000] {processor.py:186} INFO - Started process (PID=707) to work on /opt/airflow/dags/fintech_dag.py
[2024-12-20T18:31:55.084+0000] {processor.py:914} INFO - Processing file /opt/airflow/dags/fintech_dag.py for tasks to queue
[2024-12-20T18:31:55.087+0000] {logging_mixin.py:190} INFO - [2024-12-20T18:31:55.087+0000] {dagbag.py:588} INFO - Filling up the DagBag from /opt/airflow/dags/fintech_dag.py
[2024-12-20T18:31:56.500+0000] {processor.py:925} INFO - DAG(s) 'fintech_pipeline' retrieved from /opt/airflow/dags/fintech_dag.py
[2024-12-20T18:31:56.521+0000] {logging_mixin.py:190} INFO - [2024-12-20T18:31:56.521+0000] {dag.py:3239} INFO - Sync 1 DAGs
[2024-12-20T18:31:56.539+0000] {logging_mixin.py:190} INFO - [2024-12-20T18:31:56.538+0000] {dag.py:4180} INFO - Setting next_dagrun for fintech_pipeline to None, run_after=None
[2024-12-20T18:31:56.564+0000] {processor.py:208} INFO - Processing /opt/airflow/dags/fintech_dag.py took 1.488 seconds
[2024-12-20T18:32:26.813+0000] {processor.py:186} INFO - Started process (PID=726) to work on /opt/airflow/dags/fintech_dag.py
[2024-12-20T18:32:26.815+0000] {processor.py:914} INFO - Processing file /opt/airflow/dags/fintech_dag.py for tasks to queue
[2024-12-20T18:32:26.818+0000] {logging_mixin.py:190} INFO - [2024-12-20T18:32:26.818+0000] {dagbag.py:588} INFO - Filling up the DagBag from /opt/airflow/dags/fintech_dag.py
[2024-12-20T18:32:28.050+0000] {processor.py:925} INFO - DAG(s) 'fintech_pipeline' retrieved from /opt/airflow/dags/fintech_dag.py
[2024-12-20T18:32:28.085+0000] {logging_mixin.py:190} INFO - [2024-12-20T18:32:28.084+0000] {dag.py:3239} INFO - Sync 1 DAGs
[2024-12-20T18:32:28.112+0000] {logging_mixin.py:190} INFO - [2024-12-20T18:32:28.112+0000] {dag.py:4180} INFO - Setting next_dagrun for fintech_pipeline to None, run_after=None
[2024-12-20T18:32:28.141+0000] {processor.py:208} INFO - Processing /opt/airflow/dags/fintech_dag.py took 1.334 seconds
[2024-12-20T18:32:58.390+0000] {processor.py:186} INFO - Started process (PID=745) to work on /opt/airflow/dags/fintech_dag.py
[2024-12-20T18:32:58.391+0000] {processor.py:914} INFO - Processing file /opt/airflow/dags/fintech_dag.py for tasks to queue
[2024-12-20T18:32:58.394+0000] {logging_mixin.py:190} INFO - [2024-12-20T18:32:58.393+0000] {dagbag.py:588} INFO - Filling up the DagBag from /opt/airflow/dags/fintech_dag.py
[2024-12-20T18:32:59.418+0000] {processor.py:925} INFO - DAG(s) 'fintech_pipeline' retrieved from /opt/airflow/dags/fintech_dag.py
[2024-12-20T18:32:59.450+0000] {logging_mixin.py:190} INFO - [2024-12-20T18:32:59.449+0000] {dag.py:3239} INFO - Sync 1 DAGs
[2024-12-20T18:32:59.470+0000] {logging_mixin.py:190} INFO - [2024-12-20T18:32:59.469+0000] {dag.py:4180} INFO - Setting next_dagrun for fintech_pipeline to None, run_after=None
[2024-12-20T18:32:59.493+0000] {processor.py:208} INFO - Processing /opt/airflow/dags/fintech_dag.py took 1.109 seconds
[2024-12-20T18:33:29.613+0000] {processor.py:186} INFO - Started process (PID=764) to work on /opt/airflow/dags/fintech_dag.py
[2024-12-20T18:33:29.614+0000] {processor.py:914} INFO - Processing file /opt/airflow/dags/fintech_dag.py for tasks to queue
[2024-12-20T18:33:29.617+0000] {logging_mixin.py:190} INFO - [2024-12-20T18:33:29.616+0000] {dagbag.py:588} INFO - Filling up the DagBag from /opt/airflow/dags/fintech_dag.py
[2024-12-20T18:33:30.625+0000] {processor.py:925} INFO - DAG(s) 'fintech_pipeline' retrieved from /opt/airflow/dags/fintech_dag.py
[2024-12-20T18:33:30.645+0000] {logging_mixin.py:190} INFO - [2024-12-20T18:33:30.645+0000] {dag.py:3239} INFO - Sync 1 DAGs
[2024-12-20T18:33:30.662+0000] {logging_mixin.py:190} INFO - [2024-12-20T18:33:30.662+0000] {dag.py:4180} INFO - Setting next_dagrun for fintech_pipeline to None, run_after=None
[2024-12-20T18:33:30.678+0000] {processor.py:208} INFO - Processing /opt/airflow/dags/fintech_dag.py took 1.071 seconds
[2024-12-20T18:34:00.833+0000] {processor.py:186} INFO - Started process (PID=783) to work on /opt/airflow/dags/fintech_dag.py
[2024-12-20T18:34:00.834+0000] {processor.py:914} INFO - Processing file /opt/airflow/dags/fintech_dag.py for tasks to queue
[2024-12-20T18:34:00.837+0000] {logging_mixin.py:190} INFO - [2024-12-20T18:34:00.837+0000] {dagbag.py:588} INFO - Filling up the DagBag from /opt/airflow/dags/fintech_dag.py
[2024-12-20T18:34:01.921+0000] {processor.py:925} INFO - DAG(s) 'fintech_pipeline' retrieved from /opt/airflow/dags/fintech_dag.py
[2024-12-20T18:34:01.940+0000] {logging_mixin.py:190} INFO - [2024-12-20T18:34:01.940+0000] {dag.py:3239} INFO - Sync 1 DAGs
[2024-12-20T18:34:01.959+0000] {logging_mixin.py:190} INFO - [2024-12-20T18:34:01.958+0000] {dag.py:4180} INFO - Setting next_dagrun for fintech_pipeline to None, run_after=None
[2024-12-20T18:34:01.980+0000] {processor.py:208} INFO - Processing /opt/airflow/dags/fintech_dag.py took 1.153 seconds
[2024-12-20T18:34:32.057+0000] {processor.py:186} INFO - Started process (PID=802) to work on /opt/airflow/dags/fintech_dag.py
[2024-12-20T18:34:32.460+0000] {processor.py:914} INFO - Processing file /opt/airflow/dags/fintech_dag.py for tasks to queue
[2024-12-20T18:34:32.463+0000] {logging_mixin.py:190} INFO - [2024-12-20T18:34:32.463+0000] {dagbag.py:588} INFO - Filling up the DagBag from /opt/airflow/dags/fintech_dag.py
[2024-12-20T18:34:33.529+0000] {processor.py:925} INFO - DAG(s) 'fintech_pipeline' retrieved from /opt/airflow/dags/fintech_dag.py
[2024-12-20T18:34:33.552+0000] {logging_mixin.py:190} INFO - [2024-12-20T18:34:33.552+0000] {dag.py:3239} INFO - Sync 1 DAGs
[2024-12-20T18:34:33.570+0000] {logging_mixin.py:190} INFO - [2024-12-20T18:34:33.570+0000] {dag.py:4180} INFO - Setting next_dagrun for fintech_pipeline to None, run_after=None
[2024-12-20T18:34:33.589+0000] {processor.py:208} INFO - Processing /opt/airflow/dags/fintech_dag.py took 1.538 seconds
[2024-12-20T18:35:03.696+0000] {processor.py:186} INFO - Started process (PID=821) to work on /opt/airflow/dags/fintech_dag.py
[2024-12-20T18:35:03.697+0000] {processor.py:914} INFO - Processing file /opt/airflow/dags/fintech_dag.py for tasks to queue
[2024-12-20T18:35:03.699+0000] {logging_mixin.py:190} INFO - [2024-12-20T18:35:03.699+0000] {dagbag.py:588} INFO - Filling up the DagBag from /opt/airflow/dags/fintech_dag.py
[2024-12-20T18:35:04.903+0000] {processor.py:925} INFO - DAG(s) 'fintech_pipeline' retrieved from /opt/airflow/dags/fintech_dag.py
[2024-12-20T18:35:04.923+0000] {logging_mixin.py:190} INFO - [2024-12-20T18:35:04.923+0000] {dag.py:3239} INFO - Sync 1 DAGs
[2024-12-20T18:35:04.942+0000] {logging_mixin.py:190} INFO - [2024-12-20T18:35:04.942+0000] {dag.py:4180} INFO - Setting next_dagrun for fintech_pipeline to None, run_after=None
[2024-12-20T18:35:04.968+0000] {processor.py:208} INFO - Processing /opt/airflow/dags/fintech_dag.py took 1.280 seconds
[2024-12-20T18:35:35.080+0000] {processor.py:186} INFO - Started process (PID=840) to work on /opt/airflow/dags/fintech_dag.py
[2024-12-20T18:35:35.081+0000] {processor.py:914} INFO - Processing file /opt/airflow/dags/fintech_dag.py for tasks to queue
[2024-12-20T18:35:35.083+0000] {logging_mixin.py:190} INFO - [2024-12-20T18:35:35.083+0000] {dagbag.py:588} INFO - Filling up the DagBag from /opt/airflow/dags/fintech_dag.py
[2024-12-20T18:35:36.114+0000] {processor.py:925} INFO - DAG(s) 'fintech_pipeline' retrieved from /opt/airflow/dags/fintech_dag.py
[2024-12-20T18:35:36.134+0000] {logging_mixin.py:190} INFO - [2024-12-20T18:35:36.133+0000] {dag.py:3239} INFO - Sync 1 DAGs
[2024-12-20T18:35:36.151+0000] {logging_mixin.py:190} INFO - [2024-12-20T18:35:36.151+0000] {dag.py:4180} INFO - Setting next_dagrun for fintech_pipeline to None, run_after=None
[2024-12-20T18:35:36.175+0000] {processor.py:208} INFO - Processing /opt/airflow/dags/fintech_dag.py took 1.101 seconds
[2024-12-20T18:36:06.409+0000] {processor.py:186} INFO - Started process (PID=859) to work on /opt/airflow/dags/fintech_dag.py
[2024-12-20T18:36:06.410+0000] {processor.py:914} INFO - Processing file /opt/airflow/dags/fintech_dag.py for tasks to queue
[2024-12-20T18:36:06.414+0000] {logging_mixin.py:190} INFO - [2024-12-20T18:36:06.413+0000] {dagbag.py:588} INFO - Filling up the DagBag from /opt/airflow/dags/fintech_dag.py
[2024-12-20T18:36:07.680+0000] {processor.py:925} INFO - DAG(s) 'fintech_pipeline' retrieved from /opt/airflow/dags/fintech_dag.py
[2024-12-20T18:36:07.700+0000] {logging_mixin.py:190} INFO - [2024-12-20T18:36:07.700+0000] {dag.py:3239} INFO - Sync 1 DAGs
[2024-12-20T18:36:07.718+0000] {logging_mixin.py:190} INFO - [2024-12-20T18:36:07.718+0000] {dag.py:4180} INFO - Setting next_dagrun for fintech_pipeline to None, run_after=None
[2024-12-20T18:36:07.741+0000] {processor.py:208} INFO - Processing /opt/airflow/dags/fintech_dag.py took 1.339 seconds
[2024-12-20T18:36:37.980+0000] {processor.py:186} INFO - Started process (PID=878) to work on /opt/airflow/dags/fintech_dag.py
[2024-12-20T18:36:37.981+0000] {processor.py:914} INFO - Processing file /opt/airflow/dags/fintech_dag.py for tasks to queue
[2024-12-20T18:36:37.983+0000] {logging_mixin.py:190} INFO - [2024-12-20T18:36:37.983+0000] {dagbag.py:588} INFO - Filling up the DagBag from /opt/airflow/dags/fintech_dag.py
[2024-12-20T18:36:39.036+0000] {processor.py:925} INFO - DAG(s) 'fintech_pipeline' retrieved from /opt/airflow/dags/fintech_dag.py
[2024-12-20T18:36:39.056+0000] {logging_mixin.py:190} INFO - [2024-12-20T18:36:39.056+0000] {dag.py:3239} INFO - Sync 1 DAGs
[2024-12-20T18:36:39.072+0000] {logging_mixin.py:190} INFO - [2024-12-20T18:36:39.072+0000] {dag.py:4180} INFO - Setting next_dagrun for fintech_pipeline to None, run_after=None
[2024-12-20T18:36:39.088+0000] {processor.py:208} INFO - Processing /opt/airflow/dags/fintech_dag.py took 1.114 seconds
[2024-12-20T18:37:09.199+0000] {processor.py:186} INFO - Started process (PID=897) to work on /opt/airflow/dags/fintech_dag.py
[2024-12-20T18:37:09.201+0000] {processor.py:914} INFO - Processing file /opt/airflow/dags/fintech_dag.py for tasks to queue
[2024-12-20T18:37:09.203+0000] {logging_mixin.py:190} INFO - [2024-12-20T18:37:09.203+0000] {dagbag.py:588} INFO - Filling up the DagBag from /opt/airflow/dags/fintech_dag.py
[2024-12-20T18:37:10.307+0000] {processor.py:925} INFO - DAG(s) 'fintech_pipeline' retrieved from /opt/airflow/dags/fintech_dag.py
[2024-12-20T18:37:10.327+0000] {logging_mixin.py:190} INFO - [2024-12-20T18:37:10.326+0000] {dag.py:3239} INFO - Sync 1 DAGs
[2024-12-20T18:37:10.344+0000] {logging_mixin.py:190} INFO - [2024-12-20T18:37:10.344+0000] {dag.py:4180} INFO - Setting next_dagrun for fintech_pipeline to None, run_after=None
[2024-12-20T18:37:10.361+0000] {processor.py:208} INFO - Processing /opt/airflow/dags/fintech_dag.py took 1.168 seconds
[2024-12-20T18:37:40.536+0000] {processor.py:186} INFO - Started process (PID=916) to work on /opt/airflow/dags/fintech_dag.py
[2024-12-20T18:37:40.538+0000] {processor.py:914} INFO - Processing file /opt/airflow/dags/fintech_dag.py for tasks to queue
[2024-12-20T18:37:40.540+0000] {logging_mixin.py:190} INFO - [2024-12-20T18:37:40.540+0000] {dagbag.py:588} INFO - Filling up the DagBag from /opt/airflow/dags/fintech_dag.py
[2024-12-20T18:37:41.608+0000] {processor.py:925} INFO - DAG(s) 'fintech_pipeline' retrieved from /opt/airflow/dags/fintech_dag.py
[2024-12-20T18:37:41.628+0000] {logging_mixin.py:190} INFO - [2024-12-20T18:37:41.628+0000] {dag.py:3239} INFO - Sync 1 DAGs
[2024-12-20T18:37:41.645+0000] {logging_mixin.py:190} INFO - [2024-12-20T18:37:41.645+0000] {dag.py:4180} INFO - Setting next_dagrun for fintech_pipeline to None, run_after=None
[2024-12-20T18:37:41.671+0000] {processor.py:208} INFO - Processing /opt/airflow/dags/fintech_dag.py took 1.140 seconds
[2024-12-20T18:38:11.797+0000] {processor.py:186} INFO - Started process (PID=935) to work on /opt/airflow/dags/fintech_dag.py
[2024-12-20T18:38:11.798+0000] {processor.py:914} INFO - Processing file /opt/airflow/dags/fintech_dag.py for tasks to queue
[2024-12-20T18:38:11.800+0000] {logging_mixin.py:190} INFO - [2024-12-20T18:38:11.800+0000] {dagbag.py:588} INFO - Filling up the DagBag from /opt/airflow/dags/fintech_dag.py
[2024-12-20T18:38:12.854+0000] {processor.py:925} INFO - DAG(s) 'fintech_pipeline' retrieved from /opt/airflow/dags/fintech_dag.py
[2024-12-20T18:38:12.873+0000] {logging_mixin.py:190} INFO - [2024-12-20T18:38:12.873+0000] {dag.py:3239} INFO - Sync 1 DAGs
[2024-12-20T18:38:12.891+0000] {logging_mixin.py:190} INFO - [2024-12-20T18:38:12.891+0000] {dag.py:4180} INFO - Setting next_dagrun for fintech_pipeline to None, run_after=None
[2024-12-20T18:38:12.915+0000] {processor.py:208} INFO - Processing /opt/airflow/dags/fintech_dag.py took 1.123 seconds
[2024-12-20T18:38:43.116+0000] {processor.py:186} INFO - Started process (PID=954) to work on /opt/airflow/dags/fintech_dag.py
[2024-12-20T18:38:43.117+0000] {processor.py:914} INFO - Processing file /opt/airflow/dags/fintech_dag.py for tasks to queue
[2024-12-20T18:38:43.119+0000] {logging_mixin.py:190} INFO - [2024-12-20T18:38:43.119+0000] {dagbag.py:588} INFO - Filling up the DagBag from /opt/airflow/dags/fintech_dag.py
[2024-12-20T18:38:44.169+0000] {processor.py:925} INFO - DAG(s) 'fintech_pipeline' retrieved from /opt/airflow/dags/fintech_dag.py
[2024-12-20T18:38:44.189+0000] {logging_mixin.py:190} INFO - [2024-12-20T18:38:44.189+0000] {dag.py:3239} INFO - Sync 1 DAGs
[2024-12-20T18:38:44.207+0000] {logging_mixin.py:190} INFO - [2024-12-20T18:38:44.207+0000] {dag.py:4180} INFO - Setting next_dagrun for fintech_pipeline to None, run_after=None
[2024-12-20T18:38:44.223+0000] {processor.py:208} INFO - Processing /opt/airflow/dags/fintech_dag.py took 1.112 seconds
[2024-12-20T18:39:14.365+0000] {processor.py:186} INFO - Started process (PID=973) to work on /opt/airflow/dags/fintech_dag.py
[2024-12-20T18:39:14.367+0000] {processor.py:914} INFO - Processing file /opt/airflow/dags/fintech_dag.py for tasks to queue
[2024-12-20T18:39:14.371+0000] {logging_mixin.py:190} INFO - [2024-12-20T18:39:14.371+0000] {dagbag.py:588} INFO - Filling up the DagBag from /opt/airflow/dags/fintech_dag.py
[2024-12-20T18:39:15.644+0000] {processor.py:925} INFO - DAG(s) 'fintech_pipeline' retrieved from /opt/airflow/dags/fintech_dag.py
[2024-12-20T18:39:15.666+0000] {logging_mixin.py:190} INFO - [2024-12-20T18:39:15.666+0000] {dag.py:3239} INFO - Sync 1 DAGs
[2024-12-20T18:39:15.686+0000] {logging_mixin.py:190} INFO - [2024-12-20T18:39:15.685+0000] {dag.py:4180} INFO - Setting next_dagrun for fintech_pipeline to None, run_after=None
[2024-12-20T18:39:15.704+0000] {processor.py:208} INFO - Processing /opt/airflow/dags/fintech_dag.py took 1.346 seconds
[2024-12-20T18:39:45.935+0000] {processor.py:186} INFO - Started process (PID=992) to work on /opt/airflow/dags/fintech_dag.py
[2024-12-20T18:39:45.937+0000] {processor.py:914} INFO - Processing file /opt/airflow/dags/fintech_dag.py for tasks to queue
[2024-12-20T18:39:45.940+0000] {logging_mixin.py:190} INFO - [2024-12-20T18:39:45.939+0000] {dagbag.py:588} INFO - Filling up the DagBag from /opt/airflow/dags/fintech_dag.py
[2024-12-20T18:39:47.406+0000] {processor.py:925} INFO - DAG(s) 'fintech_pipeline' retrieved from /opt/airflow/dags/fintech_dag.py
[2024-12-20T18:39:47.434+0000] {logging_mixin.py:190} INFO - [2024-12-20T18:39:47.433+0000] {dag.py:3239} INFO - Sync 1 DAGs
[2024-12-20T18:39:47.470+0000] {logging_mixin.py:190} INFO - [2024-12-20T18:39:47.470+0000] {dag.py:4180} INFO - Setting next_dagrun for fintech_pipeline to None, run_after=None
[2024-12-20T18:39:47.493+0000] {processor.py:208} INFO - Processing /opt/airflow/dags/fintech_dag.py took 1.564 seconds
[2024-12-20T18:40:17.749+0000] {processor.py:186} INFO - Started process (PID=1011) to work on /opt/airflow/dags/fintech_dag.py
[2024-12-20T18:40:17.750+0000] {processor.py:914} INFO - Processing file /opt/airflow/dags/fintech_dag.py for tasks to queue
[2024-12-20T18:40:17.752+0000] {logging_mixin.py:190} INFO - [2024-12-20T18:40:17.752+0000] {dagbag.py:588} INFO - Filling up the DagBag from /opt/airflow/dags/fintech_dag.py
[2024-12-20T18:40:19.159+0000] {processor.py:925} INFO - DAG(s) 'fintech_pipeline' retrieved from /opt/airflow/dags/fintech_dag.py
[2024-12-20T18:40:19.193+0000] {logging_mixin.py:190} INFO - [2024-12-20T18:40:19.192+0000] {dag.py:3239} INFO - Sync 1 DAGs
[2024-12-20T18:40:19.218+0000] {logging_mixin.py:190} INFO - [2024-12-20T18:40:19.217+0000] {dag.py:4180} INFO - Setting next_dagrun for fintech_pipeline to None, run_after=None
[2024-12-20T18:40:19.241+0000] {processor.py:208} INFO - Processing /opt/airflow/dags/fintech_dag.py took 1.500 seconds
[2024-12-20T18:40:49.477+0000] {processor.py:186} INFO - Started process (PID=1030) to work on /opt/airflow/dags/fintech_dag.py
[2024-12-20T18:40:49.478+0000] {processor.py:914} INFO - Processing file /opt/airflow/dags/fintech_dag.py for tasks to queue
[2024-12-20T18:40:49.481+0000] {logging_mixin.py:190} INFO - [2024-12-20T18:40:49.480+0000] {dagbag.py:588} INFO - Filling up the DagBag from /opt/airflow/dags/fintech_dag.py
[2024-12-20T18:40:50.618+0000] {processor.py:925} INFO - DAG(s) 'fintech_pipeline' retrieved from /opt/airflow/dags/fintech_dag.py
[2024-12-20T18:40:50.642+0000] {logging_mixin.py:190} INFO - [2024-12-20T18:40:50.642+0000] {dag.py:3239} INFO - Sync 1 DAGs
[2024-12-20T18:40:50.662+0000] {logging_mixin.py:190} INFO - [2024-12-20T18:40:50.662+0000] {dag.py:4180} INFO - Setting next_dagrun for fintech_pipeline to None, run_after=None
[2024-12-20T18:40:50.681+0000] {processor.py:208} INFO - Processing /opt/airflow/dags/fintech_dag.py took 1.211 seconds
[2024-12-20T18:41:20.923+0000] {processor.py:186} INFO - Started process (PID=1050) to work on /opt/airflow/dags/fintech_dag.py
[2024-12-20T18:41:20.925+0000] {processor.py:914} INFO - Processing file /opt/airflow/dags/fintech_dag.py for tasks to queue
[2024-12-20T18:41:20.928+0000] {logging_mixin.py:190} INFO - [2024-12-20T18:41:20.928+0000] {dagbag.py:588} INFO - Filling up the DagBag from /opt/airflow/dags/fintech_dag.py
[2024-12-20T18:41:22.298+0000] {processor.py:925} INFO - DAG(s) 'fintech_pipeline' retrieved from /opt/airflow/dags/fintech_dag.py
[2024-12-20T18:41:22.318+0000] {logging_mixin.py:190} INFO - [2024-12-20T18:41:22.317+0000] {dag.py:3239} INFO - Sync 1 DAGs
[2024-12-20T18:41:22.336+0000] {logging_mixin.py:190} INFO - [2024-12-20T18:41:22.336+0000] {dag.py:4180} INFO - Setting next_dagrun for fintech_pipeline to None, run_after=None
[2024-12-20T18:41:22.361+0000] {processor.py:208} INFO - Processing /opt/airflow/dags/fintech_dag.py took 1.447 seconds
[2024-12-20T18:41:52.604+0000] {processor.py:186} INFO - Started process (PID=1075) to work on /opt/airflow/dags/fintech_dag.py
[2024-12-20T18:41:52.605+0000] {processor.py:914} INFO - Processing file /opt/airflow/dags/fintech_dag.py for tasks to queue
[2024-12-20T18:41:52.609+0000] {logging_mixin.py:190} INFO - [2024-12-20T18:41:52.608+0000] {dagbag.py:588} INFO - Filling up the DagBag from /opt/airflow/dags/fintech_dag.py
[2024-12-20T18:41:53.850+0000] {processor.py:925} INFO - DAG(s) 'fintech_pipeline' retrieved from /opt/airflow/dags/fintech_dag.py
[2024-12-20T18:41:53.875+0000] {logging_mixin.py:190} INFO - [2024-12-20T18:41:53.874+0000] {dag.py:3239} INFO - Sync 1 DAGs
[2024-12-20T18:41:53.896+0000] {logging_mixin.py:190} INFO - [2024-12-20T18:41:53.896+0000] {dag.py:4180} INFO - Setting next_dagrun for fintech_pipeline to None, run_after=None
[2024-12-20T18:41:53.918+0000] {processor.py:208} INFO - Processing /opt/airflow/dags/fintech_dag.py took 1.320 seconds
[2024-12-20T18:42:24.155+0000] {processor.py:186} INFO - Started process (PID=1094) to work on /opt/airflow/dags/fintech_dag.py
[2024-12-20T18:42:24.157+0000] {processor.py:914} INFO - Processing file /opt/airflow/dags/fintech_dag.py for tasks to queue
[2024-12-20T18:42:24.159+0000] {logging_mixin.py:190} INFO - [2024-12-20T18:42:24.159+0000] {dagbag.py:588} INFO - Filling up the DagBag from /opt/airflow/dags/fintech_dag.py
[2024-12-20T18:42:25.345+0000] {processor.py:925} INFO - DAG(s) 'fintech_pipeline' retrieved from /opt/airflow/dags/fintech_dag.py
[2024-12-20T18:42:25.372+0000] {logging_mixin.py:190} INFO - [2024-12-20T18:42:25.372+0000] {dag.py:3239} INFO - Sync 1 DAGs
[2024-12-20T18:42:25.401+0000] {logging_mixin.py:190} INFO - [2024-12-20T18:42:25.401+0000] {dag.py:4180} INFO - Setting next_dagrun for fintech_pipeline to None, run_after=None
[2024-12-20T18:42:25.427+0000] {processor.py:208} INFO - Processing /opt/airflow/dags/fintech_dag.py took 1.279 seconds
[2024-12-20T18:42:55.672+0000] {processor.py:186} INFO - Started process (PID=1113) to work on /opt/airflow/dags/fintech_dag.py
[2024-12-20T18:42:55.673+0000] {processor.py:914} INFO - Processing file /opt/airflow/dags/fintech_dag.py for tasks to queue
[2024-12-20T18:42:55.676+0000] {logging_mixin.py:190} INFO - [2024-12-20T18:42:55.676+0000] {dagbag.py:588} INFO - Filling up the DagBag from /opt/airflow/dags/fintech_dag.py
[2024-12-20T18:42:56.805+0000] {processor.py:925} INFO - DAG(s) 'fintech_pipeline' retrieved from /opt/airflow/dags/fintech_dag.py
[2024-12-20T18:42:56.829+0000] {logging_mixin.py:190} INFO - [2024-12-20T18:42:56.829+0000] {dag.py:3239} INFO - Sync 1 DAGs
[2024-12-20T18:42:56.852+0000] {logging_mixin.py:190} INFO - [2024-12-20T18:42:56.852+0000] {dag.py:4180} INFO - Setting next_dagrun for fintech_pipeline to None, run_after=None
[2024-12-20T18:42:56.873+0000] {processor.py:208} INFO - Processing /opt/airflow/dags/fintech_dag.py took 1.206 seconds
[2024-12-20T18:43:27.102+0000] {processor.py:186} INFO - Started process (PID=1133) to work on /opt/airflow/dags/fintech_dag.py
[2024-12-20T18:43:27.104+0000] {processor.py:914} INFO - Processing file /opt/airflow/dags/fintech_dag.py for tasks to queue
[2024-12-20T18:43:27.106+0000] {logging_mixin.py:190} INFO - [2024-12-20T18:43:27.106+0000] {dagbag.py:588} INFO - Filling up the DagBag from /opt/airflow/dags/fintech_dag.py
[2024-12-20T18:43:28.242+0000] {processor.py:925} INFO - DAG(s) 'fintech_pipeline' retrieved from /opt/airflow/dags/fintech_dag.py
[2024-12-20T18:43:28.263+0000] {logging_mixin.py:190} INFO - [2024-12-20T18:43:28.263+0000] {dag.py:3239} INFO - Sync 1 DAGs
[2024-12-20T18:43:28.283+0000] {logging_mixin.py:190} INFO - [2024-12-20T18:43:28.283+0000] {dag.py:4180} INFO - Setting next_dagrun for fintech_pipeline to None, run_after=None
[2024-12-20T18:43:28.310+0000] {processor.py:208} INFO - Processing /opt/airflow/dags/fintech_dag.py took 1.213 seconds
[2024-12-20T18:43:58.548+0000] {processor.py:186} INFO - Started process (PID=1152) to work on /opt/airflow/dags/fintech_dag.py
[2024-12-20T18:43:58.549+0000] {processor.py:914} INFO - Processing file /opt/airflow/dags/fintech_dag.py for tasks to queue
[2024-12-20T18:43:58.551+0000] {logging_mixin.py:190} INFO - [2024-12-20T18:43:58.551+0000] {dagbag.py:588} INFO - Filling up the DagBag from /opt/airflow/dags/fintech_dag.py
[2024-12-20T18:43:59.618+0000] {processor.py:925} INFO - DAG(s) 'fintech_pipeline' retrieved from /opt/airflow/dags/fintech_dag.py
[2024-12-20T18:43:59.638+0000] {logging_mixin.py:190} INFO - [2024-12-20T18:43:59.637+0000] {dag.py:3239} INFO - Sync 1 DAGs
[2024-12-20T18:43:59.654+0000] {logging_mixin.py:190} INFO - [2024-12-20T18:43:59.654+0000] {dag.py:4180} INFO - Setting next_dagrun for fintech_pipeline to None, run_after=None
[2024-12-20T18:43:59.679+0000] {processor.py:208} INFO - Processing /opt/airflow/dags/fintech_dag.py took 1.137 seconds
[2024-12-20T18:44:29.776+0000] {processor.py:186} INFO - Started process (PID=1171) to work on /opt/airflow/dags/fintech_dag.py
[2024-12-20T18:44:29.777+0000] {processor.py:914} INFO - Processing file /opt/airflow/dags/fintech_dag.py for tasks to queue
[2024-12-20T18:44:29.780+0000] {logging_mixin.py:190} INFO - [2024-12-20T18:44:29.779+0000] {dagbag.py:588} INFO - Filling up the DagBag from /opt/airflow/dags/fintech_dag.py
[2024-12-20T18:44:30.807+0000] {processor.py:925} INFO - DAG(s) 'fintech_pipeline' retrieved from /opt/airflow/dags/fintech_dag.py
[2024-12-20T18:44:30.827+0000] {logging_mixin.py:190} INFO - [2024-12-20T18:44:30.827+0000] {dag.py:3239} INFO - Sync 1 DAGs
[2024-12-20T18:44:30.845+0000] {logging_mixin.py:190} INFO - [2024-12-20T18:44:30.845+0000] {dag.py:4180} INFO - Setting next_dagrun for fintech_pipeline to None, run_after=None
[2024-12-20T18:44:30.862+0000] {processor.py:208} INFO - Processing /opt/airflow/dags/fintech_dag.py took 1.092 seconds
[2024-12-20T18:45:01.002+0000] {processor.py:186} INFO - Started process (PID=1190) to work on /opt/airflow/dags/fintech_dag.py
[2024-12-20T18:45:01.003+0000] {processor.py:914} INFO - Processing file /opt/airflow/dags/fintech_dag.py for tasks to queue
[2024-12-20T18:45:01.006+0000] {logging_mixin.py:190} INFO - [2024-12-20T18:45:01.006+0000] {dagbag.py:588} INFO - Filling up the DagBag from /opt/airflow/dags/fintech_dag.py
[2024-12-20T18:45:02.157+0000] {processor.py:925} INFO - DAG(s) 'fintech_pipeline' retrieved from /opt/airflow/dags/fintech_dag.py
[2024-12-20T18:45:02.177+0000] {logging_mixin.py:190} INFO - [2024-12-20T18:45:02.177+0000] {dag.py:3239} INFO - Sync 1 DAGs
[2024-12-20T18:45:02.195+0000] {logging_mixin.py:190} INFO - [2024-12-20T18:45:02.195+0000] {dag.py:4180} INFO - Setting next_dagrun for fintech_pipeline to None, run_after=None
[2024-12-20T18:45:02.213+0000] {processor.py:208} INFO - Processing /opt/airflow/dags/fintech_dag.py took 1.218 seconds
[2024-12-20T18:45:32.348+0000] {processor.py:186} INFO - Started process (PID=1209) to work on /opt/airflow/dags/fintech_dag.py
[2024-12-20T18:45:32.349+0000] {processor.py:914} INFO - Processing file /opt/airflow/dags/fintech_dag.py for tasks to queue
[2024-12-20T18:45:32.351+0000] {logging_mixin.py:190} INFO - [2024-12-20T18:45:32.351+0000] {dagbag.py:588} INFO - Filling up the DagBag from /opt/airflow/dags/fintech_dag.py
[2024-12-20T18:45:33.393+0000] {processor.py:925} INFO - DAG(s) 'fintech_pipeline' retrieved from /opt/airflow/dags/fintech_dag.py
[2024-12-20T18:45:33.415+0000] {logging_mixin.py:190} INFO - [2024-12-20T18:45:33.415+0000] {dag.py:3239} INFO - Sync 1 DAGs
[2024-12-20T18:45:33.436+0000] {logging_mixin.py:190} INFO - [2024-12-20T18:45:33.435+0000] {dag.py:4180} INFO - Setting next_dagrun for fintech_pipeline to None, run_after=None
[2024-12-20T18:45:33.453+0000] {processor.py:208} INFO - Processing /opt/airflow/dags/fintech_dag.py took 1.111 seconds
[2024-12-20T18:46:03.665+0000] {processor.py:186} INFO - Started process (PID=1228) to work on /opt/airflow/dags/fintech_dag.py
[2024-12-20T18:46:03.666+0000] {processor.py:914} INFO - Processing file /opt/airflow/dags/fintech_dag.py for tasks to queue
[2024-12-20T18:46:03.669+0000] {logging_mixin.py:190} INFO - [2024-12-20T18:46:03.669+0000] {dagbag.py:588} INFO - Filling up the DagBag from /opt/airflow/dags/fintech_dag.py
[2024-12-20T18:46:04.726+0000] {processor.py:925} INFO - DAG(s) 'fintech_pipeline' retrieved from /opt/airflow/dags/fintech_dag.py
[2024-12-20T18:46:04.750+0000] {logging_mixin.py:190} INFO - [2024-12-20T18:46:04.749+0000] {dag.py:3239} INFO - Sync 1 DAGs
[2024-12-20T18:46:04.770+0000] {logging_mixin.py:190} INFO - [2024-12-20T18:46:04.770+0000] {dag.py:4180} INFO - Setting next_dagrun for fintech_pipeline to None, run_after=None
[2024-12-20T18:46:04.794+0000] {processor.py:208} INFO - Processing /opt/airflow/dags/fintech_dag.py took 1.135 seconds
[2024-12-20T18:46:34.900+0000] {processor.py:186} INFO - Started process (PID=1247) to work on /opt/airflow/dags/fintech_dag.py
[2024-12-20T18:46:34.901+0000] {processor.py:914} INFO - Processing file /opt/airflow/dags/fintech_dag.py for tasks to queue
[2024-12-20T18:46:34.903+0000] {logging_mixin.py:190} INFO - [2024-12-20T18:46:34.903+0000] {dagbag.py:588} INFO - Filling up the DagBag from /opt/airflow/dags/fintech_dag.py
[2024-12-20T18:46:35.960+0000] {processor.py:925} INFO - DAG(s) 'fintech_pipeline' retrieved from /opt/airflow/dags/fintech_dag.py
[2024-12-20T18:46:35.980+0000] {logging_mixin.py:190} INFO - [2024-12-20T18:46:35.980+0000] {dag.py:3239} INFO - Sync 1 DAGs
[2024-12-20T18:46:35.998+0000] {logging_mixin.py:190} INFO - [2024-12-20T18:46:35.997+0000] {dag.py:4180} INFO - Setting next_dagrun for fintech_pipeline to None, run_after=None
[2024-12-20T18:46:36.016+0000] {processor.py:208} INFO - Processing /opt/airflow/dags/fintech_dag.py took 1.122 seconds
[2024-12-20T18:47:06.245+0000] {processor.py:186} INFO - Started process (PID=1266) to work on /opt/airflow/dags/fintech_dag.py
[2024-12-20T18:47:06.246+0000] {processor.py:914} INFO - Processing file /opt/airflow/dags/fintech_dag.py for tasks to queue
[2024-12-20T18:47:06.248+0000] {logging_mixin.py:190} INFO - [2024-12-20T18:47:06.248+0000] {dagbag.py:588} INFO - Filling up the DagBag from /opt/airflow/dags/fintech_dag.py
[2024-12-20T18:47:07.298+0000] {processor.py:925} INFO - DAG(s) 'fintech_pipeline' retrieved from /opt/airflow/dags/fintech_dag.py
[2024-12-20T18:47:07.318+0000] {logging_mixin.py:190} INFO - [2024-12-20T18:47:07.317+0000] {dag.py:3239} INFO - Sync 1 DAGs
[2024-12-20T18:47:07.338+0000] {logging_mixin.py:190} INFO - [2024-12-20T18:47:07.338+0000] {dag.py:4180} INFO - Setting next_dagrun for fintech_pipeline to None, run_after=None
[2024-12-20T18:47:07.355+0000] {processor.py:208} INFO - Processing /opt/airflow/dags/fintech_dag.py took 1.116 seconds
[2024-12-20T18:47:37.468+0000] {processor.py:186} INFO - Started process (PID=1285) to work on /opt/airflow/dags/fintech_dag.py
[2024-12-20T18:47:37.470+0000] {processor.py:914} INFO - Processing file /opt/airflow/dags/fintech_dag.py for tasks to queue
[2024-12-20T18:47:37.472+0000] {logging_mixin.py:190} INFO - [2024-12-20T18:47:37.472+0000] {dagbag.py:588} INFO - Filling up the DagBag from /opt/airflow/dags/fintech_dag.py
[2024-12-20T18:47:38.517+0000] {processor.py:925} INFO - DAG(s) 'fintech_pipeline' retrieved from /opt/airflow/dags/fintech_dag.py
[2024-12-20T18:47:38.537+0000] {logging_mixin.py:190} INFO - [2024-12-20T18:47:38.537+0000] {dag.py:3239} INFO - Sync 1 DAGs
[2024-12-20T18:47:38.557+0000] {logging_mixin.py:190} INFO - [2024-12-20T18:47:38.557+0000] {dag.py:4180} INFO - Setting next_dagrun for fintech_pipeline to None, run_after=None
[2024-12-20T18:47:38.575+0000] {processor.py:208} INFO - Processing /opt/airflow/dags/fintech_dag.py took 1.113 seconds
[2024-12-20T18:48:08.804+0000] {processor.py:186} INFO - Started process (PID=1304) to work on /opt/airflow/dags/fintech_dag.py
[2024-12-20T18:48:08.805+0000] {processor.py:914} INFO - Processing file /opt/airflow/dags/fintech_dag.py for tasks to queue
[2024-12-20T18:48:08.807+0000] {logging_mixin.py:190} INFO - [2024-12-20T18:48:08.806+0000] {dagbag.py:588} INFO - Filling up the DagBag from /opt/airflow/dags/fintech_dag.py
[2024-12-20T18:48:09.832+0000] {processor.py:925} INFO - DAG(s) 'fintech_pipeline' retrieved from /opt/airflow/dags/fintech_dag.py
[2024-12-20T18:48:09.853+0000] {logging_mixin.py:190} INFO - [2024-12-20T18:48:09.852+0000] {dag.py:3239} INFO - Sync 1 DAGs
[2024-12-20T18:48:09.871+0000] {logging_mixin.py:190} INFO - [2024-12-20T18:48:09.871+0000] {dag.py:4180} INFO - Setting next_dagrun for fintech_pipeline to None, run_after=None
[2024-12-20T18:48:09.887+0000] {processor.py:208} INFO - Processing /opt/airflow/dags/fintech_dag.py took 1.090 seconds
[2024-12-20T18:48:40.038+0000] {processor.py:186} INFO - Started process (PID=1323) to work on /opt/airflow/dags/fintech_dag.py
[2024-12-20T18:48:40.039+0000] {processor.py:914} INFO - Processing file /opt/airflow/dags/fintech_dag.py for tasks to queue
[2024-12-20T18:48:40.042+0000] {logging_mixin.py:190} INFO - [2024-12-20T18:48:40.041+0000] {dagbag.py:588} INFO - Filling up the DagBag from /opt/airflow/dags/fintech_dag.py
[2024-12-20T18:48:41.084+0000] {processor.py:925} INFO - DAG(s) 'fintech_pipeline' retrieved from /opt/airflow/dags/fintech_dag.py
[2024-12-20T18:48:41.104+0000] {logging_mixin.py:190} INFO - [2024-12-20T18:48:41.104+0000] {dag.py:3239} INFO - Sync 1 DAGs
[2024-12-20T18:48:41.121+0000] {logging_mixin.py:190} INFO - [2024-12-20T18:48:41.120+0000] {dag.py:4180} INFO - Setting next_dagrun for fintech_pipeline to None, run_after=None
[2024-12-20T18:48:41.137+0000] {processor.py:208} INFO - Processing /opt/airflow/dags/fintech_dag.py took 1.104 seconds
[2024-12-20T18:49:11.451+0000] {processor.py:186} INFO - Started process (PID=1343) to work on /opt/airflow/dags/fintech_dag.py
[2024-12-20T18:49:11.452+0000] {processor.py:914} INFO - Processing file /opt/airflow/dags/fintech_dag.py for tasks to queue
[2024-12-20T18:49:11.454+0000] {logging_mixin.py:190} INFO - [2024-12-20T18:49:11.454+0000] {dagbag.py:588} INFO - Filling up the DagBag from /opt/airflow/dags/fintech_dag.py
[2024-12-20T18:49:12.685+0000] {processor.py:925} INFO - DAG(s) 'fintech_pipeline' retrieved from /opt/airflow/dags/fintech_dag.py
[2024-12-20T18:49:12.706+0000] {logging_mixin.py:190} INFO - [2024-12-20T18:49:12.705+0000] {dag.py:3239} INFO - Sync 1 DAGs
[2024-12-20T18:49:12.728+0000] {logging_mixin.py:190} INFO - [2024-12-20T18:49:12.728+0000] {dag.py:4180} INFO - Setting next_dagrun for fintech_pipeline to None, run_after=None
[2024-12-20T18:49:12.756+0000] {processor.py:208} INFO - Processing /opt/airflow/dags/fintech_dag.py took 1.310 seconds
[2024-12-20T18:49:42.987+0000] {processor.py:186} INFO - Started process (PID=1362) to work on /opt/airflow/dags/fintech_dag.py
[2024-12-20T18:49:42.988+0000] {processor.py:914} INFO - Processing file /opt/airflow/dags/fintech_dag.py for tasks to queue
[2024-12-20T18:49:42.991+0000] {logging_mixin.py:190} INFO - [2024-12-20T18:49:42.991+0000] {dagbag.py:588} INFO - Filling up the DagBag from /opt/airflow/dags/fintech_dag.py
[2024-12-20T18:49:44.098+0000] {processor.py:925} INFO - DAG(s) 'fintech_pipeline' retrieved from /opt/airflow/dags/fintech_dag.py
[2024-12-20T18:49:44.120+0000] {logging_mixin.py:190} INFO - [2024-12-20T18:49:44.120+0000] {dag.py:3239} INFO - Sync 1 DAGs
[2024-12-20T18:49:44.141+0000] {logging_mixin.py:190} INFO - [2024-12-20T18:49:44.140+0000] {dag.py:4180} INFO - Setting next_dagrun for fintech_pipeline to None, run_after=None
[2024-12-20T18:49:44.159+0000] {processor.py:208} INFO - Processing /opt/airflow/dags/fintech_dag.py took 1.177 seconds
[2024-12-20T18:50:14.383+0000] {processor.py:186} INFO - Started process (PID=1381) to work on /opt/airflow/dags/fintech_dag.py
[2024-12-20T18:50:14.384+0000] {processor.py:914} INFO - Processing file /opt/airflow/dags/fintech_dag.py for tasks to queue
[2024-12-20T18:50:14.387+0000] {logging_mixin.py:190} INFO - [2024-12-20T18:50:14.386+0000] {dagbag.py:588} INFO - Filling up the DagBag from /opt/airflow/dags/fintech_dag.py
[2024-12-20T18:50:15.485+0000] {processor.py:925} INFO - DAG(s) 'fintech_pipeline' retrieved from /opt/airflow/dags/fintech_dag.py
[2024-12-20T18:50:15.507+0000] {logging_mixin.py:190} INFO - [2024-12-20T18:50:15.506+0000] {dag.py:3239} INFO - Sync 1 DAGs
[2024-12-20T18:50:15.527+0000] {logging_mixin.py:190} INFO - [2024-12-20T18:50:15.527+0000] {dag.py:4180} INFO - Setting next_dagrun for fintech_pipeline to None, run_after=None
[2024-12-20T18:50:15.547+0000] {processor.py:208} INFO - Processing /opt/airflow/dags/fintech_dag.py took 1.170 seconds
[2024-12-20T18:50:45.674+0000] {processor.py:186} INFO - Started process (PID=1400) to work on /opt/airflow/dags/fintech_dag.py
[2024-12-20T18:50:45.675+0000] {processor.py:914} INFO - Processing file /opt/airflow/dags/fintech_dag.py for tasks to queue
[2024-12-20T18:50:45.678+0000] {logging_mixin.py:190} INFO - [2024-12-20T18:50:45.677+0000] {dagbag.py:588} INFO - Filling up the DagBag from /opt/airflow/dags/fintech_dag.py
[2024-12-20T18:50:46.836+0000] {processor.py:925} INFO - DAG(s) 'fintech_pipeline' retrieved from /opt/airflow/dags/fintech_dag.py
[2024-12-20T18:50:46.859+0000] {logging_mixin.py:190} INFO - [2024-12-20T18:50:46.859+0000] {dag.py:3239} INFO - Sync 1 DAGs
[2024-12-20T18:50:46.880+0000] {logging_mixin.py:190} INFO - [2024-12-20T18:50:46.880+0000] {dag.py:4180} INFO - Setting next_dagrun for fintech_pipeline to None, run_after=None
[2024-12-20T18:50:46.907+0000] {processor.py:208} INFO - Processing /opt/airflow/dags/fintech_dag.py took 1.239 seconds
[2024-12-20T18:51:16.973+0000] {processor.py:186} INFO - Started process (PID=1419) to work on /opt/airflow/dags/fintech_dag.py
[2024-12-20T18:51:16.974+0000] {processor.py:914} INFO - Processing file /opt/airflow/dags/fintech_dag.py for tasks to queue
[2024-12-20T18:51:16.977+0000] {logging_mixin.py:190} INFO - [2024-12-20T18:51:16.976+0000] {dagbag.py:588} INFO - Filling up the DagBag from /opt/airflow/dags/fintech_dag.py
[2024-12-20T18:51:18.095+0000] {processor.py:925} INFO - DAG(s) 'fintech_pipeline' retrieved from /opt/airflow/dags/fintech_dag.py
[2024-12-20T18:51:18.115+0000] {logging_mixin.py:190} INFO - [2024-12-20T18:51:18.115+0000] {dag.py:3239} INFO - Sync 1 DAGs
[2024-12-20T18:51:18.134+0000] {logging_mixin.py:190} INFO - [2024-12-20T18:51:18.133+0000] {dag.py:4180} INFO - Setting next_dagrun for fintech_pipeline to None, run_after=None
[2024-12-20T18:51:18.152+0000] {processor.py:208} INFO - Processing /opt/airflow/dags/fintech_dag.py took 1.185 seconds
[2024-12-20T18:51:48.332+0000] {processor.py:186} INFO - Started process (PID=1438) to work on /opt/airflow/dags/fintech_dag.py
[2024-12-20T18:51:48.333+0000] {processor.py:914} INFO - Processing file /opt/airflow/dags/fintech_dag.py for tasks to queue
[2024-12-20T18:51:48.336+0000] {logging_mixin.py:190} INFO - [2024-12-20T18:51:48.336+0000] {dagbag.py:588} INFO - Filling up the DagBag from /opt/airflow/dags/fintech_dag.py
[2024-12-20T18:51:49.430+0000] {processor.py:925} INFO - DAG(s) 'fintech_pipeline' retrieved from /opt/airflow/dags/fintech_dag.py
[2024-12-20T18:51:49.451+0000] {logging_mixin.py:190} INFO - [2024-12-20T18:51:49.451+0000] {dag.py:3239} INFO - Sync 1 DAGs
[2024-12-20T18:51:49.469+0000] {logging_mixin.py:190} INFO - [2024-12-20T18:51:49.469+0000] {dag.py:4180} INFO - Setting next_dagrun for fintech_pipeline to None, run_after=None
[2024-12-20T18:51:49.488+0000] {processor.py:208} INFO - Processing /opt/airflow/dags/fintech_dag.py took 1.163 seconds
[2024-12-20T18:52:19.570+0000] {processor.py:186} INFO - Started process (PID=1457) to work on /opt/airflow/dags/fintech_dag.py
[2024-12-20T18:52:19.571+0000] {processor.py:914} INFO - Processing file /opt/airflow/dags/fintech_dag.py for tasks to queue
[2024-12-20T18:52:19.574+0000] {logging_mixin.py:190} INFO - [2024-12-20T18:52:19.574+0000] {dagbag.py:588} INFO - Filling up the DagBag from /opt/airflow/dags/fintech_dag.py
[2024-12-20T18:52:21.122+0000] {processor.py:925} INFO - DAG(s) 'fintech_pipeline' retrieved from /opt/airflow/dags/fintech_dag.py
[2024-12-20T18:52:21.152+0000] {logging_mixin.py:190} INFO - [2024-12-20T18:52:21.151+0000] {dag.py:3239} INFO - Sync 1 DAGs
[2024-12-20T18:52:21.177+0000] {logging_mixin.py:190} INFO - [2024-12-20T18:52:21.177+0000] {dag.py:4180} INFO - Setting next_dagrun for fintech_pipeline to None, run_after=None
[2024-12-20T18:52:21.205+0000] {processor.py:208} INFO - Processing /opt/airflow/dags/fintech_dag.py took 1.642 seconds
[2024-12-20T18:52:51.455+0000] {processor.py:186} INFO - Started process (PID=1477) to work on /opt/airflow/dags/fintech_dag.py
[2024-12-20T18:52:51.457+0000] {processor.py:914} INFO - Processing file /opt/airflow/dags/fintech_dag.py for tasks to queue
[2024-12-20T18:52:51.460+0000] {logging_mixin.py:190} INFO - [2024-12-20T18:52:51.460+0000] {dagbag.py:588} INFO - Filling up the DagBag from /opt/airflow/dags/fintech_dag.py
[2024-12-20T18:52:52.820+0000] {processor.py:925} INFO - DAG(s) 'fintech_pipeline' retrieved from /opt/airflow/dags/fintech_dag.py
[2024-12-20T18:52:52.844+0000] {logging_mixin.py:190} INFO - [2024-12-20T18:52:52.844+0000] {dag.py:3239} INFO - Sync 1 DAGs
[2024-12-20T18:52:52.868+0000] {logging_mixin.py:190} INFO - [2024-12-20T18:52:52.868+0000] {dag.py:4180} INFO - Setting next_dagrun for fintech_pipeline to None, run_after=None
[2024-12-20T18:52:52.893+0000] {processor.py:208} INFO - Processing /opt/airflow/dags/fintech_dag.py took 1.447 seconds
[2024-12-20T18:53:23.142+0000] {processor.py:186} INFO - Started process (PID=1502) to work on /opt/airflow/dags/fintech_dag.py
[2024-12-20T18:53:23.143+0000] {processor.py:914} INFO - Processing file /opt/airflow/dags/fintech_dag.py for tasks to queue
[2024-12-20T18:53:23.146+0000] {logging_mixin.py:190} INFO - [2024-12-20T18:53:23.145+0000] {dagbag.py:588} INFO - Filling up the DagBag from /opt/airflow/dags/fintech_dag.py
[2024-12-20T18:53:24.381+0000] {processor.py:925} INFO - DAG(s) 'fintech_pipeline' retrieved from /opt/airflow/dags/fintech_dag.py
[2024-12-20T18:53:24.403+0000] {logging_mixin.py:190} INFO - [2024-12-20T18:53:24.403+0000] {dag.py:3239} INFO - Sync 1 DAGs
[2024-12-20T18:53:24.422+0000] {logging_mixin.py:190} INFO - [2024-12-20T18:53:24.422+0000] {dag.py:4180} INFO - Setting next_dagrun for fintech_pipeline to None, run_after=None
[2024-12-20T18:53:24.446+0000] {processor.py:208} INFO - Processing /opt/airflow/dags/fintech_dag.py took 1.311 seconds
[2024-12-20T18:53:54.693+0000] {processor.py:186} INFO - Started process (PID=1521) to work on /opt/airflow/dags/fintech_dag.py
[2024-12-20T18:53:54.694+0000] {processor.py:914} INFO - Processing file /opt/airflow/dags/fintech_dag.py for tasks to queue
[2024-12-20T18:53:54.697+0000] {logging_mixin.py:190} INFO - [2024-12-20T18:53:54.696+0000] {dagbag.py:588} INFO - Filling up the DagBag from /opt/airflow/dags/fintech_dag.py
[2024-12-20T18:53:55.814+0000] {processor.py:925} INFO - DAG(s) 'fintech_pipeline' retrieved from /opt/airflow/dags/fintech_dag.py
[2024-12-20T18:53:55.837+0000] {logging_mixin.py:190} INFO - [2024-12-20T18:53:55.836+0000] {dag.py:3239} INFO - Sync 1 DAGs
[2024-12-20T18:53:55.857+0000] {logging_mixin.py:190} INFO - [2024-12-20T18:53:55.857+0000] {dag.py:4180} INFO - Setting next_dagrun for fintech_pipeline to None, run_after=None
[2024-12-20T18:53:55.883+0000] {processor.py:208} INFO - Processing /opt/airflow/dags/fintech_dag.py took 1.197 seconds
[2024-12-20T18:54:26.127+0000] {processor.py:186} INFO - Started process (PID=1540) to work on /opt/airflow/dags/fintech_dag.py
[2024-12-20T18:54:26.128+0000] {processor.py:914} INFO - Processing file /opt/airflow/dags/fintech_dag.py for tasks to queue
[2024-12-20T18:54:26.131+0000] {logging_mixin.py:190} INFO - [2024-12-20T18:54:26.130+0000] {dagbag.py:588} INFO - Filling up the DagBag from /opt/airflow/dags/fintech_dag.py
[2024-12-20T18:54:27.256+0000] {processor.py:925} INFO - DAG(s) 'fintech_pipeline' retrieved from /opt/airflow/dags/fintech_dag.py
[2024-12-20T18:54:27.276+0000] {logging_mixin.py:190} INFO - [2024-12-20T18:54:27.276+0000] {dag.py:3239} INFO - Sync 1 DAGs
[2024-12-20T18:54:27.294+0000] {logging_mixin.py:190} INFO - [2024-12-20T18:54:27.294+0000] {dag.py:4180} INFO - Setting next_dagrun for fintech_pipeline to None, run_after=None
[2024-12-20T18:54:27.317+0000] {processor.py:208} INFO - Processing /opt/airflow/dags/fintech_dag.py took 1.197 seconds
[2024-12-20T18:54:57.558+0000] {processor.py:186} INFO - Started process (PID=1559) to work on /opt/airflow/dags/fintech_dag.py
[2024-12-20T18:54:57.559+0000] {processor.py:914} INFO - Processing file /opt/airflow/dags/fintech_dag.py for tasks to queue
[2024-12-20T18:54:57.563+0000] {logging_mixin.py:190} INFO - [2024-12-20T18:54:57.563+0000] {dagbag.py:588} INFO - Filling up the DagBag from /opt/airflow/dags/fintech_dag.py
[2024-12-20T18:54:58.840+0000] {processor.py:925} INFO - DAG(s) 'fintech_pipeline' retrieved from /opt/airflow/dags/fintech_dag.py
[2024-12-20T18:54:58.861+0000] {logging_mixin.py:190} INFO - [2024-12-20T18:54:58.861+0000] {dag.py:3239} INFO - Sync 1 DAGs
[2024-12-20T18:54:58.880+0000] {logging_mixin.py:190} INFO - [2024-12-20T18:54:58.880+0000] {dag.py:4180} INFO - Setting next_dagrun for fintech_pipeline to None, run_after=None
[2024-12-20T18:54:58.900+0000] {processor.py:208} INFO - Processing /opt/airflow/dags/fintech_dag.py took 1.350 seconds
[2024-12-20T18:55:29.148+0000] {processor.py:186} INFO - Started process (PID=1578) to work on /opt/airflow/dags/fintech_dag.py
[2024-12-20T18:55:29.150+0000] {processor.py:914} INFO - Processing file /opt/airflow/dags/fintech_dag.py for tasks to queue
[2024-12-20T18:55:29.152+0000] {logging_mixin.py:190} INFO - [2024-12-20T18:55:29.152+0000] {dagbag.py:588} INFO - Filling up the DagBag from /opt/airflow/dags/fintech_dag.py
[2024-12-20T18:55:30.296+0000] {processor.py:925} INFO - DAG(s) 'fintech_pipeline' retrieved from /opt/airflow/dags/fintech_dag.py
[2024-12-20T18:55:30.317+0000] {logging_mixin.py:190} INFO - [2024-12-20T18:55:30.317+0000] {dag.py:3239} INFO - Sync 1 DAGs
[2024-12-20T18:55:30.336+0000] {logging_mixin.py:190} INFO - [2024-12-20T18:55:30.336+0000] {dag.py:4180} INFO - Setting next_dagrun for fintech_pipeline to None, run_after=None
[2024-12-20T18:55:30.361+0000] {processor.py:208} INFO - Processing /opt/airflow/dags/fintech_dag.py took 1.219 seconds
[2024-12-20T18:56:00.599+0000] {processor.py:186} INFO - Started process (PID=1597) to work on /opt/airflow/dags/fintech_dag.py
[2024-12-20T18:56:00.600+0000] {processor.py:914} INFO - Processing file /opt/airflow/dags/fintech_dag.py for tasks to queue
[2024-12-20T18:56:00.603+0000] {logging_mixin.py:190} INFO - [2024-12-20T18:56:00.602+0000] {dagbag.py:588} INFO - Filling up the DagBag from /opt/airflow/dags/fintech_dag.py
[2024-12-20T18:56:01.778+0000] {processor.py:925} INFO - DAG(s) 'fintech_pipeline' retrieved from /opt/airflow/dags/fintech_dag.py
[2024-12-20T18:56:01.805+0000] {logging_mixin.py:190} INFO - [2024-12-20T18:56:01.805+0000] {dag.py:3239} INFO - Sync 1 DAGs
[2024-12-20T18:56:01.828+0000] {logging_mixin.py:190} INFO - [2024-12-20T18:56:01.828+0000] {dag.py:4180} INFO - Setting next_dagrun for fintech_pipeline to None, run_after=None
[2024-12-20T18:56:01.854+0000] {processor.py:208} INFO - Processing /opt/airflow/dags/fintech_dag.py took 1.261 seconds
[2024-12-20T18:56:32.093+0000] {processor.py:186} INFO - Started process (PID=1616) to work on /opt/airflow/dags/fintech_dag.py
[2024-12-20T18:56:32.095+0000] {processor.py:914} INFO - Processing file /opt/airflow/dags/fintech_dag.py for tasks to queue
[2024-12-20T18:56:32.097+0000] {logging_mixin.py:190} INFO - [2024-12-20T18:56:32.097+0000] {dagbag.py:588} INFO - Filling up the DagBag from /opt/airflow/dags/fintech_dag.py
[2024-12-20T18:56:33.194+0000] {processor.py:925} INFO - DAG(s) 'fintech_pipeline' retrieved from /opt/airflow/dags/fintech_dag.py
[2024-12-20T18:56:33.217+0000] {logging_mixin.py:190} INFO - [2024-12-20T18:56:33.216+0000] {dag.py:3239} INFO - Sync 1 DAGs
[2024-12-20T18:56:33.235+0000] {logging_mixin.py:190} INFO - [2024-12-20T18:56:33.235+0000] {dag.py:4180} INFO - Setting next_dagrun for fintech_pipeline to None, run_after=None
[2024-12-20T18:56:33.256+0000] {processor.py:208} INFO - Processing /opt/airflow/dags/fintech_dag.py took 1.168 seconds
[2024-12-20T18:57:03.314+0000] {processor.py:186} INFO - Started process (PID=1635) to work on /opt/airflow/dags/fintech_dag.py
[2024-12-20T18:57:03.315+0000] {processor.py:914} INFO - Processing file /opt/airflow/dags/fintech_dag.py for tasks to queue
[2024-12-20T18:57:03.317+0000] {logging_mixin.py:190} INFO - [2024-12-20T18:57:03.317+0000] {dagbag.py:588} INFO - Filling up the DagBag from /opt/airflow/dags/fintech_dag.py
[2024-12-20T18:57:04.461+0000] {processor.py:925} INFO - DAG(s) 'fintech_pipeline' retrieved from /opt/airflow/dags/fintech_dag.py
[2024-12-20T18:57:04.486+0000] {logging_mixin.py:190} INFO - [2024-12-20T18:57:04.486+0000] {dag.py:3239} INFO - Sync 1 DAGs
[2024-12-20T18:57:04.509+0000] {logging_mixin.py:190} INFO - [2024-12-20T18:57:04.509+0000] {dag.py:4180} INFO - Setting next_dagrun for fintech_pipeline to None, run_after=None
[2024-12-20T18:57:04.528+0000] {processor.py:208} INFO - Processing /opt/airflow/dags/fintech_dag.py took 1.220 seconds
[2024-12-20T18:57:34.705+0000] {processor.py:186} INFO - Started process (PID=1654) to work on /opt/airflow/dags/fintech_dag.py
[2024-12-20T18:57:34.707+0000] {processor.py:914} INFO - Processing file /opt/airflow/dags/fintech_dag.py for tasks to queue
[2024-12-20T18:57:34.710+0000] {logging_mixin.py:190} INFO - [2024-12-20T18:57:34.709+0000] {dagbag.py:588} INFO - Filling up the DagBag from /opt/airflow/dags/fintech_dag.py
[2024-12-20T18:57:35.788+0000] {processor.py:925} INFO - DAG(s) 'fintech_pipeline' retrieved from /opt/airflow/dags/fintech_dag.py
[2024-12-20T18:57:35.812+0000] {logging_mixin.py:190} INFO - [2024-12-20T18:57:35.811+0000] {dag.py:3239} INFO - Sync 1 DAGs
[2024-12-20T18:57:35.835+0000] {logging_mixin.py:190} INFO - [2024-12-20T18:57:35.835+0000] {dag.py:4180} INFO - Setting next_dagrun for fintech_pipeline to None, run_after=None
[2024-12-20T18:57:35.852+0000] {processor.py:208} INFO - Processing /opt/airflow/dags/fintech_dag.py took 1.153 seconds
[2024-12-20T18:58:05.956+0000] {processor.py:186} INFO - Started process (PID=1673) to work on /opt/airflow/dags/fintech_dag.py
[2024-12-20T18:58:05.957+0000] {processor.py:914} INFO - Processing file /opt/airflow/dags/fintech_dag.py for tasks to queue
[2024-12-20T18:58:05.960+0000] {logging_mixin.py:190} INFO - [2024-12-20T18:58:05.960+0000] {dagbag.py:588} INFO - Filling up the DagBag from /opt/airflow/dags/fintech_dag.py
[2024-12-20T18:58:07.046+0000] {processor.py:925} INFO - DAG(s) 'fintech_pipeline' retrieved from /opt/airflow/dags/fintech_dag.py
[2024-12-20T18:58:07.067+0000] {logging_mixin.py:190} INFO - [2024-12-20T18:58:07.066+0000] {dag.py:3239} INFO - Sync 1 DAGs
[2024-12-20T18:58:07.084+0000] {logging_mixin.py:190} INFO - [2024-12-20T18:58:07.084+0000] {dag.py:4180} INFO - Setting next_dagrun for fintech_pipeline to None, run_after=None
[2024-12-20T18:58:07.103+0000] {processor.py:208} INFO - Processing /opt/airflow/dags/fintech_dag.py took 1.153 seconds
[2024-12-20T18:58:37.307+0000] {processor.py:186} INFO - Started process (PID=1692) to work on /opt/airflow/dags/fintech_dag.py
[2024-12-20T18:58:37.308+0000] {processor.py:914} INFO - Processing file /opt/airflow/dags/fintech_dag.py for tasks to queue
[2024-12-20T18:58:37.311+0000] {logging_mixin.py:190} INFO - [2024-12-20T18:58:37.310+0000] {dagbag.py:588} INFO - Filling up the DagBag from /opt/airflow/dags/fintech_dag.py
[2024-12-20T18:58:38.423+0000] {processor.py:925} INFO - DAG(s) 'fintech_pipeline' retrieved from /opt/airflow/dags/fintech_dag.py
[2024-12-20T18:58:38.443+0000] {logging_mixin.py:190} INFO - [2024-12-20T18:58:38.442+0000] {dag.py:3239} INFO - Sync 1 DAGs
[2024-12-20T18:58:38.461+0000] {logging_mixin.py:190} INFO - [2024-12-20T18:58:38.461+0000] {dag.py:4180} INFO - Setting next_dagrun for fintech_pipeline to None, run_after=None
[2024-12-20T18:58:38.479+0000] {processor.py:208} INFO - Processing /opt/airflow/dags/fintech_dag.py took 1.179 seconds
[2024-12-20T18:59:08.546+0000] {processor.py:186} INFO - Started process (PID=1711) to work on /opt/airflow/dags/fintech_dag.py
[2024-12-20T18:59:08.547+0000] {processor.py:914} INFO - Processing file /opt/airflow/dags/fintech_dag.py for tasks to queue
[2024-12-20T18:59:08.549+0000] {logging_mixin.py:190} INFO - [2024-12-20T18:59:08.549+0000] {dagbag.py:588} INFO - Filling up the DagBag from /opt/airflow/dags/fintech_dag.py
[2024-12-20T18:59:09.671+0000] {processor.py:925} INFO - DAG(s) 'fintech_pipeline' retrieved from /opt/airflow/dags/fintech_dag.py
[2024-12-20T18:59:09.693+0000] {logging_mixin.py:190} INFO - [2024-12-20T18:59:09.692+0000] {dag.py:3239} INFO - Sync 1 DAGs
[2024-12-20T18:59:09.710+0000] {logging_mixin.py:190} INFO - [2024-12-20T18:59:09.710+0000] {dag.py:4180} INFO - Setting next_dagrun for fintech_pipeline to None, run_after=None
[2024-12-20T18:59:09.728+0000] {processor.py:208} INFO - Processing /opt/airflow/dags/fintech_dag.py took 1.189 seconds
[2024-12-20T18:59:39.929+0000] {processor.py:186} INFO - Started process (PID=1730) to work on /opt/airflow/dags/fintech_dag.py
[2024-12-20T18:59:39.930+0000] {processor.py:914} INFO - Processing file /opt/airflow/dags/fintech_dag.py for tasks to queue
[2024-12-20T18:59:39.933+0000] {logging_mixin.py:190} INFO - [2024-12-20T18:59:39.933+0000] {dagbag.py:588} INFO - Filling up the DagBag from /opt/airflow/dags/fintech_dag.py
[2024-12-20T18:59:41.057+0000] {processor.py:925} INFO - DAG(s) 'fintech_pipeline' retrieved from /opt/airflow/dags/fintech_dag.py
[2024-12-20T18:59:41.077+0000] {logging_mixin.py:190} INFO - [2024-12-20T18:59:41.077+0000] {dag.py:3239} INFO - Sync 1 DAGs
[2024-12-20T18:59:41.095+0000] {logging_mixin.py:190} INFO - [2024-12-20T18:59:41.095+0000] {dag.py:4180} INFO - Setting next_dagrun for fintech_pipeline to None, run_after=None
[2024-12-20T18:59:41.120+0000] {processor.py:208} INFO - Processing /opt/airflow/dags/fintech_dag.py took 1.197 seconds
[2024-12-20T19:00:11.357+0000] {processor.py:186} INFO - Started process (PID=1749) to work on /opt/airflow/dags/fintech_dag.py
[2024-12-20T19:00:11.358+0000] {processor.py:914} INFO - Processing file /opt/airflow/dags/fintech_dag.py for tasks to queue
[2024-12-20T19:00:11.361+0000] {logging_mixin.py:190} INFO - [2024-12-20T19:00:11.361+0000] {dagbag.py:588} INFO - Filling up the DagBag from /opt/airflow/dags/fintech_dag.py
[2024-12-20T19:00:12.477+0000] {processor.py:925} INFO - DAG(s) 'fintech_pipeline' retrieved from /opt/airflow/dags/fintech_dag.py
[2024-12-20T19:00:12.499+0000] {logging_mixin.py:190} INFO - [2024-12-20T19:00:12.499+0000] {dag.py:3239} INFO - Sync 1 DAGs
[2024-12-20T19:00:12.519+0000] {logging_mixin.py:190} INFO - [2024-12-20T19:00:12.519+0000] {dag.py:4180} INFO - Setting next_dagrun for fintech_pipeline to None, run_after=None
[2024-12-20T19:00:12.539+0000] {processor.py:208} INFO - Processing /opt/airflow/dags/fintech_dag.py took 1.188 seconds
[2024-12-20T19:00:42.649+0000] {processor.py:186} INFO - Started process (PID=1768) to work on /opt/airflow/dags/fintech_dag.py
[2024-12-20T19:00:42.651+0000] {processor.py:914} INFO - Processing file /opt/airflow/dags/fintech_dag.py for tasks to queue
[2024-12-20T19:00:42.654+0000] {logging_mixin.py:190} INFO - [2024-12-20T19:00:42.653+0000] {dagbag.py:588} INFO - Filling up the DagBag from /opt/airflow/dags/fintech_dag.py
[2024-12-20T19:00:43.749+0000] {processor.py:925} INFO - DAG(s) 'fintech_pipeline' retrieved from /opt/airflow/dags/fintech_dag.py
[2024-12-20T19:00:43.769+0000] {logging_mixin.py:190} INFO - [2024-12-20T19:00:43.769+0000] {dag.py:3239} INFO - Sync 1 DAGs
[2024-12-20T19:00:43.789+0000] {logging_mixin.py:190} INFO - [2024-12-20T19:00:43.788+0000] {dag.py:4180} INFO - Setting next_dagrun for fintech_pipeline to None, run_after=None
[2024-12-20T19:00:43.809+0000] {processor.py:208} INFO - Processing /opt/airflow/dags/fintech_dag.py took 1.166 seconds
[2024-12-20T19:01:13.969+0000] {processor.py:186} INFO - Started process (PID=1787) to work on /opt/airflow/dags/fintech_dag.py
[2024-12-20T19:01:13.970+0000] {processor.py:914} INFO - Processing file /opt/airflow/dags/fintech_dag.py for tasks to queue
[2024-12-20T19:01:13.973+0000] {logging_mixin.py:190} INFO - [2024-12-20T19:01:13.972+0000] {dagbag.py:588} INFO - Filling up the DagBag from /opt/airflow/dags/fintech_dag.py
[2024-12-20T19:01:15.092+0000] {processor.py:925} INFO - DAG(s) 'fintech_pipeline' retrieved from /opt/airflow/dags/fintech_dag.py
[2024-12-20T19:01:15.114+0000] {logging_mixin.py:190} INFO - [2024-12-20T19:01:15.114+0000] {dag.py:3239} INFO - Sync 1 DAGs
[2024-12-20T19:01:15.135+0000] {logging_mixin.py:190} INFO - [2024-12-20T19:01:15.134+0000] {dag.py:4180} INFO - Setting next_dagrun for fintech_pipeline to None, run_after=None
[2024-12-20T19:01:15.162+0000] {processor.py:208} INFO - Processing /opt/airflow/dags/fintech_dag.py took 1.200 seconds
[2024-12-20T19:01:45.236+0000] {processor.py:186} INFO - Started process (PID=1806) to work on /opt/airflow/dags/fintech_dag.py
[2024-12-20T19:01:45.237+0000] {processor.py:914} INFO - Processing file /opt/airflow/dags/fintech_dag.py for tasks to queue
[2024-12-20T19:01:45.240+0000] {logging_mixin.py:190} INFO - [2024-12-20T19:01:45.239+0000] {dagbag.py:588} INFO - Filling up the DagBag from /opt/airflow/dags/fintech_dag.py
[2024-12-20T19:01:46.323+0000] {processor.py:925} INFO - DAG(s) 'fintech_pipeline' retrieved from /opt/airflow/dags/fintech_dag.py
[2024-12-20T19:01:46.344+0000] {logging_mixin.py:190} INFO - [2024-12-20T19:01:46.343+0000] {dag.py:3239} INFO - Sync 1 DAGs
[2024-12-20T19:01:46.363+0000] {logging_mixin.py:190} INFO - [2024-12-20T19:01:46.362+0000] {dag.py:4180} INFO - Setting next_dagrun for fintech_pipeline to None, run_after=None
[2024-12-20T19:01:46.388+0000] {processor.py:208} INFO - Processing /opt/airflow/dags/fintech_dag.py took 1.158 seconds
[2024-12-20T19:02:16.609+0000] {processor.py:186} INFO - Started process (PID=1825) to work on /opt/airflow/dags/fintech_dag.py
[2024-12-20T19:02:16.611+0000] {processor.py:914} INFO - Processing file /opt/airflow/dags/fintech_dag.py for tasks to queue
[2024-12-20T19:02:16.613+0000] {logging_mixin.py:190} INFO - [2024-12-20T19:02:16.613+0000] {dagbag.py:588} INFO - Filling up the DagBag from /opt/airflow/dags/fintech_dag.py
[2024-12-20T19:02:17.690+0000] {processor.py:925} INFO - DAG(s) 'fintech_pipeline' retrieved from /opt/airflow/dags/fintech_dag.py
[2024-12-20T19:02:17.712+0000] {logging_mixin.py:190} INFO - [2024-12-20T19:02:17.712+0000] {dag.py:3239} INFO - Sync 1 DAGs
[2024-12-20T19:02:17.733+0000] {logging_mixin.py:190} INFO - [2024-12-20T19:02:17.733+0000] {dag.py:4180} INFO - Setting next_dagrun for fintech_pipeline to None, run_after=None
[2024-12-20T19:02:17.751+0000] {processor.py:208} INFO - Processing /opt/airflow/dags/fintech_dag.py took 1.147 seconds
[2024-12-20T19:02:47.845+0000] {processor.py:186} INFO - Started process (PID=1844) to work on /opt/airflow/dags/fintech_dag.py
[2024-12-20T19:02:47.846+0000] {processor.py:914} INFO - Processing file /opt/airflow/dags/fintech_dag.py for tasks to queue
[2024-12-20T19:02:47.849+0000] {logging_mixin.py:190} INFO - [2024-12-20T19:02:47.849+0000] {dagbag.py:588} INFO - Filling up the DagBag from /opt/airflow/dags/fintech_dag.py
[2024-12-20T19:02:48.915+0000] {processor.py:925} INFO - DAG(s) 'fintech_pipeline' retrieved from /opt/airflow/dags/fintech_dag.py
[2024-12-20T19:02:48.936+0000] {logging_mixin.py:190} INFO - [2024-12-20T19:02:48.936+0000] {dag.py:3239} INFO - Sync 1 DAGs
[2024-12-20T19:02:48.954+0000] {logging_mixin.py:190} INFO - [2024-12-20T19:02:48.954+0000] {dag.py:4180} INFO - Setting next_dagrun for fintech_pipeline to None, run_after=None
[2024-12-20T19:02:48.974+0000] {processor.py:208} INFO - Processing /opt/airflow/dags/fintech_dag.py took 1.137 seconds
[2024-12-20T19:03:19.206+0000] {processor.py:186} INFO - Started process (PID=1863) to work on /opt/airflow/dags/fintech_dag.py
[2024-12-20T19:03:19.207+0000] {processor.py:914} INFO - Processing file /opt/airflow/dags/fintech_dag.py for tasks to queue
[2024-12-20T19:03:19.210+0000] {logging_mixin.py:190} INFO - [2024-12-20T19:03:19.209+0000] {dagbag.py:588} INFO - Filling up the DagBag from /opt/airflow/dags/fintech_dag.py
[2024-12-20T19:03:20.432+0000] {processor.py:925} INFO - DAG(s) 'fintech_pipeline' retrieved from /opt/airflow/dags/fintech_dag.py
[2024-12-20T19:03:20.454+0000] {logging_mixin.py:190} INFO - [2024-12-20T19:03:20.454+0000] {dag.py:3239} INFO - Sync 1 DAGs
[2024-12-20T19:03:20.475+0000] {logging_mixin.py:190} INFO - [2024-12-20T19:03:20.474+0000] {dag.py:4180} INFO - Setting next_dagrun for fintech_pipeline to None, run_after=None
[2024-12-20T19:03:20.501+0000] {processor.py:208} INFO - Processing /opt/airflow/dags/fintech_dag.py took 1.302 seconds
[2024-12-20T19:03:50.742+0000] {processor.py:186} INFO - Started process (PID=1882) to work on /opt/airflow/dags/fintech_dag.py
[2024-12-20T19:03:50.743+0000] {processor.py:914} INFO - Processing file /opt/airflow/dags/fintech_dag.py for tasks to queue
[2024-12-20T19:03:50.745+0000] {logging_mixin.py:190} INFO - [2024-12-20T19:03:50.745+0000] {dagbag.py:588} INFO - Filling up the DagBag from /opt/airflow/dags/fintech_dag.py
[2024-12-20T19:03:52.002+0000] {processor.py:925} INFO - DAG(s) 'fintech_pipeline' retrieved from /opt/airflow/dags/fintech_dag.py
[2024-12-20T19:03:52.025+0000] {logging_mixin.py:190} INFO - [2024-12-20T19:03:52.025+0000] {dag.py:3239} INFO - Sync 1 DAGs
[2024-12-20T19:03:52.048+0000] {logging_mixin.py:190} INFO - [2024-12-20T19:03:52.048+0000] {dag.py:4180} INFO - Setting next_dagrun for fintech_pipeline to None, run_after=None
[2024-12-20T19:03:52.068+0000] {processor.py:208} INFO - Processing /opt/airflow/dags/fintech_dag.py took 1.333 seconds
[2024-12-20T19:04:22.315+0000] {processor.py:186} INFO - Started process (PID=1901) to work on /opt/airflow/dags/fintech_dag.py
[2024-12-20T19:04:22.316+0000] {processor.py:914} INFO - Processing file /opt/airflow/dags/fintech_dag.py for tasks to queue
[2024-12-20T19:04:22.319+0000] {logging_mixin.py:190} INFO - [2024-12-20T19:04:22.319+0000] {dagbag.py:588} INFO - Filling up the DagBag from /opt/airflow/dags/fintech_dag.py
[2024-12-20T19:04:23.535+0000] {processor.py:925} INFO - DAG(s) 'fintech_pipeline' retrieved from /opt/airflow/dags/fintech_dag.py
[2024-12-20T19:04:23.554+0000] {logging_mixin.py:190} INFO - [2024-12-20T19:04:23.554+0000] {dag.py:3239} INFO - Sync 1 DAGs
[2024-12-20T19:04:23.577+0000] {logging_mixin.py:190} INFO - [2024-12-20T19:04:23.577+0000] {dag.py:4180} INFO - Setting next_dagrun for fintech_pipeline to None, run_after=None
[2024-12-20T19:04:23.595+0000] {processor.py:208} INFO - Processing /opt/airflow/dags/fintech_dag.py took 1.287 seconds
[2024-12-20T19:04:53.838+0000] {processor.py:186} INFO - Started process (PID=1920) to work on /opt/airflow/dags/fintech_dag.py
[2024-12-20T19:04:53.839+0000] {processor.py:914} INFO - Processing file /opt/airflow/dags/fintech_dag.py for tasks to queue
[2024-12-20T19:04:53.842+0000] {logging_mixin.py:190} INFO - [2024-12-20T19:04:53.842+0000] {dagbag.py:588} INFO - Filling up the DagBag from /opt/airflow/dags/fintech_dag.py
[2024-12-20T19:04:54.979+0000] {processor.py:925} INFO - DAG(s) 'fintech_pipeline' retrieved from /opt/airflow/dags/fintech_dag.py
[2024-12-20T19:04:55.005+0000] {logging_mixin.py:190} INFO - [2024-12-20T19:04:55.004+0000] {dag.py:3239} INFO - Sync 1 DAGs
[2024-12-20T19:04:55.027+0000] {logging_mixin.py:190} INFO - [2024-12-20T19:04:55.026+0000] {dag.py:4180} INFO - Setting next_dagrun for fintech_pipeline to None, run_after=None
[2024-12-20T19:04:55.047+0000] {processor.py:208} INFO - Processing /opt/airflow/dags/fintech_dag.py took 1.216 seconds
[2024-12-20T19:05:25.104+0000] {processor.py:186} INFO - Started process (PID=1945) to work on /opt/airflow/dags/fintech_dag.py
[2024-12-20T19:05:25.105+0000] {processor.py:914} INFO - Processing file /opt/airflow/dags/fintech_dag.py for tasks to queue
[2024-12-20T19:05:25.109+0000] {logging_mixin.py:190} INFO - [2024-12-20T19:05:25.109+0000] {dagbag.py:588} INFO - Filling up the DagBag from /opt/airflow/dags/fintech_dag.py
[2024-12-20T19:05:26.215+0000] {processor.py:925} INFO - DAG(s) 'fintech_pipeline' retrieved from /opt/airflow/dags/fintech_dag.py
[2024-12-20T19:05:26.236+0000] {logging_mixin.py:190} INFO - [2024-12-20T19:05:26.236+0000] {dag.py:3239} INFO - Sync 1 DAGs
[2024-12-20T19:05:26.256+0000] {logging_mixin.py:190} INFO - [2024-12-20T19:05:26.255+0000] {dag.py:4180} INFO - Setting next_dagrun for fintech_pipeline to None, run_after=None
[2024-12-20T19:05:26.275+0000] {processor.py:208} INFO - Processing /opt/airflow/dags/fintech_dag.py took 1.178 seconds
[2024-12-20T19:05:56.501+0000] {processor.py:186} INFO - Started process (PID=1964) to work on /opt/airflow/dags/fintech_dag.py
[2024-12-20T19:05:56.503+0000] {processor.py:914} INFO - Processing file /opt/airflow/dags/fintech_dag.py for tasks to queue
[2024-12-20T19:05:56.506+0000] {logging_mixin.py:190} INFO - [2024-12-20T19:05:56.505+0000] {dagbag.py:588} INFO - Filling up the DagBag from /opt/airflow/dags/fintech_dag.py
[2024-12-20T19:05:57.673+0000] {processor.py:925} INFO - DAG(s) 'fintech_pipeline' retrieved from /opt/airflow/dags/fintech_dag.py
[2024-12-20T19:05:57.695+0000] {logging_mixin.py:190} INFO - [2024-12-20T19:05:57.695+0000] {dag.py:3239} INFO - Sync 1 DAGs
[2024-12-20T19:05:57.716+0000] {logging_mixin.py:190} INFO - [2024-12-20T19:05:57.715+0000] {dag.py:4180} INFO - Setting next_dagrun for fintech_pipeline to None, run_after=None
[2024-12-20T19:05:57.734+0000] {processor.py:208} INFO - Processing /opt/airflow/dags/fintech_dag.py took 1.238 seconds
[2024-12-20T19:06:27.980+0000] {processor.py:186} INFO - Started process (PID=1983) to work on /opt/airflow/dags/fintech_dag.py
[2024-12-20T19:06:27.981+0000] {processor.py:914} INFO - Processing file /opt/airflow/dags/fintech_dag.py for tasks to queue
[2024-12-20T19:06:27.983+0000] {logging_mixin.py:190} INFO - [2024-12-20T19:06:27.983+0000] {dagbag.py:588} INFO - Filling up the DagBag from /opt/airflow/dags/fintech_dag.py
[2024-12-20T19:06:29.236+0000] {processor.py:925} INFO - DAG(s) 'fintech_pipeline' retrieved from /opt/airflow/dags/fintech_dag.py
[2024-12-20T19:06:29.257+0000] {logging_mixin.py:190} INFO - [2024-12-20T19:06:29.256+0000] {dag.py:3239} INFO - Sync 1 DAGs
[2024-12-20T19:06:29.275+0000] {logging_mixin.py:190} INFO - [2024-12-20T19:06:29.274+0000] {dag.py:4180} INFO - Setting next_dagrun for fintech_pipeline to None, run_after=None
[2024-12-20T19:06:29.293+0000] {processor.py:208} INFO - Processing /opt/airflow/dags/fintech_dag.py took 1.320 seconds
[2024-12-20T19:06:59.537+0000] {processor.py:186} INFO - Started process (PID=2002) to work on /opt/airflow/dags/fintech_dag.py
[2024-12-20T19:06:59.539+0000] {processor.py:914} INFO - Processing file /opt/airflow/dags/fintech_dag.py for tasks to queue
[2024-12-20T19:06:59.543+0000] {logging_mixin.py:190} INFO - [2024-12-20T19:06:59.542+0000] {dagbag.py:588} INFO - Filling up the DagBag from /opt/airflow/dags/fintech_dag.py
[2024-12-20T19:07:00.821+0000] {processor.py:925} INFO - DAG(s) 'fintech_pipeline' retrieved from /opt/airflow/dags/fintech_dag.py
[2024-12-20T19:07:00.842+0000] {logging_mixin.py:190} INFO - [2024-12-20T19:07:00.841+0000] {dag.py:3239} INFO - Sync 1 DAGs
[2024-12-20T19:07:00.863+0000] {logging_mixin.py:190} INFO - [2024-12-20T19:07:00.863+0000] {dag.py:4180} INFO - Setting next_dagrun for fintech_pipeline to None, run_after=None
[2024-12-20T19:07:00.884+0000] {processor.py:208} INFO - Processing /opt/airflow/dags/fintech_dag.py took 1.355 seconds
[2024-12-20T19:07:31.133+0000] {processor.py:186} INFO - Started process (PID=2021) to work on /opt/airflow/dags/fintech_dag.py
[2024-12-20T19:07:31.134+0000] {processor.py:914} INFO - Processing file /opt/airflow/dags/fintech_dag.py for tasks to queue
[2024-12-20T19:07:31.137+0000] {logging_mixin.py:190} INFO - [2024-12-20T19:07:31.136+0000] {dagbag.py:588} INFO - Filling up the DagBag from /opt/airflow/dags/fintech_dag.py
[2024-12-20T19:07:32.226+0000] {processor.py:925} INFO - DAG(s) 'fintech_pipeline' retrieved from /opt/airflow/dags/fintech_dag.py
[2024-12-20T19:07:32.247+0000] {logging_mixin.py:190} INFO - [2024-12-20T19:07:32.247+0000] {dag.py:3239} INFO - Sync 1 DAGs
[2024-12-20T19:07:32.266+0000] {logging_mixin.py:190} INFO - [2024-12-20T19:07:32.266+0000] {dag.py:4180} INFO - Setting next_dagrun for fintech_pipeline to None, run_after=None
[2024-12-20T19:07:32.292+0000] {processor.py:208} INFO - Processing /opt/airflow/dags/fintech_dag.py took 1.164 seconds
[2024-12-20T19:08:02.358+0000] {processor.py:186} INFO - Started process (PID=2040) to work on /opt/airflow/dags/fintech_dag.py
[2024-12-20T19:08:02.359+0000] {processor.py:914} INFO - Processing file /opt/airflow/dags/fintech_dag.py for tasks to queue
[2024-12-20T19:08:02.363+0000] {logging_mixin.py:190} INFO - [2024-12-20T19:08:02.362+0000] {dagbag.py:588} INFO - Filling up the DagBag from /opt/airflow/dags/fintech_dag.py
[2024-12-20T19:08:03.563+0000] {processor.py:925} INFO - DAG(s) 'fintech_pipeline' retrieved from /opt/airflow/dags/fintech_dag.py
[2024-12-20T19:08:03.589+0000] {logging_mixin.py:190} INFO - [2024-12-20T19:08:03.588+0000] {dag.py:3239} INFO - Sync 1 DAGs
[2024-12-20T19:08:03.610+0000] {logging_mixin.py:190} INFO - [2024-12-20T19:08:03.610+0000] {dag.py:4180} INFO - Setting next_dagrun for fintech_pipeline to None, run_after=None
[2024-12-20T19:08:03.628+0000] {processor.py:208} INFO - Processing /opt/airflow/dags/fintech_dag.py took 1.278 seconds
[2024-12-20T19:08:33.735+0000] {processor.py:186} INFO - Started process (PID=2059) to work on /opt/airflow/dags/fintech_dag.py
[2024-12-20T19:08:33.736+0000] {processor.py:914} INFO - Processing file /opt/airflow/dags/fintech_dag.py for tasks to queue
[2024-12-20T19:08:33.739+0000] {logging_mixin.py:190} INFO - [2024-12-20T19:08:33.739+0000] {dagbag.py:588} INFO - Filling up the DagBag from /opt/airflow/dags/fintech_dag.py
[2024-12-20T19:08:34.851+0000] {processor.py:925} INFO - DAG(s) 'fintech_pipeline' retrieved from /opt/airflow/dags/fintech_dag.py
[2024-12-20T19:08:34.872+0000] {logging_mixin.py:190} INFO - [2024-12-20T19:08:34.872+0000] {dag.py:3239} INFO - Sync 1 DAGs
[2024-12-20T19:08:34.890+0000] {logging_mixin.py:190} INFO - [2024-12-20T19:08:34.889+0000] {dag.py:4180} INFO - Setting next_dagrun for fintech_pipeline to None, run_after=None
[2024-12-20T19:08:34.908+0000] {processor.py:208} INFO - Processing /opt/airflow/dags/fintech_dag.py took 1.180 seconds
[2024-12-20T19:09:05.109+0000] {processor.py:186} INFO - Started process (PID=2078) to work on /opt/airflow/dags/fintech_dag.py
[2024-12-20T19:09:05.110+0000] {processor.py:914} INFO - Processing file /opt/airflow/dags/fintech_dag.py for tasks to queue
[2024-12-20T19:09:05.113+0000] {logging_mixin.py:190} INFO - [2024-12-20T19:09:05.113+0000] {dagbag.py:588} INFO - Filling up the DagBag from /opt/airflow/dags/fintech_dag.py
[2024-12-20T19:09:06.315+0000] {processor.py:925} INFO - DAG(s) 'fintech_pipeline' retrieved from /opt/airflow/dags/fintech_dag.py
[2024-12-20T19:09:06.337+0000] {logging_mixin.py:190} INFO - [2024-12-20T19:09:06.337+0000] {dag.py:3239} INFO - Sync 1 DAGs
[2024-12-20T19:09:06.356+0000] {logging_mixin.py:190} INFO - [2024-12-20T19:09:06.356+0000] {dag.py:4180} INFO - Setting next_dagrun for fintech_pipeline to None, run_after=None
[2024-12-20T19:09:06.383+0000] {processor.py:208} INFO - Processing /opt/airflow/dags/fintech_dag.py took 1.279 seconds
[2024-12-20T19:09:36.617+0000] {processor.py:186} INFO - Started process (PID=2097) to work on /opt/airflow/dags/fintech_dag.py
[2024-12-20T19:09:36.618+0000] {processor.py:914} INFO - Processing file /opt/airflow/dags/fintech_dag.py for tasks to queue
[2024-12-20T19:09:36.621+0000] {logging_mixin.py:190} INFO - [2024-12-20T19:09:36.621+0000] {dagbag.py:588} INFO - Filling up the DagBag from /opt/airflow/dags/fintech_dag.py
[2024-12-20T19:09:37.710+0000] {processor.py:925} INFO - DAG(s) 'fintech_pipeline' retrieved from /opt/airflow/dags/fintech_dag.py
[2024-12-20T19:09:37.731+0000] {logging_mixin.py:190} INFO - [2024-12-20T19:09:37.730+0000] {dag.py:3239} INFO - Sync 1 DAGs
[2024-12-20T19:09:37.750+0000] {logging_mixin.py:190} INFO - [2024-12-20T19:09:37.749+0000] {dag.py:4180} INFO - Setting next_dagrun for fintech_pipeline to None, run_after=None
[2024-12-20T19:09:37.774+0000] {processor.py:208} INFO - Processing /opt/airflow/dags/fintech_dag.py took 1.163 seconds
[2024-12-20T19:10:07.836+0000] {processor.py:186} INFO - Started process (PID=2116) to work on /opt/airflow/dags/fintech_dag.py
[2024-12-20T19:10:07.837+0000] {processor.py:914} INFO - Processing file /opt/airflow/dags/fintech_dag.py for tasks to queue
[2024-12-20T19:10:07.840+0000] {logging_mixin.py:190} INFO - [2024-12-20T19:10:07.839+0000] {dagbag.py:588} INFO - Filling up the DagBag from /opt/airflow/dags/fintech_dag.py
[2024-12-20T19:10:08.925+0000] {processor.py:925} INFO - DAG(s) 'fintech_pipeline' retrieved from /opt/airflow/dags/fintech_dag.py
[2024-12-20T19:10:08.947+0000] {logging_mixin.py:190} INFO - [2024-12-20T19:10:08.947+0000] {dag.py:3239} INFO - Sync 1 DAGs
[2024-12-20T19:10:08.966+0000] {logging_mixin.py:190} INFO - [2024-12-20T19:10:08.966+0000] {dag.py:4180} INFO - Setting next_dagrun for fintech_pipeline to None, run_after=None
[2024-12-20T19:10:08.985+0000] {processor.py:208} INFO - Processing /opt/airflow/dags/fintech_dag.py took 1.154 seconds
[2024-12-20T19:10:39.371+0000] {processor.py:186} INFO - Started process (PID=2135) to work on /opt/airflow/dags/fintech_dag.py
[2024-12-20T19:10:39.372+0000] {processor.py:914} INFO - Processing file /opt/airflow/dags/fintech_dag.py for tasks to queue
[2024-12-20T19:10:39.374+0000] {logging_mixin.py:190} INFO - [2024-12-20T19:10:39.374+0000] {dagbag.py:588} INFO - Filling up the DagBag from /opt/airflow/dags/fintech_dag.py
[2024-12-20T19:10:40.561+0000] {processor.py:925} INFO - DAG(s) 'fintech_pipeline' retrieved from /opt/airflow/dags/fintech_dag.py
[2024-12-20T19:10:40.582+0000] {logging_mixin.py:190} INFO - [2024-12-20T19:10:40.582+0000] {dag.py:3239} INFO - Sync 1 DAGs
[2024-12-20T19:10:40.600+0000] {logging_mixin.py:190} INFO - [2024-12-20T19:10:40.600+0000] {dag.py:4180} INFO - Setting next_dagrun for fintech_pipeline to None, run_after=None
[2024-12-20T19:10:40.625+0000] {processor.py:208} INFO - Processing /opt/airflow/dags/fintech_dag.py took 1.260 seconds
[2024-12-20T19:11:10.950+0000] {processor.py:186} INFO - Started process (PID=2154) to work on /opt/airflow/dags/fintech_dag.py
[2024-12-20T19:11:10.951+0000] {processor.py:914} INFO - Processing file /opt/airflow/dags/fintech_dag.py for tasks to queue
[2024-12-20T19:11:10.954+0000] {logging_mixin.py:190} INFO - [2024-12-20T19:11:10.954+0000] {dagbag.py:588} INFO - Filling up the DagBag from /opt/airflow/dags/fintech_dag.py
[2024-12-20T19:11:12.045+0000] {processor.py:925} INFO - DAG(s) 'fintech_pipeline' retrieved from /opt/airflow/dags/fintech_dag.py
[2024-12-20T19:11:12.068+0000] {logging_mixin.py:190} INFO - [2024-12-20T19:11:12.068+0000] {dag.py:3239} INFO - Sync 1 DAGs
[2024-12-20T19:11:12.087+0000] {logging_mixin.py:190} INFO - [2024-12-20T19:11:12.087+0000] {dag.py:4180} INFO - Setting next_dagrun for fintech_pipeline to None, run_after=None
[2024-12-20T19:11:12.106+0000] {processor.py:208} INFO - Processing /opt/airflow/dags/fintech_dag.py took 1.164 seconds
[2024-12-20T19:11:42.172+0000] {processor.py:186} INFO - Started process (PID=2172) to work on /opt/airflow/dags/fintech_dag.py
[2024-12-20T19:11:42.174+0000] {processor.py:914} INFO - Processing file /opt/airflow/dags/fintech_dag.py for tasks to queue
[2024-12-20T19:11:42.176+0000] {logging_mixin.py:190} INFO - [2024-12-20T19:11:42.176+0000] {dagbag.py:588} INFO - Filling up the DagBag from /opt/airflow/dags/fintech_dag.py
[2024-12-20T19:11:43.309+0000] {processor.py:925} INFO - DAG(s) 'fintech_pipeline' retrieved from /opt/airflow/dags/fintech_dag.py
[2024-12-20T19:11:43.329+0000] {logging_mixin.py:190} INFO - [2024-12-20T19:11:43.329+0000] {dag.py:3239} INFO - Sync 1 DAGs
[2024-12-20T19:11:43.347+0000] {logging_mixin.py:190} INFO - [2024-12-20T19:11:43.346+0000] {dag.py:4180} INFO - Setting next_dagrun for fintech_pipeline to None, run_after=None
[2024-12-20T19:11:43.372+0000] {processor.py:208} INFO - Processing /opt/airflow/dags/fintech_dag.py took 1.205 seconds
[2024-12-20T19:12:13.558+0000] {processor.py:186} INFO - Started process (PID=2191) to work on /opt/airflow/dags/fintech_dag.py
[2024-12-20T19:12:13.560+0000] {processor.py:914} INFO - Processing file /opt/airflow/dags/fintech_dag.py for tasks to queue
[2024-12-20T19:12:13.562+0000] {logging_mixin.py:190} INFO - [2024-12-20T19:12:13.562+0000] {dagbag.py:588} INFO - Filling up the DagBag from /opt/airflow/dags/fintech_dag.py
[2024-12-20T19:12:14.662+0000] {processor.py:925} INFO - DAG(s) 'fintech_pipeline' retrieved from /opt/airflow/dags/fintech_dag.py
[2024-12-20T19:12:14.683+0000] {logging_mixin.py:190} INFO - [2024-12-20T19:12:14.683+0000] {dag.py:3239} INFO - Sync 1 DAGs
[2024-12-20T19:12:14.701+0000] {logging_mixin.py:190} INFO - [2024-12-20T19:12:14.701+0000] {dag.py:4180} INFO - Setting next_dagrun for fintech_pipeline to None, run_after=None
[2024-12-20T19:12:14.720+0000] {processor.py:208} INFO - Processing /opt/airflow/dags/fintech_dag.py took 1.169 seconds
[2024-12-20T19:12:44.822+0000] {processor.py:186} INFO - Started process (PID=2210) to work on /opt/airflow/dags/fintech_dag.py
[2024-12-20T19:12:44.824+0000] {processor.py:914} INFO - Processing file /opt/airflow/dags/fintech_dag.py for tasks to queue
[2024-12-20T19:12:44.826+0000] {logging_mixin.py:190} INFO - [2024-12-20T19:12:44.826+0000] {dagbag.py:588} INFO - Filling up the DagBag from /opt/airflow/dags/fintech_dag.py
[2024-12-20T19:12:45.951+0000] {processor.py:925} INFO - DAG(s) 'fintech_pipeline' retrieved from /opt/airflow/dags/fintech_dag.py
[2024-12-20T19:12:45.972+0000] {logging_mixin.py:190} INFO - [2024-12-20T19:12:45.972+0000] {dag.py:3239} INFO - Sync 1 DAGs
[2024-12-20T19:12:45.992+0000] {logging_mixin.py:190} INFO - [2024-12-20T19:12:45.992+0000] {dag.py:4180} INFO - Setting next_dagrun for fintech_pipeline to None, run_after=None
[2024-12-20T19:12:46.011+0000] {processor.py:208} INFO - Processing /opt/airflow/dags/fintech_dag.py took 1.195 seconds
[2024-12-20T19:13:16.168+0000] {processor.py:186} INFO - Started process (PID=2229) to work on /opt/airflow/dags/fintech_dag.py
[2024-12-20T19:13:16.170+0000] {processor.py:914} INFO - Processing file /opt/airflow/dags/fintech_dag.py for tasks to queue
[2024-12-20T19:13:16.172+0000] {logging_mixin.py:190} INFO - [2024-12-20T19:13:16.172+0000] {dagbag.py:588} INFO - Filling up the DagBag from /opt/airflow/dags/fintech_dag.py
[2024-12-20T19:13:17.272+0000] {processor.py:925} INFO - DAG(s) 'fintech_pipeline' retrieved from /opt/airflow/dags/fintech_dag.py
[2024-12-20T19:13:17.292+0000] {logging_mixin.py:190} INFO - [2024-12-20T19:13:17.292+0000] {dag.py:3239} INFO - Sync 1 DAGs
[2024-12-20T19:13:17.310+0000] {logging_mixin.py:190} INFO - [2024-12-20T19:13:17.310+0000] {dag.py:4180} INFO - Setting next_dagrun for fintech_pipeline to None, run_after=None
[2024-12-20T19:13:17.335+0000] {processor.py:208} INFO - Processing /opt/airflow/dags/fintech_dag.py took 1.174 seconds
[2024-12-20T19:13:47.461+0000] {processor.py:186} INFO - Started process (PID=2248) to work on /opt/airflow/dags/fintech_dag.py
[2024-12-20T19:13:47.462+0000] {processor.py:914} INFO - Processing file /opt/airflow/dags/fintech_dag.py for tasks to queue
[2024-12-20T19:13:47.465+0000] {logging_mixin.py:190} INFO - [2024-12-20T19:13:47.465+0000] {dagbag.py:588} INFO - Filling up the DagBag from /opt/airflow/dags/fintech_dag.py
[2024-12-20T19:13:48.568+0000] {processor.py:925} INFO - DAG(s) 'fintech_pipeline' retrieved from /opt/airflow/dags/fintech_dag.py
[2024-12-20T19:13:48.593+0000] {logging_mixin.py:190} INFO - [2024-12-20T19:13:48.593+0000] {dag.py:3239} INFO - Sync 1 DAGs
[2024-12-20T19:13:48.613+0000] {logging_mixin.py:190} INFO - [2024-12-20T19:13:48.613+0000] {dag.py:4180} INFO - Setting next_dagrun for fintech_pipeline to None, run_after=None
[2024-12-20T19:13:48.632+0000] {processor.py:208} INFO - Processing /opt/airflow/dags/fintech_dag.py took 1.177 seconds
[2024-12-20T19:14:18.782+0000] {processor.py:186} INFO - Started process (PID=2267) to work on /opt/airflow/dags/fintech_dag.py
[2024-12-20T19:14:18.783+0000] {processor.py:914} INFO - Processing file /opt/airflow/dags/fintech_dag.py for tasks to queue
[2024-12-20T19:14:18.786+0000] {logging_mixin.py:190} INFO - [2024-12-20T19:14:18.786+0000] {dagbag.py:588} INFO - Filling up the DagBag from /opt/airflow/dags/fintech_dag.py
[2024-12-20T19:14:20.032+0000] {processor.py:925} INFO - DAG(s) 'fintech_pipeline' retrieved from /opt/airflow/dags/fintech_dag.py
[2024-12-20T19:14:20.054+0000] {logging_mixin.py:190} INFO - [2024-12-20T19:14:20.053+0000] {dag.py:3239} INFO - Sync 1 DAGs
[2024-12-20T19:14:20.074+0000] {logging_mixin.py:190} INFO - [2024-12-20T19:14:20.074+0000] {dag.py:4180} INFO - Setting next_dagrun for fintech_pipeline to None, run_after=None
[2024-12-20T19:14:20.096+0000] {processor.py:208} INFO - Processing /opt/airflow/dags/fintech_dag.py took 1.322 seconds
[2024-12-20T19:14:50.337+0000] {processor.py:186} INFO - Started process (PID=2286) to work on /opt/airflow/dags/fintech_dag.py
[2024-12-20T19:14:50.338+0000] {processor.py:914} INFO - Processing file /opt/airflow/dags/fintech_dag.py for tasks to queue
[2024-12-20T19:14:50.341+0000] {logging_mixin.py:190} INFO - [2024-12-20T19:14:50.340+0000] {dagbag.py:588} INFO - Filling up the DagBag from /opt/airflow/dags/fintech_dag.py
[2024-12-20T19:14:51.559+0000] {processor.py:925} INFO - DAG(s) 'fintech_pipeline' retrieved from /opt/airflow/dags/fintech_dag.py
[2024-12-20T19:14:51.585+0000] {logging_mixin.py:190} INFO - [2024-12-20T19:14:51.585+0000] {dag.py:3239} INFO - Sync 1 DAGs
[2024-12-20T19:14:51.608+0000] {logging_mixin.py:190} INFO - [2024-12-20T19:14:51.608+0000] {dag.py:4180} INFO - Setting next_dagrun for fintech_pipeline to None, run_after=None
[2024-12-20T19:14:51.633+0000] {processor.py:208} INFO - Processing /opt/airflow/dags/fintech_dag.py took 1.302 seconds
[2024-12-20T19:15:21.873+0000] {processor.py:186} INFO - Started process (PID=2305) to work on /opt/airflow/dags/fintech_dag.py
[2024-12-20T19:15:21.874+0000] {processor.py:914} INFO - Processing file /opt/airflow/dags/fintech_dag.py for tasks to queue
[2024-12-20T19:15:21.877+0000] {logging_mixin.py:190} INFO - [2024-12-20T19:15:21.876+0000] {dagbag.py:588} INFO - Filling up the DagBag from /opt/airflow/dags/fintech_dag.py
[2024-12-20T19:15:23.001+0000] {processor.py:925} INFO - DAG(s) 'fintech_pipeline' retrieved from /opt/airflow/dags/fintech_dag.py
[2024-12-20T19:15:23.023+0000] {logging_mixin.py:190} INFO - [2024-12-20T19:15:23.023+0000] {dag.py:3239} INFO - Sync 1 DAGs
[2024-12-20T19:15:23.043+0000] {logging_mixin.py:190} INFO - [2024-12-20T19:15:23.043+0000] {dag.py:4180} INFO - Setting next_dagrun for fintech_pipeline to None, run_after=None
[2024-12-20T19:15:23.069+0000] {processor.py:208} INFO - Processing /opt/airflow/dags/fintech_dag.py took 1.203 seconds
[2024-12-20T19:15:53.301+0000] {processor.py:186} INFO - Started process (PID=2324) to work on /opt/airflow/dags/fintech_dag.py
[2024-12-20T19:15:53.302+0000] {processor.py:914} INFO - Processing file /opt/airflow/dags/fintech_dag.py for tasks to queue
[2024-12-20T19:15:53.304+0000] {logging_mixin.py:190} INFO - [2024-12-20T19:15:53.304+0000] {dagbag.py:588} INFO - Filling up the DagBag from /opt/airflow/dags/fintech_dag.py
[2024-12-20T19:15:54.395+0000] {processor.py:925} INFO - DAG(s) 'fintech_pipeline' retrieved from /opt/airflow/dags/fintech_dag.py
[2024-12-20T19:15:54.417+0000] {logging_mixin.py:190} INFO - [2024-12-20T19:15:54.417+0000] {dag.py:3239} INFO - Sync 1 DAGs
[2024-12-20T19:15:54.436+0000] {logging_mixin.py:190} INFO - [2024-12-20T19:15:54.435+0000] {dag.py:4180} INFO - Setting next_dagrun for fintech_pipeline to None, run_after=None
[2024-12-20T19:15:54.461+0000] {processor.py:208} INFO - Processing /opt/airflow/dags/fintech_dag.py took 1.166 seconds
[2024-12-20T19:16:24.525+0000] {processor.py:186} INFO - Started process (PID=2343) to work on /opt/airflow/dags/fintech_dag.py
[2024-12-20T19:16:24.527+0000] {processor.py:914} INFO - Processing file /opt/airflow/dags/fintech_dag.py for tasks to queue
[2024-12-20T19:16:24.532+0000] {logging_mixin.py:190} INFO - [2024-12-20T19:16:24.531+0000] {dagbag.py:588} INFO - Filling up the DagBag from /opt/airflow/dags/fintech_dag.py
[2024-12-20T19:16:26.105+0000] {processor.py:925} INFO - DAG(s) 'fintech_pipeline' retrieved from /opt/airflow/dags/fintech_dag.py
[2024-12-20T19:16:26.126+0000] {logging_mixin.py:190} INFO - [2024-12-20T19:16:26.125+0000] {dag.py:3239} INFO - Sync 1 DAGs
[2024-12-20T19:16:26.143+0000] {logging_mixin.py:190} INFO - [2024-12-20T19:16:26.143+0000] {dag.py:4180} INFO - Setting next_dagrun for fintech_pipeline to None, run_after=None
[2024-12-20T19:16:26.159+0000] {processor.py:208} INFO - Processing /opt/airflow/dags/fintech_dag.py took 1.643 seconds
[2024-12-20T19:47:16.873+0000] {processor.py:186} INFO - Started process (PID=2362) to work on /opt/airflow/dags/fintech_dag.py
[2024-12-20T19:47:16.875+0000] {processor.py:914} INFO - Processing file /opt/airflow/dags/fintech_dag.py for tasks to queue
[2024-12-20T19:47:16.887+0000] {logging_mixin.py:190} INFO - [2024-12-20T19:47:16.886+0000] {dagbag.py:588} INFO - Filling up the DagBag from /opt/airflow/dags/fintech_dag.py
[2024-12-20T19:47:19.836+0000] {processor.py:925} INFO - DAG(s) 'fintech_pipeline' retrieved from /opt/airflow/dags/fintech_dag.py
[2024-12-20T19:47:19.898+0000] {logging_mixin.py:190} INFO - [2024-12-20T19:47:19.897+0000] {dag.py:3239} INFO - Sync 1 DAGs
[2024-12-20T19:47:19.933+0000] {logging_mixin.py:190} INFO - [2024-12-20T19:47:19.932+0000] {dag.py:4180} INFO - Setting next_dagrun for fintech_pipeline to None, run_after=None
[2024-12-20T19:47:19.962+0000] {processor.py:208} INFO - Processing /opt/airflow/dags/fintech_dag.py took 3.112 seconds
