[2024-12-21T17:12:30.958+0000] {processor.py:186} INFO - Started process (PID=81) to work on /opt/airflow/dags/fintech_dag.py
[2024-12-21T17:12:30.962+0000] {processor.py:914} INFO - Processing file /opt/airflow/dags/fintech_dag.py for tasks to queue
[2024-12-21T17:12:31.078+0000] {logging_mixin.py:190} INFO - [2024-12-21T17:12:30.970+0000] {dagbag.py:588} INFO - Filling up the DagBag from /opt/airflow/dags/fintech_dag.py
[2024-12-21T17:12:46.494+0000] {logging_mixin.py:190} WARNING - /opt/airflow/dags/functions.py:130 SyntaxWarning: invalid escape sequence '\d'
[2024-12-21T17:12:46.523+0000] {processor.py:925} INFO - DAG(s) 'fintech_pipeline' retrieved from /opt/airflow/dags/fintech_dag.py
[2024-12-21T17:12:48.413+0000] {logging_mixin.py:190} INFO - [2024-12-21T17:12:48.410+0000] {dag.py:3239} INFO - Sync 1 DAGs
[2024-12-21T17:12:48.545+0000] {logging_mixin.py:190} INFO - [2024-12-21T17:12:48.544+0000] {dag.py:4180} INFO - Setting next_dagrun for fintech_pipeline to None, run_after=None
[2024-12-21T17:12:48.636+0000] {processor.py:208} INFO - Processing /opt/airflow/dags/fintech_dag.py took 19.789 seconds
[2024-12-21T17:12:49.871+0000] {processor.py:186} INFO - Started process (PID=100) to work on /opt/airflow/dags/fintech_dag.py
[2024-12-21T17:12:49.874+0000] {processor.py:914} INFO - Processing file /opt/airflow/dags/fintech_dag.py for tasks to queue
[2024-12-21T17:12:49.891+0000] {logging_mixin.py:190} INFO - [2024-12-21T17:12:49.890+0000] {dagbag.py:588} INFO - Filling up the DagBag from /opt/airflow/dags/fintech_dag.py
[2024-12-21T17:12:58.253+0000] {processor.py:925} INFO - DAG(s) 'fintech_pipeline' retrieved from /opt/airflow/dags/fintech_dag.py
[2024-12-21T17:12:58.371+0000] {logging_mixin.py:190} INFO - [2024-12-21T17:12:58.370+0000] {taskinstance.py:3313} ERROR - {'DAG Id': 'fintech_pipeline', 'Task Id': 'create_dashboard', 'Run Id': 'manual__2024-12-20T18:17:46.917302+00:00', 'Hostname': '213f2fceef35', 'External Executor Id': 'a2e455e2-93df-4077-93f4-3f146530f14d'}
[2024-12-21T17:12:58.547+0000] {logging_mixin.py:190} INFO - [2024-12-21T17:12:58.546+0000] {taskinstance.py:1225} INFO - Marking task as UP_FOR_RETRY. dag_id=fintech_pipeline, task_id=create_dashboard, run_id=manual__2024-12-20T18:17:46.917302+00:00, execution_date=20241220T181746, start_date=20241220T181810, end_date=20241221T171258
[2024-12-21T17:12:58.647+0000] {logging_mixin.py:190} INFO - [2024-12-21T17:12:58.647+0000] {processor.py:876} INFO - Executed callback for <TaskInstance: fintech_pipeline.create_dashboard manual__2024-12-20T18:17:46.917302+00:00 [up_for_retry]> in state up_for_retry
[2024-12-21T17:12:58.657+0000] {logging_mixin.py:190} INFO - [2024-12-21T17:12:58.656+0000] {taskinstance.py:3313} ERROR - {'DAG Id': 'fintech_pipeline', 'Task Id': 'create_dashboard', 'Run Id': 'manual__2024-12-20T18:17:46.917302+00:00', 'Hostname': '213f2fceef35', 'External Executor Id': 'a2e455e2-93df-4077-93f4-3f146530f14d'}
[2024-12-21T17:12:58.705+0000] {logging_mixin.py:190} INFO - [2024-12-21T17:12:58.704+0000] {taskinstance.py:1225} INFO - Marking task as UP_FOR_RETRY. dag_id=fintech_pipeline, task_id=create_dashboard, run_id=manual__2024-12-20T18:17:46.917302+00:00, execution_date=20241220T181746, start_date=20241220T181810, end_date=20241221T171258
[2024-12-21T17:12:58.731+0000] {logging_mixin.py:190} INFO - [2024-12-21T17:12:58.730+0000] {processor.py:876} INFO - Executed callback for <TaskInstance: fintech_pipeline.create_dashboard manual__2024-12-20T18:17:46.917302+00:00 [up_for_retry]> in state up_for_retry
[2024-12-21T17:12:58.746+0000] {logging_mixin.py:190} INFO - [2024-12-21T17:12:58.744+0000] {dag.py:3239} INFO - Sync 1 DAGs
[2024-12-21T17:12:58.844+0000] {logging_mixin.py:190} INFO - [2024-12-21T17:12:58.842+0000] {dag.py:4180} INFO - Setting next_dagrun for fintech_pipeline to None, run_after=None
[2024-12-21T17:12:58.944+0000] {processor.py:208} INFO - Processing /opt/airflow/dags/fintech_dag.py took 9.136 seconds
[2024-12-21T17:13:29.845+0000] {processor.py:186} INFO - Started process (PID=119) to work on /opt/airflow/dags/fintech_dag.py
[2024-12-21T17:13:29.886+0000] {processor.py:914} INFO - Processing file /opt/airflow/dags/fintech_dag.py for tasks to queue
[2024-12-21T17:13:29.898+0000] {logging_mixin.py:190} INFO - [2024-12-21T17:13:29.897+0000] {dagbag.py:588} INFO - Filling up the DagBag from /opt/airflow/dags/fintech_dag.py
[2024-12-21T17:13:38.349+0000] {processor.py:925} INFO - DAG(s) 'fintech_pipeline' retrieved from /opt/airflow/dags/fintech_dag.py
[2024-12-21T17:13:38.445+0000] {logging_mixin.py:190} INFO - [2024-12-21T17:13:38.443+0000] {dag.py:3239} INFO - Sync 1 DAGs
[2024-12-21T17:13:38.549+0000] {logging_mixin.py:190} INFO - [2024-12-21T17:13:38.548+0000] {dag.py:4180} INFO - Setting next_dagrun for fintech_pipeline to None, run_after=None
[2024-12-21T17:13:38.641+0000] {processor.py:208} INFO - Processing /opt/airflow/dags/fintech_dag.py took 8.847 seconds
[2024-12-21T17:14:09.441+0000] {processor.py:186} INFO - Started process (PID=138) to work on /opt/airflow/dags/fintech_dag.py
[2024-12-21T17:14:09.464+0000] {processor.py:914} INFO - Processing file /opt/airflow/dags/fintech_dag.py for tasks to queue
[2024-12-21T17:14:09.471+0000] {logging_mixin.py:190} INFO - [2024-12-21T17:14:09.470+0000] {dagbag.py:588} INFO - Filling up the DagBag from /opt/airflow/dags/fintech_dag.py
[2024-12-21T17:14:14.580+0000] {processor.py:925} INFO - DAG(s) 'fintech_pipeline' retrieved from /opt/airflow/dags/fintech_dag.py
[2024-12-21T17:14:14.612+0000] {logging_mixin.py:190} INFO - [2024-12-21T17:14:14.611+0000] {dag.py:3239} INFO - Sync 1 DAGs
[2024-12-21T17:14:14.644+0000] {logging_mixin.py:190} INFO - [2024-12-21T17:14:14.643+0000] {dag.py:4180} INFO - Setting next_dagrun for fintech_pipeline to None, run_after=None
[2024-12-21T17:14:14.872+0000] {processor.py:208} INFO - Processing /opt/airflow/dags/fintech_dag.py took 5.444 seconds
[2024-12-21T17:14:45.211+0000] {processor.py:186} INFO - Started process (PID=163) to work on /opt/airflow/dags/fintech_dag.py
[2024-12-21T17:14:45.292+0000] {processor.py:914} INFO - Processing file /opt/airflow/dags/fintech_dag.py for tasks to queue
[2024-12-21T17:14:45.298+0000] {logging_mixin.py:190} INFO - [2024-12-21T17:14:45.297+0000] {dagbag.py:588} INFO - Filling up the DagBag from /opt/airflow/dags/fintech_dag.py
[2024-12-21T17:14:48.671+0000] {processor.py:925} INFO - DAG(s) 'fintech_pipeline' retrieved from /opt/airflow/dags/fintech_dag.py
[2024-12-21T17:14:48.715+0000] {logging_mixin.py:190} INFO - [2024-12-21T17:14:48.714+0000] {dag.py:3239} INFO - Sync 1 DAGs
[2024-12-21T17:14:48.929+0000] {logging_mixin.py:190} INFO - [2024-12-21T17:14:48.928+0000] {dag.py:4180} INFO - Setting next_dagrun for fintech_pipeline to None, run_after=None
[2024-12-21T17:14:48.974+0000] {processor.py:208} INFO - Processing /opt/airflow/dags/fintech_dag.py took 3.787 seconds
[2024-12-21T17:15:20.119+0000] {processor.py:186} INFO - Started process (PID=182) to work on /opt/airflow/dags/fintech_dag.py
[2024-12-21T17:15:20.186+0000] {processor.py:914} INFO - Processing file /opt/airflow/dags/fintech_dag.py for tasks to queue
[2024-12-21T17:15:20.204+0000] {logging_mixin.py:190} INFO - [2024-12-21T17:15:20.203+0000] {dagbag.py:588} INFO - Filling up the DagBag from /opt/airflow/dags/fintech_dag.py
[2024-12-21T17:15:24.464+0000] {processor.py:925} INFO - DAG(s) 'fintech_pipeline' retrieved from /opt/airflow/dags/fintech_dag.py
[2024-12-21T17:15:24.799+0000] {logging_mixin.py:190} INFO - [2024-12-21T17:15:24.789+0000] {dag.py:3239} INFO - Sync 1 DAGs
[2024-12-21T17:15:25.419+0000] {logging_mixin.py:190} INFO - [2024-12-21T17:15:25.418+0000] {dag.py:4180} INFO - Setting next_dagrun for fintech_pipeline to None, run_after=None
[2024-12-21T17:15:25.691+0000] {processor.py:208} INFO - Processing /opt/airflow/dags/fintech_dag.py took 5.616 seconds
[2024-12-21T17:15:56.770+0000] {processor.py:186} INFO - Started process (PID=201) to work on /opt/airflow/dags/fintech_dag.py
[2024-12-21T17:15:56.901+0000] {processor.py:914} INFO - Processing file /opt/airflow/dags/fintech_dag.py for tasks to queue
[2024-12-21T17:15:56.912+0000] {logging_mixin.py:190} INFO - [2024-12-21T17:15:56.911+0000] {dagbag.py:588} INFO - Filling up the DagBag from /opt/airflow/dags/fintech_dag.py
[2024-12-21T17:16:10.689+0000] {processor.py:925} INFO - DAG(s) 'fintech_pipeline' retrieved from /opt/airflow/dags/fintech_dag.py
[2024-12-21T17:16:10.937+0000] {logging_mixin.py:190} INFO - [2024-12-21T17:16:10.936+0000] {dag.py:3239} INFO - Sync 1 DAGs
[2024-12-21T17:16:10.991+0000] {logging_mixin.py:190} INFO - [2024-12-21T17:16:10.990+0000] {dag.py:4180} INFO - Setting next_dagrun for fintech_pipeline to None, run_after=None
[2024-12-21T17:16:11.059+0000] {processor.py:208} INFO - Processing /opt/airflow/dags/fintech_dag.py took 14.323 seconds
[2024-12-21T17:16:41.838+0000] {processor.py:186} INFO - Started process (PID=226) to work on /opt/airflow/dags/fintech_dag.py
[2024-12-21T17:16:41.868+0000] {processor.py:914} INFO - Processing file /opt/airflow/dags/fintech_dag.py for tasks to queue
[2024-12-21T17:16:41.958+0000] {logging_mixin.py:190} INFO - [2024-12-21T17:16:41.957+0000] {dagbag.py:588} INFO - Filling up the DagBag from /opt/airflow/dags/fintech_dag.py
[2024-12-21T17:16:51.268+0000] {processor.py:925} INFO - DAG(s) 'fintech_pipeline' retrieved from /opt/airflow/dags/fintech_dag.py
[2024-12-21T17:16:51.552+0000] {logging_mixin.py:190} INFO - [2024-12-21T17:16:51.551+0000] {dag.py:3239} INFO - Sync 1 DAGs
[2024-12-21T17:16:51.591+0000] {logging_mixin.py:190} INFO - [2024-12-21T17:16:51.591+0000] {dag.py:4180} INFO - Setting next_dagrun for fintech_pipeline to None, run_after=None
[2024-12-21T17:16:52.055+0000] {processor.py:208} INFO - Processing /opt/airflow/dags/fintech_dag.py took 10.335 seconds
[2024-12-21T17:17:24.238+0000] {processor.py:186} INFO - Started process (PID=245) to work on /opt/airflow/dags/fintech_dag.py
[2024-12-21T17:17:24.857+0000] {processor.py:914} INFO - Processing file /opt/airflow/dags/fintech_dag.py for tasks to queue
[2024-12-21T17:17:24.861+0000] {logging_mixin.py:190} INFO - [2024-12-21T17:17:24.861+0000] {dagbag.py:588} INFO - Filling up the DagBag from /opt/airflow/dags/fintech_dag.py
[2024-12-21T17:17:33.886+0000] {processor.py:925} INFO - DAG(s) 'fintech_pipeline' retrieved from /opt/airflow/dags/fintech_dag.py
[2024-12-21T17:17:34.328+0000] {logging_mixin.py:190} INFO - [2024-12-21T17:17:34.297+0000] {dag.py:3239} INFO - Sync 1 DAGs
[2024-12-21T17:17:35.355+0000] {logging_mixin.py:190} INFO - [2024-12-21T17:17:35.354+0000] {dag.py:4180} INFO - Setting next_dagrun for fintech_pipeline to None, run_after=None
[2024-12-21T17:17:35.485+0000] {processor.py:208} INFO - Processing /opt/airflow/dags/fintech_dag.py took 11.327 seconds
[2024-12-21T17:18:06.812+0000] {processor.py:186} INFO - Started process (PID=264) to work on /opt/airflow/dags/fintech_dag.py
[2024-12-21T17:18:06.815+0000] {processor.py:914} INFO - Processing file /opt/airflow/dags/fintech_dag.py for tasks to queue
[2024-12-21T17:18:06.827+0000] {logging_mixin.py:190} INFO - [2024-12-21T17:18:06.826+0000] {dagbag.py:588} INFO - Filling up the DagBag from /opt/airflow/dags/fintech_dag.py
[2024-12-21T17:18:19.457+0000] {processor.py:925} INFO - DAG(s) 'fintech_pipeline' retrieved from /opt/airflow/dags/fintech_dag.py
[2024-12-21T17:18:19.530+0000] {logging_mixin.py:190} INFO - [2024-12-21T17:18:19.529+0000] {dag.py:3239} INFO - Sync 1 DAGs
[2024-12-21T17:18:19.585+0000] {logging_mixin.py:190} INFO - [2024-12-21T17:18:19.584+0000] {dag.py:4180} INFO - Setting next_dagrun for fintech_pipeline to None, run_after=None
[2024-12-21T17:18:19.633+0000] {processor.py:208} INFO - Processing /opt/airflow/dags/fintech_dag.py took 12.908 seconds
[2024-12-21T17:18:49.937+0000] {processor.py:186} INFO - Started process (PID=289) to work on /opt/airflow/dags/fintech_dag.py
[2024-12-21T17:18:50.009+0000] {processor.py:914} INFO - Processing file /opt/airflow/dags/fintech_dag.py for tasks to queue
[2024-12-21T17:18:50.061+0000] {logging_mixin.py:190} INFO - [2024-12-21T17:18:50.060+0000] {dagbag.py:588} INFO - Filling up the DagBag from /opt/airflow/dags/fintech_dag.py
[2024-12-21T17:19:27.438+0000] {logging_mixin.py:190} INFO - [2024-12-21T17:19:27.437+0000] {timeout.py:68} ERROR - Process timed out, PID: 289
[2024-12-21T17:19:27.736+0000] {logging_mixin.py:190} INFO - [2024-12-21T17:19:27.698+0000] {dagbag.py:387} ERROR - Failed to import: /opt/airflow/dags/fintech_dag.py
Traceback (most recent call last):
  File "/home/airflow/.local/lib/python3.12/site-packages/airflow/models/dagbag.py", line 383, in parse
    loader.exec_module(new_module)
  File "<frozen importlib._bootstrap_external>", line 995, in exec_module
  File "<frozen importlib._bootstrap>", line 488, in _call_with_frames_removed
  File "/opt/airflow/dags/fintech_dag.py", line 7, in <module>
    from fintech_dashboard import create_dashboard
  File "/opt/airflow/dags/fintech_dashboard.py", line 4, in <module>
    import plotly.express as px
  File "/home/airflow/.local/lib/python3.12/site-packages/plotly/express/__init__.py", line 14, in <module>
    from ._imshow import imshow
  File "/home/airflow/.local/lib/python3.12/site-packages/plotly/express/_imshow.py", line 3, in <module>
    from ._core import apply_default_cascade, init_figure, configure_animation_controls
  File "/home/airflow/.local/lib/python3.12/site-packages/plotly/express/_core.py", line 46, in <module>
    cartesians = [go.Scatter, go.Scattergl, go.Bar, go.Funnel, go.Box, go.Violin]
                  ^^^^^^^^^^
  File "/home/airflow/.local/lib/python3.12/site-packages/plotly/graph_objs/__init__.py", line 311, in __getattr__
    return orig_getattr(import_name)
           ^^^^^^^^^^^^^^^^^^^^^^^^^
  File "/home/airflow/.local/lib/python3.12/site-packages/_plotly_utils/importers.py", line 36, in __getattr__
    class_module = importlib.import_module(rel_module, parent_name)
                   ^^^^^^^^^^^^^^^^^^^^^^^^^^^^^^^^^^^^^^^^^^^^^^^^
  File "/usr/local/lib/python3.12/importlib/__init__.py", line 90, in import_module
    return _bootstrap._gcd_import(name[level:], package, level)
           ^^^^^^^^^^^^^^^^^^^^^^^^^^^^^^^^^^^^^^^^^^^^^^^^^^^^
  File "<frozen importlib._bootstrap>", line 1387, in _gcd_import
  File "<frozen importlib._bootstrap>", line 1360, in _find_and_load
  File "<frozen importlib._bootstrap>", line 1331, in _find_and_load_unlocked
  File "<frozen importlib._bootstrap>", line 935, in _load_unlocked
  File "<frozen importlib._bootstrap_external>", line 991, in exec_module
  File "<frozen importlib._bootstrap_external>", line 1124, in get_code
  File "<frozen importlib._bootstrap_external>", line 755, in _compile_bytecode
  File "<frozen importlib._bootstrap>", line 491, in _verbose_message
  File "/home/airflow/.local/lib/python3.12/site-packages/airflow/utils/timeout.py", line 69, in handle_timeout
    raise AirflowTaskTimeout(self.error_message)
airflow.exceptions.AirflowTaskTimeout: DagBag import timeout for /opt/airflow/dags/fintech_dag.py after 30.0s.
Please take a look at these docs to improve your DAG import time:
* https://airflow.apache.org/docs/apache-airflow/2.10.3/best-practices.html#top-level-python-code
* https://airflow.apache.org/docs/apache-airflow/2.10.3/best-practices.html#reducing-dag-complexity, PID: 289
[2024-12-21T17:19:27.737+0000] {processor.py:927} WARNING - No viable dags retrieved from /opt/airflow/dags/fintech_dag.py
[2024-12-21T17:19:27.994+0000] {processor.py:208} INFO - Processing /opt/airflow/dags/fintech_dag.py took 38.080 seconds
[2024-12-21T17:24:29.266+0000] {processor.py:186} INFO - Started process (PID=74) to work on /opt/airflow/dags/fintech_dag.py
[2024-12-21T17:24:29.299+0000] {processor.py:914} INFO - Processing file /opt/airflow/dags/fintech_dag.py for tasks to queue
[2024-12-21T17:24:29.302+0000] {logging_mixin.py:190} INFO - [2024-12-21T17:24:29.301+0000] {dagbag.py:588} INFO - Filling up the DagBag from /opt/airflow/dags/fintech_dag.py
[2024-12-21T17:24:31.590+0000] {processor.py:925} INFO - DAG(s) 'fintech_pipeline' retrieved from /opt/airflow/dags/fintech_dag.py
[2024-12-21T17:24:31.929+0000] {logging_mixin.py:190} INFO - [2024-12-21T17:24:31.929+0000] {dag.py:3239} INFO - Sync 1 DAGs
[2024-12-21T17:24:31.961+0000] {logging_mixin.py:190} INFO - [2024-12-21T17:24:31.961+0000] {dag.py:4180} INFO - Setting next_dagrun for fintech_pipeline to None, run_after=None
[2024-12-21T17:24:32.001+0000] {processor.py:208} INFO - Processing /opt/airflow/dags/fintech_dag.py took 2.742 seconds
[2024-12-21T17:24:59.384+0000] {processor.py:186} INFO - Started process (PID=93) to work on /opt/airflow/dags/fintech_dag.py
[2024-12-21T17:24:59.387+0000] {processor.py:914} INFO - Processing file /opt/airflow/dags/fintech_dag.py for tasks to queue
[2024-12-21T17:24:59.394+0000] {logging_mixin.py:190} INFO - [2024-12-21T17:24:59.393+0000] {dagbag.py:588} INFO - Filling up the DagBag from /opt/airflow/dags/fintech_dag.py
[2024-12-21T17:25:01.324+0000] {processor.py:925} INFO - DAG(s) 'fintech_pipeline' retrieved from /opt/airflow/dags/fintech_dag.py
[2024-12-21T17:25:01.345+0000] {logging_mixin.py:190} INFO - [2024-12-21T17:25:01.344+0000] {taskinstance.py:3313} ERROR - {'DAG Id': 'fintech_pipeline', 'Task Id': 'create_dashboard', 'Run Id': 'manual__2024-12-20T18:17:46.917302+00:00', 'Hostname': '34bc7ff1f8b4', 'External Executor Id': 'b2b65d7b-8241-4a27-8cca-2195c2334be1'}
[2024-12-21T17:25:01.530+0000] {logging_mixin.py:190} INFO - [2024-12-21T17:25:01.530+0000] {taskinstance.py:1225} INFO - Marking task as FAILED. dag_id=fintech_pipeline, task_id=create_dashboard, run_id=manual__2024-12-20T18:17:46.917302+00:00, execution_date=20241220T181746, start_date=20241221T171820, end_date=20241221T172501
[2024-12-21T17:25:01.551+0000] {logging_mixin.py:190} INFO - [2024-12-21T17:25:01.551+0000] {processor.py:876} INFO - Executed callback for <TaskInstance: fintech_pipeline.create_dashboard manual__2024-12-20T18:17:46.917302+00:00 [failed]> in state failed
[2024-12-21T17:25:01.558+0000] {logging_mixin.py:190} INFO - [2024-12-21T17:25:01.558+0000] {dag.py:3239} INFO - Sync 1 DAGs
[2024-12-21T17:25:01.601+0000] {logging_mixin.py:190} INFO - [2024-12-21T17:25:01.600+0000] {dag.py:4180} INFO - Setting next_dagrun for fintech_pipeline to None, run_after=None
[2024-12-21T17:25:01.634+0000] {processor.py:208} INFO - Processing /opt/airflow/dags/fintech_dag.py took 2.274 seconds
[2024-12-21T17:25:32.122+0000] {processor.py:186} INFO - Started process (PID=112) to work on /opt/airflow/dags/fintech_dag.py
[2024-12-21T17:25:32.125+0000] {processor.py:914} INFO - Processing file /opt/airflow/dags/fintech_dag.py for tasks to queue
[2024-12-21T17:25:32.133+0000] {logging_mixin.py:190} INFO - [2024-12-21T17:25:32.132+0000] {dagbag.py:588} INFO - Filling up the DagBag from /opt/airflow/dags/fintech_dag.py
[2024-12-21T17:25:33.932+0000] {processor.py:925} INFO - DAG(s) 'fintech_pipeline' retrieved from /opt/airflow/dags/fintech_dag.py
[2024-12-21T17:25:34.133+0000] {logging_mixin.py:190} INFO - [2024-12-21T17:25:34.132+0000] {dag.py:3239} INFO - Sync 1 DAGs
[2024-12-21T17:25:34.182+0000] {logging_mixin.py:190} INFO - [2024-12-21T17:25:34.182+0000] {dag.py:4180} INFO - Setting next_dagrun for fintech_pipeline to None, run_after=None
[2024-12-21T17:25:34.222+0000] {processor.py:208} INFO - Processing /opt/airflow/dags/fintech_dag.py took 2.122 seconds
[2024-12-21T17:26:04.647+0000] {processor.py:186} INFO - Started process (PID=131) to work on /opt/airflow/dags/fintech_dag.py
[2024-12-21T17:26:04.649+0000] {processor.py:914} INFO - Processing file /opt/airflow/dags/fintech_dag.py for tasks to queue
[2024-12-21T17:26:04.656+0000] {logging_mixin.py:190} INFO - [2024-12-21T17:26:04.655+0000] {dagbag.py:588} INFO - Filling up the DagBag from /opt/airflow/dags/fintech_dag.py
[2024-12-21T17:26:06.829+0000] {processor.py:925} INFO - DAG(s) 'fintech_pipeline' retrieved from /opt/airflow/dags/fintech_dag.py
[2024-12-21T17:26:06.878+0000] {logging_mixin.py:190} INFO - [2024-12-21T17:26:06.877+0000] {dag.py:3239} INFO - Sync 1 DAGs
[2024-12-21T17:26:06.923+0000] {logging_mixin.py:190} INFO - [2024-12-21T17:26:06.922+0000] {dag.py:4180} INFO - Setting next_dagrun for fintech_pipeline to None, run_after=None
[2024-12-21T17:26:06.978+0000] {processor.py:208} INFO - Processing /opt/airflow/dags/fintech_dag.py took 2.348 seconds
[2024-12-21T17:26:37.198+0000] {processor.py:186} INFO - Started process (PID=150) to work on /opt/airflow/dags/fintech_dag.py
[2024-12-21T17:26:37.199+0000] {processor.py:914} INFO - Processing file /opt/airflow/dags/fintech_dag.py for tasks to queue
[2024-12-21T17:26:37.202+0000] {logging_mixin.py:190} INFO - [2024-12-21T17:26:37.202+0000] {dagbag.py:588} INFO - Filling up the DagBag from /opt/airflow/dags/fintech_dag.py
[2024-12-21T17:26:38.853+0000] {processor.py:925} INFO - DAG(s) 'fintech_pipeline' retrieved from /opt/airflow/dags/fintech_dag.py
[2024-12-21T17:26:38.880+0000] {logging_mixin.py:190} INFO - [2024-12-21T17:26:38.880+0000] {dag.py:3239} INFO - Sync 1 DAGs
[2024-12-21T17:26:38.911+0000] {logging_mixin.py:190} INFO - [2024-12-21T17:26:38.911+0000] {dag.py:4180} INFO - Setting next_dagrun for fintech_pipeline to None, run_after=None
[2024-12-21T17:26:38.942+0000] {processor.py:208} INFO - Processing /opt/airflow/dags/fintech_dag.py took 1.752 seconds
[2024-12-21T17:27:09.496+0000] {processor.py:186} INFO - Started process (PID=169) to work on /opt/airflow/dags/fintech_dag.py
[2024-12-21T17:27:09.499+0000] {processor.py:914} INFO - Processing file /opt/airflow/dags/fintech_dag.py for tasks to queue
[2024-12-21T17:27:09.509+0000] {logging_mixin.py:190} INFO - [2024-12-21T17:27:09.508+0000] {dagbag.py:588} INFO - Filling up the DagBag from /opt/airflow/dags/fintech_dag.py
[2024-12-21T17:27:11.444+0000] {processor.py:925} INFO - DAG(s) 'fintech_pipeline' retrieved from /opt/airflow/dags/fintech_dag.py
[2024-12-21T17:27:11.477+0000] {logging_mixin.py:190} INFO - [2024-12-21T17:27:11.476+0000] {dag.py:3239} INFO - Sync 1 DAGs
[2024-12-21T17:27:11.511+0000] {logging_mixin.py:190} INFO - [2024-12-21T17:27:11.510+0000] {dag.py:4180} INFO - Setting next_dagrun for fintech_pipeline to None, run_after=None
[2024-12-21T17:27:11.535+0000] {processor.py:208} INFO - Processing /opt/airflow/dags/fintech_dag.py took 2.063 seconds
[2024-12-21T17:28:52.935+0000] {processor.py:186} INFO - Started process (PID=74) to work on /opt/airflow/dags/fintech_dag.py
[2024-12-21T17:28:52.937+0000] {processor.py:914} INFO - Processing file /opt/airflow/dags/fintech_dag.py for tasks to queue
[2024-12-21T17:28:52.942+0000] {logging_mixin.py:190} INFO - [2024-12-21T17:28:52.941+0000] {dagbag.py:588} INFO - Filling up the DagBag from /opt/airflow/dags/fintech_dag.py
[2024-12-21T17:28:58.661+0000] {processor.py:925} INFO - DAG(s) 'fintech_pipeline' retrieved from /opt/airflow/dags/fintech_dag.py
[2024-12-21T17:28:58.762+0000] {logging_mixin.py:190} INFO - [2024-12-21T17:28:58.762+0000] {dag.py:3239} INFO - Sync 1 DAGs
[2024-12-21T17:28:58.817+0000] {logging_mixin.py:190} INFO - [2024-12-21T17:28:58.816+0000] {dag.py:4180} INFO - Setting next_dagrun for fintech_pipeline to None, run_after=None
[2024-12-21T17:28:58.858+0000] {processor.py:208} INFO - Processing /opt/airflow/dags/fintech_dag.py took 5.945 seconds
[2024-12-21T17:29:29.357+0000] {processor.py:186} INFO - Started process (PID=93) to work on /opt/airflow/dags/fintech_dag.py
[2024-12-21T17:29:29.360+0000] {processor.py:914} INFO - Processing file /opt/airflow/dags/fintech_dag.py for tasks to queue
[2024-12-21T17:29:29.370+0000] {logging_mixin.py:190} INFO - [2024-12-21T17:29:29.368+0000] {dagbag.py:588} INFO - Filling up the DagBag from /opt/airflow/dags/fintech_dag.py
[2024-12-21T17:29:32.460+0000] {processor.py:925} INFO - DAG(s) 'fintech_pipeline' retrieved from /opt/airflow/dags/fintech_dag.py
[2024-12-21T17:29:32.513+0000] {logging_mixin.py:190} INFO - [2024-12-21T17:29:32.512+0000] {dag.py:3239} INFO - Sync 1 DAGs
[2024-12-21T17:29:32.568+0000] {logging_mixin.py:190} INFO - [2024-12-21T17:29:32.567+0000] {dag.py:4180} INFO - Setting next_dagrun for fintech_pipeline to None, run_after=None
[2024-12-21T17:29:32.612+0000] {processor.py:208} INFO - Processing /opt/airflow/dags/fintech_dag.py took 3.278 seconds
[2024-12-21T17:30:02.875+0000] {processor.py:186} INFO - Started process (PID=112) to work on /opt/airflow/dags/fintech_dag.py
[2024-12-21T17:30:02.877+0000] {processor.py:914} INFO - Processing file /opt/airflow/dags/fintech_dag.py for tasks to queue
[2024-12-21T17:30:02.885+0000] {logging_mixin.py:190} INFO - [2024-12-21T17:30:02.884+0000] {dagbag.py:588} INFO - Filling up the DagBag from /opt/airflow/dags/fintech_dag.py
[2024-12-21T17:30:05.503+0000] {processor.py:925} INFO - DAG(s) 'fintech_pipeline' retrieved from /opt/airflow/dags/fintech_dag.py
[2024-12-21T17:30:05.537+0000] {logging_mixin.py:190} INFO - [2024-12-21T17:30:05.537+0000] {dag.py:3239} INFO - Sync 1 DAGs
[2024-12-21T17:30:05.571+0000] {logging_mixin.py:190} INFO - [2024-12-21T17:30:05.571+0000] {dag.py:4180} INFO - Setting next_dagrun for fintech_pipeline to None, run_after=None
[2024-12-21T17:30:05.608+0000] {processor.py:208} INFO - Processing /opt/airflow/dags/fintech_dag.py took 2.761 seconds
[2024-12-21T17:30:36.254+0000] {processor.py:186} INFO - Started process (PID=131) to work on /opt/airflow/dags/fintech_dag.py
[2024-12-21T17:30:36.259+0000] {processor.py:914} INFO - Processing file /opt/airflow/dags/fintech_dag.py for tasks to queue
[2024-12-21T17:30:36.272+0000] {logging_mixin.py:190} INFO - [2024-12-21T17:30:36.271+0000] {dagbag.py:588} INFO - Filling up the DagBag from /opt/airflow/dags/fintech_dag.py
[2024-12-21T17:30:38.506+0000] {processor.py:925} INFO - DAG(s) 'fintech_pipeline' retrieved from /opt/airflow/dags/fintech_dag.py
[2024-12-21T17:30:38.558+0000] {logging_mixin.py:190} INFO - [2024-12-21T17:30:38.557+0000] {dag.py:3239} INFO - Sync 1 DAGs
[2024-12-21T17:30:38.610+0000] {logging_mixin.py:190} INFO - [2024-12-21T17:30:38.610+0000] {dag.py:4180} INFO - Setting next_dagrun for fintech_pipeline to None, run_after=None
[2024-12-21T17:30:38.838+0000] {processor.py:208} INFO - Processing /opt/airflow/dags/fintech_dag.py took 2.612 seconds
[2024-12-21T17:31:09.108+0000] {processor.py:186} INFO - Started process (PID=150) to work on /opt/airflow/dags/fintech_dag.py
[2024-12-21T17:31:09.111+0000] {processor.py:914} INFO - Processing file /opt/airflow/dags/fintech_dag.py for tasks to queue
[2024-12-21T17:31:09.119+0000] {logging_mixin.py:190} INFO - [2024-12-21T17:31:09.118+0000] {dagbag.py:588} INFO - Filling up the DagBag from /opt/airflow/dags/fintech_dag.py
[2024-12-21T17:31:11.308+0000] {processor.py:925} INFO - DAG(s) 'fintech_pipeline' retrieved from /opt/airflow/dags/fintech_dag.py
[2024-12-21T17:31:11.343+0000] {logging_mixin.py:190} INFO - [2024-12-21T17:31:11.342+0000] {dag.py:3239} INFO - Sync 1 DAGs
[2024-12-21T17:31:11.528+0000] {logging_mixin.py:190} INFO - [2024-12-21T17:31:11.527+0000] {dag.py:4180} INFO - Setting next_dagrun for fintech_pipeline to None, run_after=None
[2024-12-21T17:31:11.567+0000] {processor.py:208} INFO - Processing /opt/airflow/dags/fintech_dag.py took 2.483 seconds
[2024-12-21T17:31:41.995+0000] {processor.py:186} INFO - Started process (PID=170) to work on /opt/airflow/dags/fintech_dag.py
[2024-12-21T17:31:42.039+0000] {processor.py:914} INFO - Processing file /opt/airflow/dags/fintech_dag.py for tasks to queue
[2024-12-21T17:31:42.045+0000] {logging_mixin.py:190} INFO - [2024-12-21T17:31:42.044+0000] {dagbag.py:588} INFO - Filling up the DagBag from /opt/airflow/dags/fintech_dag.py
[2024-12-21T17:31:44.130+0000] {processor.py:925} INFO - DAG(s) 'fintech_pipeline' retrieved from /opt/airflow/dags/fintech_dag.py
[2024-12-21T17:31:44.160+0000] {logging_mixin.py:190} INFO - [2024-12-21T17:31:44.160+0000] {dag.py:3239} INFO - Sync 1 DAGs
[2024-12-21T17:31:44.343+0000] {logging_mixin.py:190} INFO - [2024-12-21T17:31:44.343+0000] {dag.py:4180} INFO - Setting next_dagrun for fintech_pipeline to None, run_after=None
[2024-12-21T17:31:44.381+0000] {processor.py:208} INFO - Processing /opt/airflow/dags/fintech_dag.py took 2.403 seconds
[2024-12-21T17:32:14.657+0000] {processor.py:186} INFO - Started process (PID=189) to work on /opt/airflow/dags/fintech_dag.py
[2024-12-21T17:32:14.659+0000] {processor.py:914} INFO - Processing file /opt/airflow/dags/fintech_dag.py for tasks to queue
[2024-12-21T17:32:14.665+0000] {logging_mixin.py:190} INFO - [2024-12-21T17:32:14.664+0000] {dagbag.py:588} INFO - Filling up the DagBag from /opt/airflow/dags/fintech_dag.py
[2024-12-21T17:32:16.613+0000] {processor.py:925} INFO - DAG(s) 'fintech_pipeline' retrieved from /opt/airflow/dags/fintech_dag.py
[2024-12-21T17:32:16.776+0000] {logging_mixin.py:190} INFO - [2024-12-21T17:32:16.775+0000] {dag.py:3239} INFO - Sync 1 DAGs
[2024-12-21T17:32:16.801+0000] {logging_mixin.py:190} INFO - [2024-12-21T17:32:16.801+0000] {dag.py:4180} INFO - Setting next_dagrun for fintech_pipeline to None, run_after=None
[2024-12-21T17:32:16.831+0000] {processor.py:208} INFO - Processing /opt/airflow/dags/fintech_dag.py took 2.186 seconds
[2024-12-21T17:32:47.056+0000] {processor.py:186} INFO - Started process (PID=214) to work on /opt/airflow/dags/fintech_dag.py
[2024-12-21T17:32:47.058+0000] {processor.py:914} INFO - Processing file /opt/airflow/dags/fintech_dag.py for tasks to queue
[2024-12-21T17:32:47.065+0000] {logging_mixin.py:190} INFO - [2024-12-21T17:32:47.064+0000] {dagbag.py:588} INFO - Filling up the DagBag from /opt/airflow/dags/fintech_dag.py
[2024-12-21T17:32:49.828+0000] {processor.py:925} INFO - DAG(s) 'fintech_pipeline' retrieved from /opt/airflow/dags/fintech_dag.py
[2024-12-21T17:32:49.880+0000] {logging_mixin.py:190} INFO - [2024-12-21T17:32:49.880+0000] {dag.py:3239} INFO - Sync 1 DAGs
[2024-12-21T17:32:49.931+0000] {logging_mixin.py:190} INFO - [2024-12-21T17:32:49.930+0000] {dag.py:4180} INFO - Setting next_dagrun for fintech_pipeline to None, run_after=None
[2024-12-21T17:32:49.975+0000] {processor.py:208} INFO - Processing /opt/airflow/dags/fintech_dag.py took 2.934 seconds
[2024-12-21T17:34:36.388+0000] {processor.py:186} INFO - Started process (PID=68) to work on /opt/airflow/dags/fintech_dag.py
[2024-12-21T17:34:36.389+0000] {processor.py:914} INFO - Processing file /opt/airflow/dags/fintech_dag.py for tasks to queue
[2024-12-21T17:34:36.392+0000] {logging_mixin.py:190} INFO - [2024-12-21T17:34:36.392+0000] {dagbag.py:588} INFO - Filling up the DagBag from /opt/airflow/dags/fintech_dag.py
[2024-12-21T17:34:40.123+0000] {logging_mixin.py:190} WARNING - /opt/airflow/dags/functions.py:130 SyntaxWarning: invalid escape sequence '\d'
[2024-12-21T17:34:40.128+0000] {processor.py:925} INFO - DAG(s) 'fintech_pipeline' retrieved from /opt/airflow/dags/fintech_dag.py
[2024-12-21T17:34:40.192+0000] {logging_mixin.py:190} INFO - [2024-12-21T17:34:40.192+0000] {dag.py:3239} INFO - Sync 1 DAGs
[2024-12-21T17:34:40.237+0000] {logging_mixin.py:190} INFO - [2024-12-21T17:34:40.237+0000] {dag.py:4180} INFO - Setting next_dagrun for fintech_pipeline to None, run_after=None
[2024-12-21T17:34:40.280+0000] {processor.py:208} INFO - Processing /opt/airflow/dags/fintech_dag.py took 3.901 seconds
[2024-12-21T17:35:10.715+0000] {processor.py:186} INFO - Started process (PID=93) to work on /opt/airflow/dags/fintech_dag.py
[2024-12-21T17:35:10.718+0000] {processor.py:914} INFO - Processing file /opt/airflow/dags/fintech_dag.py for tasks to queue
[2024-12-21T17:35:10.725+0000] {logging_mixin.py:190} INFO - [2024-12-21T17:35:10.724+0000] {dagbag.py:588} INFO - Filling up the DagBag from /opt/airflow/dags/fintech_dag.py
[2024-12-21T17:35:13.146+0000] {processor.py:925} INFO - DAG(s) 'fintech_pipeline' retrieved from /opt/airflow/dags/fintech_dag.py
[2024-12-21T17:35:13.202+0000] {logging_mixin.py:190} INFO - [2024-12-21T17:35:13.200+0000] {dag.py:3239} INFO - Sync 1 DAGs
[2024-12-21T17:35:13.267+0000] {logging_mixin.py:190} INFO - [2024-12-21T17:35:13.267+0000] {dag.py:4180} INFO - Setting next_dagrun for fintech_pipeline to None, run_after=None
[2024-12-21T17:35:13.329+0000] {processor.py:208} INFO - Processing /opt/airflow/dags/fintech_dag.py took 2.632 seconds
[2024-12-21T17:35:43.765+0000] {processor.py:186} INFO - Started process (PID=112) to work on /opt/airflow/dags/fintech_dag.py
[2024-12-21T17:35:43.766+0000] {processor.py:914} INFO - Processing file /opt/airflow/dags/fintech_dag.py for tasks to queue
[2024-12-21T17:35:43.771+0000] {logging_mixin.py:190} INFO - [2024-12-21T17:35:43.770+0000] {dagbag.py:588} INFO - Filling up the DagBag from /opt/airflow/dags/fintech_dag.py
[2024-12-21T17:35:45.670+0000] {processor.py:925} INFO - DAG(s) 'fintech_pipeline' retrieved from /opt/airflow/dags/fintech_dag.py
[2024-12-21T17:35:45.707+0000] {logging_mixin.py:190} INFO - [2024-12-21T17:35:45.707+0000] {dag.py:3239} INFO - Sync 1 DAGs
[2024-12-21T17:35:45.751+0000] {logging_mixin.py:190} INFO - [2024-12-21T17:35:45.751+0000] {dag.py:4180} INFO - Setting next_dagrun for fintech_pipeline to None, run_after=None
[2024-12-21T17:35:45.795+0000] {processor.py:208} INFO - Processing /opt/airflow/dags/fintech_dag.py took 2.041 seconds
[2024-12-21T17:36:16.250+0000] {processor.py:186} INFO - Started process (PID=132) to work on /opt/airflow/dags/fintech_dag.py
[2024-12-21T17:36:16.252+0000] {processor.py:914} INFO - Processing file /opt/airflow/dags/fintech_dag.py for tasks to queue
[2024-12-21T17:36:16.260+0000] {logging_mixin.py:190} INFO - [2024-12-21T17:36:16.259+0000] {dagbag.py:588} INFO - Filling up the DagBag from /opt/airflow/dags/fintech_dag.py
[2024-12-21T17:36:18.690+0000] {processor.py:925} INFO - DAG(s) 'fintech_pipeline' retrieved from /opt/airflow/dags/fintech_dag.py
[2024-12-21T17:36:18.756+0000] {logging_mixin.py:190} INFO - [2024-12-21T17:36:18.755+0000] {dag.py:3239} INFO - Sync 1 DAGs
[2024-12-21T17:36:18.817+0000] {logging_mixin.py:190} INFO - [2024-12-21T17:36:18.817+0000] {dag.py:4180} INFO - Setting next_dagrun for fintech_pipeline to None, run_after=None
[2024-12-21T17:36:19.079+0000] {processor.py:208} INFO - Processing /opt/airflow/dags/fintech_dag.py took 2.851 seconds
[2024-12-21T17:36:49.823+0000] {processor.py:186} INFO - Started process (PID=151) to work on /opt/airflow/dags/fintech_dag.py
[2024-12-21T17:36:49.827+0000] {processor.py:914} INFO - Processing file /opt/airflow/dags/fintech_dag.py for tasks to queue
[2024-12-21T17:36:49.840+0000] {logging_mixin.py:190} INFO - [2024-12-21T17:36:49.838+0000] {dagbag.py:588} INFO - Filling up the DagBag from /opt/airflow/dags/fintech_dag.py
[2024-12-21T17:36:53.418+0000] {processor.py:925} INFO - DAG(s) 'fintech_pipeline' retrieved from /opt/airflow/dags/fintech_dag.py
[2024-12-21T17:36:53.489+0000] {logging_mixin.py:190} INFO - [2024-12-21T17:36:53.487+0000] {dag.py:3239} INFO - Sync 1 DAGs
[2024-12-21T17:36:53.780+0000] {logging_mixin.py:190} INFO - [2024-12-21T17:36:53.779+0000] {dag.py:4180} INFO - Setting next_dagrun for fintech_pipeline to None, run_after=None
[2024-12-21T17:36:53.834+0000] {processor.py:208} INFO - Processing /opt/airflow/dags/fintech_dag.py took 4.036 seconds
[2024-12-21T17:37:24.409+0000] {processor.py:186} INFO - Started process (PID=170) to work on /opt/airflow/dags/fintech_dag.py
[2024-12-21T17:37:24.411+0000] {processor.py:914} INFO - Processing file /opt/airflow/dags/fintech_dag.py for tasks to queue
[2024-12-21T17:37:24.417+0000] {logging_mixin.py:190} INFO - [2024-12-21T17:37:24.416+0000] {dagbag.py:588} INFO - Filling up the DagBag from /opt/airflow/dags/fintech_dag.py
[2024-12-21T17:37:27.405+0000] {processor.py:925} INFO - DAG(s) 'fintech_pipeline' retrieved from /opt/airflow/dags/fintech_dag.py
[2024-12-21T17:37:27.466+0000] {logging_mixin.py:190} INFO - [2024-12-21T17:37:27.465+0000] {dag.py:3239} INFO - Sync 1 DAGs
[2024-12-21T17:37:27.678+0000] {logging_mixin.py:190} INFO - [2024-12-21T17:37:27.677+0000] {dag.py:4180} INFO - Setting next_dagrun for fintech_pipeline to None, run_after=None
[2024-12-21T17:37:27.716+0000] {processor.py:208} INFO - Processing /opt/airflow/dags/fintech_dag.py took 3.330 seconds
[2024-12-21T17:37:57.962+0000] {processor.py:186} INFO - Started process (PID=189) to work on /opt/airflow/dags/fintech_dag.py
[2024-12-21T17:37:57.968+0000] {processor.py:914} INFO - Processing file /opt/airflow/dags/fintech_dag.py for tasks to queue
[2024-12-21T17:37:57.980+0000] {logging_mixin.py:190} INFO - [2024-12-21T17:37:57.979+0000] {dagbag.py:588} INFO - Filling up the DagBag from /opt/airflow/dags/fintech_dag.py
[2024-12-21T17:38:01.621+0000] {processor.py:925} INFO - DAG(s) 'fintech_pipeline' retrieved from /opt/airflow/dags/fintech_dag.py
[2024-12-21T17:38:01.958+0000] {logging_mixin.py:190} INFO - [2024-12-21T17:38:01.957+0000] {dag.py:3239} INFO - Sync 1 DAGs
[2024-12-21T17:38:02.018+0000] {logging_mixin.py:190} INFO - [2024-12-21T17:38:02.017+0000] {dag.py:4180} INFO - Setting next_dagrun for fintech_pipeline to None, run_after=None
[2024-12-21T17:38:02.063+0000] {processor.py:208} INFO - Processing /opt/airflow/dags/fintech_dag.py took 4.128 seconds
[2024-12-21T17:38:32.539+0000] {processor.py:186} INFO - Started process (PID=208) to work on /opt/airflow/dags/fintech_dag.py
[2024-12-21T17:38:32.542+0000] {processor.py:914} INFO - Processing file /opt/airflow/dags/fintech_dag.py for tasks to queue
[2024-12-21T17:38:32.547+0000] {logging_mixin.py:190} INFO - [2024-12-21T17:38:32.546+0000] {dagbag.py:588} INFO - Filling up the DagBag from /opt/airflow/dags/fintech_dag.py
[2024-12-21T17:38:35.816+0000] {processor.py:925} INFO - DAG(s) 'fintech_pipeline' retrieved from /opt/airflow/dags/fintech_dag.py
[2024-12-21T17:38:35.901+0000] {logging_mixin.py:190} INFO - [2024-12-21T17:38:35.899+0000] {dag.py:3239} INFO - Sync 1 DAGs
[2024-12-21T17:38:35.980+0000] {logging_mixin.py:190} INFO - [2024-12-21T17:38:35.980+0000] {dag.py:4180} INFO - Setting next_dagrun for fintech_pipeline to None, run_after=None
[2024-12-21T17:38:36.052+0000] {processor.py:208} INFO - Processing /opt/airflow/dags/fintech_dag.py took 3.529 seconds
[2024-12-21T17:39:06.669+0000] {processor.py:186} INFO - Started process (PID=227) to work on /opt/airflow/dags/fintech_dag.py
[2024-12-21T17:39:06.673+0000] {processor.py:914} INFO - Processing file /opt/airflow/dags/fintech_dag.py for tasks to queue
[2024-12-21T17:39:06.682+0000] {logging_mixin.py:190} INFO - [2024-12-21T17:39:06.681+0000] {dagbag.py:588} INFO - Filling up the DagBag from /opt/airflow/dags/fintech_dag.py
[2024-12-21T17:39:09.765+0000] {processor.py:925} INFO - DAG(s) 'fintech_pipeline' retrieved from /opt/airflow/dags/fintech_dag.py
[2024-12-21T17:39:09.823+0000] {logging_mixin.py:190} INFO - [2024-12-21T17:39:09.822+0000] {dag.py:3239} INFO - Sync 1 DAGs
[2024-12-21T17:39:09.877+0000] {logging_mixin.py:190} INFO - [2024-12-21T17:39:09.876+0000] {dag.py:4180} INFO - Setting next_dagrun for fintech_pipeline to None, run_after=None
[2024-12-21T17:39:09.935+0000] {processor.py:208} INFO - Processing /opt/airflow/dags/fintech_dag.py took 3.291 seconds
[2024-12-21T17:40:52.679+0000] {processor.py:186} INFO - Started process (PID=75) to work on /opt/airflow/dags/fintech_dag.py
[2024-12-21T17:40:52.680+0000] {processor.py:914} INFO - Processing file /opt/airflow/dags/fintech_dag.py for tasks to queue
[2024-12-21T17:40:52.684+0000] {logging_mixin.py:190} INFO - [2024-12-21T17:40:52.683+0000] {dagbag.py:588} INFO - Filling up the DagBag from /opt/airflow/dags/fintech_dag.py
[2024-12-21T17:40:56.157+0000] {processor.py:925} INFO - DAG(s) 'fintech_pipeline' retrieved from /opt/airflow/dags/fintech_dag.py
[2024-12-21T17:40:56.548+0000] {logging_mixin.py:190} INFO - [2024-12-21T17:40:56.547+0000] {dag.py:3239} INFO - Sync 1 DAGs
[2024-12-21T17:40:56.564+0000] {logging_mixin.py:190} INFO - [2024-12-21T17:40:56.564+0000] {dag.py:3262} INFO - Creating ORM DAG for fintech_pipeline
[2024-12-21T17:40:56.575+0000] {logging_mixin.py:190} INFO - [2024-12-21T17:40:56.575+0000] {dag.py:4180} INFO - Setting next_dagrun for fintech_pipeline to 2024-12-19 00:00:00+00:00, run_after=2024-12-19 00:00:00+00:00
[2024-12-21T17:40:56.598+0000] {processor.py:208} INFO - Processing /opt/airflow/dags/fintech_dag.py took 3.929 seconds
[2024-12-21T17:41:27.012+0000] {processor.py:186} INFO - Started process (PID=94) to work on /opt/airflow/dags/fintech_dag.py
[2024-12-21T17:41:27.015+0000] {processor.py:914} INFO - Processing file /opt/airflow/dags/fintech_dag.py for tasks to queue
[2024-12-21T17:41:27.019+0000] {logging_mixin.py:190} INFO - [2024-12-21T17:41:27.018+0000] {dagbag.py:588} INFO - Filling up the DagBag from /opt/airflow/dags/fintech_dag.py
[2024-12-21T17:41:28.926+0000] {processor.py:925} INFO - DAG(s) 'fintech_pipeline' retrieved from /opt/airflow/dags/fintech_dag.py
[2024-12-21T17:41:28.954+0000] {logging_mixin.py:190} INFO - [2024-12-21T17:41:28.953+0000] {dag.py:3239} INFO - Sync 1 DAGs
[2024-12-21T17:41:28.977+0000] {logging_mixin.py:190} INFO - [2024-12-21T17:41:28.977+0000] {dag.py:4180} INFO - Setting next_dagrun for fintech_pipeline to 2024-12-19 00:00:00+00:00, run_after=2024-12-19 00:00:00+00:00
[2024-12-21T17:41:29.010+0000] {processor.py:208} INFO - Processing /opt/airflow/dags/fintech_dag.py took 2.009 seconds
[2024-12-21T17:41:59.421+0000] {processor.py:186} INFO - Started process (PID=117) to work on /opt/airflow/dags/fintech_dag.py
[2024-12-21T17:41:59.423+0000] {processor.py:914} INFO - Processing file /opt/airflow/dags/fintech_dag.py for tasks to queue
[2024-12-21T17:41:59.426+0000] {logging_mixin.py:190} INFO - [2024-12-21T17:41:59.426+0000] {dagbag.py:588} INFO - Filling up the DagBag from /opt/airflow/dags/fintech_dag.py
[2024-12-21T17:42:01.170+0000] {processor.py:925} INFO - DAG(s) 'fintech_pipeline' retrieved from /opt/airflow/dags/fintech_dag.py
[2024-12-21T17:42:01.216+0000] {logging_mixin.py:190} INFO - [2024-12-21T17:42:01.215+0000] {dag.py:3239} INFO - Sync 1 DAGs
[2024-12-21T17:42:01.271+0000] {logging_mixin.py:190} INFO - [2024-12-21T17:42:01.271+0000] {dag.py:4180} INFO - Setting next_dagrun for fintech_pipeline to None, run_after=None
[2024-12-21T17:42:01.343+0000] {processor.py:208} INFO - Processing /opt/airflow/dags/fintech_dag.py took 1.932 seconds
[2024-12-21T17:42:31.872+0000] {processor.py:186} INFO - Started process (PID=144) to work on /opt/airflow/dags/fintech_dag.py
[2024-12-21T17:42:31.873+0000] {processor.py:914} INFO - Processing file /opt/airflow/dags/fintech_dag.py for tasks to queue
[2024-12-21T17:42:31.878+0000] {logging_mixin.py:190} INFO - [2024-12-21T17:42:31.877+0000] {dagbag.py:588} INFO - Filling up the DagBag from /opt/airflow/dags/fintech_dag.py
[2024-12-21T17:42:33.987+0000] {processor.py:925} INFO - DAG(s) 'fintech_pipeline' retrieved from /opt/airflow/dags/fintech_dag.py
[2024-12-21T17:42:34.030+0000] {logging_mixin.py:190} INFO - [2024-12-21T17:42:34.029+0000] {dag.py:3239} INFO - Sync 1 DAGs
[2024-12-21T17:42:34.059+0000] {logging_mixin.py:190} INFO - [2024-12-21T17:42:34.058+0000] {dag.py:4180} INFO - Setting next_dagrun for fintech_pipeline to None, run_after=None
[2024-12-21T17:42:34.233+0000] {processor.py:208} INFO - Processing /opt/airflow/dags/fintech_dag.py took 2.369 seconds
[2024-12-21T17:43:04.458+0000] {processor.py:186} INFO - Started process (PID=163) to work on /opt/airflow/dags/fintech_dag.py
[2024-12-21T17:43:04.461+0000] {processor.py:914} INFO - Processing file /opt/airflow/dags/fintech_dag.py for tasks to queue
[2024-12-21T17:43:04.470+0000] {logging_mixin.py:190} INFO - [2024-12-21T17:43:04.469+0000] {dagbag.py:588} INFO - Filling up the DagBag from /opt/airflow/dags/fintech_dag.py
[2024-12-21T17:43:06.585+0000] {processor.py:925} INFO - DAG(s) 'fintech_pipeline' retrieved from /opt/airflow/dags/fintech_dag.py
[2024-12-21T17:43:06.635+0000] {logging_mixin.py:190} INFO - [2024-12-21T17:43:06.634+0000] {dag.py:3239} INFO - Sync 1 DAGs
[2024-12-21T17:43:06.852+0000] {logging_mixin.py:190} INFO - [2024-12-21T17:43:06.851+0000] {dag.py:4180} INFO - Setting next_dagrun for fintech_pipeline to None, run_after=None
[2024-12-21T17:43:06.876+0000] {processor.py:208} INFO - Processing /opt/airflow/dags/fintech_dag.py took 2.439 seconds
[2024-12-21T17:43:37.334+0000] {processor.py:186} INFO - Started process (PID=182) to work on /opt/airflow/dags/fintech_dag.py
[2024-12-21T17:43:37.338+0000] {processor.py:914} INFO - Processing file /opt/airflow/dags/fintech_dag.py for tasks to queue
[2024-12-21T17:43:37.346+0000] {logging_mixin.py:190} INFO - [2024-12-21T17:43:37.345+0000] {dagbag.py:588} INFO - Filling up the DagBag from /opt/airflow/dags/fintech_dag.py
[2024-12-21T17:43:39.655+0000] {processor.py:925} INFO - DAG(s) 'fintech_pipeline' retrieved from /opt/airflow/dags/fintech_dag.py
[2024-12-21T17:43:39.689+0000] {logging_mixin.py:190} INFO - [2024-12-21T17:43:39.688+0000] {dag.py:3239} INFO - Sync 1 DAGs
[2024-12-21T17:43:39.852+0000] {logging_mixin.py:190} INFO - [2024-12-21T17:43:39.852+0000] {dag.py:4180} INFO - Setting next_dagrun for fintech_pipeline to None, run_after=None
[2024-12-21T17:43:39.892+0000] {processor.py:208} INFO - Processing /opt/airflow/dags/fintech_dag.py took 2.581 seconds
[2024-12-21T17:44:10.446+0000] {processor.py:186} INFO - Started process (PID=201) to work on /opt/airflow/dags/fintech_dag.py
[2024-12-21T17:44:10.449+0000] {processor.py:914} INFO - Processing file /opt/airflow/dags/fintech_dag.py for tasks to queue
[2024-12-21T17:44:10.455+0000] {logging_mixin.py:190} INFO - [2024-12-21T17:44:10.454+0000] {dagbag.py:588} INFO - Filling up the DagBag from /opt/airflow/dags/fintech_dag.py
[2024-12-21T17:44:12.439+0000] {processor.py:925} INFO - DAG(s) 'fintech_pipeline' retrieved from /opt/airflow/dags/fintech_dag.py
[2024-12-21T17:44:12.645+0000] {logging_mixin.py:190} INFO - [2024-12-21T17:44:12.644+0000] {dag.py:3239} INFO - Sync 1 DAGs
[2024-12-21T17:44:12.693+0000] {logging_mixin.py:190} INFO - [2024-12-21T17:44:12.693+0000] {dag.py:4180} INFO - Setting next_dagrun for fintech_pipeline to None, run_after=None
[2024-12-21T17:44:12.735+0000] {processor.py:208} INFO - Processing /opt/airflow/dags/fintech_dag.py took 2.307 seconds
[2024-12-21T17:44:42.974+0000] {processor.py:186} INFO - Started process (PID=220) to work on /opt/airflow/dags/fintech_dag.py
[2024-12-21T17:44:42.978+0000] {processor.py:914} INFO - Processing file /opt/airflow/dags/fintech_dag.py for tasks to queue
[2024-12-21T17:44:42.989+0000] {logging_mixin.py:190} INFO - [2024-12-21T17:44:42.986+0000] {dagbag.py:588} INFO - Filling up the DagBag from /opt/airflow/dags/fintech_dag.py
[2024-12-21T17:44:46.497+0000] {processor.py:925} INFO - DAG(s) 'fintech_pipeline' retrieved from /opt/airflow/dags/fintech_dag.py
[2024-12-21T17:44:46.577+0000] {logging_mixin.py:190} INFO - [2024-12-21T17:44:46.575+0000] {dag.py:3239} INFO - Sync 1 DAGs
[2024-12-21T17:44:46.650+0000] {logging_mixin.py:190} INFO - [2024-12-21T17:44:46.649+0000] {dag.py:4180} INFO - Setting next_dagrun for fintech_pipeline to None, run_after=None
[2024-12-21T17:44:46.717+0000] {processor.py:208} INFO - Processing /opt/airflow/dags/fintech_dag.py took 3.768 seconds
[2024-12-21T17:45:17.372+0000] {processor.py:186} INFO - Started process (PID=239) to work on /opt/airflow/dags/fintech_dag.py
[2024-12-21T17:45:17.377+0000] {processor.py:914} INFO - Processing file /opt/airflow/dags/fintech_dag.py for tasks to queue
[2024-12-21T17:45:17.393+0000] {logging_mixin.py:190} INFO - [2024-12-21T17:45:17.391+0000] {dagbag.py:588} INFO - Filling up the DagBag from /opt/airflow/dags/fintech_dag.py
[2024-12-21T17:45:21.166+0000] {processor.py:925} INFO - DAG(s) 'fintech_pipeline' retrieved from /opt/airflow/dags/fintech_dag.py
[2024-12-21T17:45:21.264+0000] {logging_mixin.py:190} INFO - [2024-12-21T17:45:21.262+0000] {dag.py:3239} INFO - Sync 1 DAGs
[2024-12-21T17:45:21.355+0000] {logging_mixin.py:190} INFO - [2024-12-21T17:45:21.354+0000] {dag.py:4180} INFO - Setting next_dagrun for fintech_pipeline to None, run_after=None
[2024-12-21T17:45:21.428+0000] {processor.py:208} INFO - Processing /opt/airflow/dags/fintech_dag.py took 4.086 seconds
[2024-12-21T18:33:16.165+0000] {processor.py:186} INFO - Started process (PID=73) to work on /opt/airflow/dags/fintech_dag.py
[2024-12-21T18:33:16.167+0000] {processor.py:914} INFO - Processing file /opt/airflow/dags/fintech_dag.py for tasks to queue
[2024-12-21T18:33:16.171+0000] {logging_mixin.py:190} INFO - [2024-12-21T18:33:16.170+0000] {dagbag.py:588} INFO - Filling up the DagBag from /opt/airflow/dags/fintech_dag.py
[2024-12-21T18:33:19.531+0000] {processor.py:925} INFO - DAG(s) 'fintech_pipeline' retrieved from /opt/airflow/dags/fintech_dag.py
[2024-12-21T18:33:19.594+0000] {logging_mixin.py:190} INFO - [2024-12-21T18:33:19.593+0000] {dag.py:3239} INFO - Sync 1 DAGs
[2024-12-21T18:33:19.632+0000] {logging_mixin.py:190} INFO - [2024-12-21T18:33:19.631+0000] {dag.py:4180} INFO - Setting next_dagrun for fintech_pipeline to None, run_after=None
[2024-12-21T18:33:19.659+0000] {processor.py:208} INFO - Processing /opt/airflow/dags/fintech_dag.py took 3.506 seconds
[2024-12-21T18:33:26.283+0000] {processor.py:186} INFO - Started process (PID=86) to work on /opt/airflow/dags/fintech_dag.py
[2024-12-21T18:33:26.284+0000] {processor.py:914} INFO - Processing file /opt/airflow/dags/fintech_dag.py for tasks to queue
[2024-12-21T18:33:26.292+0000] {logging_mixin.py:190} INFO - [2024-12-21T18:33:26.292+0000] {dagbag.py:588} INFO - Filling up the DagBag from /opt/airflow/dags/fintech_dag.py
[2024-12-21T18:33:28.255+0000] {processor.py:925} INFO - DAG(s) 'fintech_pipeline' retrieved from /opt/airflow/dags/fintech_dag.py
[2024-12-21T18:33:28.270+0000] {logging_mixin.py:190} INFO - [2024-12-21T18:33:28.270+0000] {taskinstance.py:3313} ERROR - {'DAG Id': 'fintech_pipeline', 'Task Id': 'create_dashboard', 'Run Id': 'manual__2024-12-21T17:41:34.581863+00:00', 'Hostname': '9253fe7b8eb6', 'External Executor Id': '570f8509-0304-4a16-a387-c19110056625'}
[2024-12-21T18:33:28.292+0000] {logging_mixin.py:190} INFO - [2024-12-21T18:33:28.292+0000] {taskinstance.py:1225} INFO - Marking task as UP_FOR_RETRY. dag_id=fintech_pipeline, task_id=create_dashboard, run_id=manual__2024-12-21T17:41:34.581863+00:00, execution_date=20241221T174134, start_date=20241221T174236, end_date=20241221T183328
[2024-12-21T18:33:28.306+0000] {logging_mixin.py:190} INFO - [2024-12-21T18:33:28.305+0000] {processor.py:876} INFO - Executed callback for <TaskInstance: fintech_pipeline.create_dashboard manual__2024-12-21T17:41:34.581863+00:00 [up_for_retry]> in state up_for_retry
[2024-12-21T18:33:28.322+0000] {logging_mixin.py:190} INFO - [2024-12-21T18:33:28.322+0000] {dag.py:3239} INFO - Sync 1 DAGs
[2024-12-21T18:33:28.341+0000] {logging_mixin.py:190} INFO - [2024-12-21T18:33:28.340+0000] {dag.py:4180} INFO - Setting next_dagrun for fintech_pipeline to None, run_after=None
[2024-12-21T18:33:28.361+0000] {processor.py:208} INFO - Processing /opt/airflow/dags/fintech_dag.py took 2.085 seconds
[2024-12-21T18:33:58.506+0000] {processor.py:186} INFO - Started process (PID=105) to work on /opt/airflow/dags/fintech_dag.py
[2024-12-21T18:33:58.507+0000] {processor.py:914} INFO - Processing file /opt/airflow/dags/fintech_dag.py for tasks to queue
[2024-12-21T18:33:58.511+0000] {logging_mixin.py:190} INFO - [2024-12-21T18:33:58.510+0000] {dagbag.py:588} INFO - Filling up the DagBag from /opt/airflow/dags/fintech_dag.py
[2024-12-21T18:33:59.902+0000] {processor.py:925} INFO - DAG(s) 'fintech_pipeline' retrieved from /opt/airflow/dags/fintech_dag.py
[2024-12-21T18:33:59.931+0000] {logging_mixin.py:190} INFO - [2024-12-21T18:33:59.930+0000] {dag.py:3239} INFO - Sync 1 DAGs
[2024-12-21T18:33:59.958+0000] {logging_mixin.py:190} INFO - [2024-12-21T18:33:59.958+0000] {dag.py:4180} INFO - Setting next_dagrun for fintech_pipeline to None, run_after=None
[2024-12-21T18:33:59.987+0000] {processor.py:208} INFO - Processing /opt/airflow/dags/fintech_dag.py took 1.487 seconds
[2024-12-21T18:34:30.236+0000] {processor.py:186} INFO - Started process (PID=124) to work on /opt/airflow/dags/fintech_dag.py
[2024-12-21T18:34:30.237+0000] {processor.py:914} INFO - Processing file /opt/airflow/dags/fintech_dag.py for tasks to queue
[2024-12-21T18:34:30.240+0000] {logging_mixin.py:190} INFO - [2024-12-21T18:34:30.240+0000] {dagbag.py:588} INFO - Filling up the DagBag from /opt/airflow/dags/fintech_dag.py
[2024-12-21T18:34:31.434+0000] {processor.py:925} INFO - DAG(s) 'fintech_pipeline' retrieved from /opt/airflow/dags/fintech_dag.py
[2024-12-21T18:34:31.458+0000] {logging_mixin.py:190} INFO - [2024-12-21T18:34:31.457+0000] {dag.py:3239} INFO - Sync 1 DAGs
[2024-12-21T18:34:31.479+0000] {logging_mixin.py:190} INFO - [2024-12-21T18:34:31.479+0000] {dag.py:4180} INFO - Setting next_dagrun for fintech_pipeline to None, run_after=None
[2024-12-21T18:34:31.502+0000] {processor.py:208} INFO - Processing /opt/airflow/dags/fintech_dag.py took 1.271 seconds
[2024-12-21T18:35:01.744+0000] {processor.py:186} INFO - Started process (PID=143) to work on /opt/airflow/dags/fintech_dag.py
[2024-12-21T18:35:01.745+0000] {processor.py:914} INFO - Processing file /opt/airflow/dags/fintech_dag.py for tasks to queue
[2024-12-21T18:35:01.749+0000] {logging_mixin.py:190} INFO - [2024-12-21T18:35:01.748+0000] {dagbag.py:588} INFO - Filling up the DagBag from /opt/airflow/dags/fintech_dag.py
[2024-12-21T18:35:03.203+0000] {processor.py:925} INFO - DAG(s) 'fintech_pipeline' retrieved from /opt/airflow/dags/fintech_dag.py
[2024-12-21T18:35:03.228+0000] {logging_mixin.py:190} INFO - [2024-12-21T18:35:03.227+0000] {dag.py:3239} INFO - Sync 1 DAGs
[2024-12-21T18:35:03.251+0000] {logging_mixin.py:190} INFO - [2024-12-21T18:35:03.251+0000] {dag.py:4180} INFO - Setting next_dagrun for fintech_pipeline to None, run_after=None
[2024-12-21T18:35:03.385+0000] {processor.py:208} INFO - Processing /opt/airflow/dags/fintech_dag.py took 1.648 seconds
[2024-12-21T18:35:07.486+0000] {processor.py:186} INFO - Started process (PID=156) to work on /opt/airflow/dags/fintech_dag.py
[2024-12-21T18:35:07.487+0000] {processor.py:914} INFO - Processing file /opt/airflow/dags/fintech_dag.py for tasks to queue
[2024-12-21T18:35:07.491+0000] {logging_mixin.py:190} INFO - [2024-12-21T18:35:07.491+0000] {dagbag.py:588} INFO - Filling up the DagBag from /opt/airflow/dags/fintech_dag.py
[2024-12-21T18:35:08.674+0000] {processor.py:925} INFO - DAG(s) 'fintech_pipeline' retrieved from /opt/airflow/dags/fintech_dag.py
[2024-12-21T18:35:08.697+0000] {logging_mixin.py:190} INFO - [2024-12-21T18:35:08.696+0000] {dag.py:3239} INFO - Sync 1 DAGs
[2024-12-21T18:35:08.718+0000] {logging_mixin.py:190} INFO - [2024-12-21T18:35:08.717+0000] {dag.py:4180} INFO - Setting next_dagrun for fintech_pipeline to None, run_after=None
[2024-12-21T18:35:08.844+0000] {processor.py:208} INFO - Processing /opt/airflow/dags/fintech_dag.py took 1.368 seconds
[2024-12-21T18:35:39.009+0000] {processor.py:186} INFO - Started process (PID=175) to work on /opt/airflow/dags/fintech_dag.py
[2024-12-21T18:35:39.010+0000] {processor.py:914} INFO - Processing file /opt/airflow/dags/fintech_dag.py for tasks to queue
[2024-12-21T18:35:39.014+0000] {logging_mixin.py:190} INFO - [2024-12-21T18:35:39.014+0000] {dagbag.py:588} INFO - Filling up the DagBag from /opt/airflow/dags/fintech_dag.py
[2024-12-21T18:35:40.383+0000] {processor.py:925} INFO - DAG(s) 'fintech_pipeline' retrieved from /opt/airflow/dags/fintech_dag.py
[2024-12-21T18:35:40.406+0000] {logging_mixin.py:190} INFO - [2024-12-21T18:35:40.405+0000] {dag.py:3239} INFO - Sync 1 DAGs
[2024-12-21T18:35:40.521+0000] {logging_mixin.py:190} INFO - [2024-12-21T18:35:40.521+0000] {dag.py:4180} INFO - Setting next_dagrun for fintech_pipeline to None, run_after=None
[2024-12-21T18:35:40.547+0000] {processor.py:208} INFO - Processing /opt/airflow/dags/fintech_dag.py took 1.546 seconds
[2024-12-21T18:36:10.784+0000] {processor.py:186} INFO - Started process (PID=194) to work on /opt/airflow/dags/fintech_dag.py
[2024-12-21T18:36:10.785+0000] {processor.py:914} INFO - Processing file /opt/airflow/dags/fintech_dag.py for tasks to queue
[2024-12-21T18:36:10.787+0000] {logging_mixin.py:190} INFO - [2024-12-21T18:36:10.787+0000] {dagbag.py:588} INFO - Filling up the DagBag from /opt/airflow/dags/fintech_dag.py
[2024-12-21T18:36:11.824+0000] {processor.py:925} INFO - DAG(s) 'fintech_pipeline' retrieved from /opt/airflow/dags/fintech_dag.py
[2024-12-21T18:36:11.929+0000] {logging_mixin.py:190} INFO - [2024-12-21T18:36:11.929+0000] {dag.py:3239} INFO - Sync 1 DAGs
[2024-12-21T18:36:11.945+0000] {logging_mixin.py:190} INFO - [2024-12-21T18:36:11.945+0000] {dag.py:4180} INFO - Setting next_dagrun for fintech_pipeline to None, run_after=None
[2024-12-21T18:36:11.962+0000] {processor.py:208} INFO - Processing /opt/airflow/dags/fintech_dag.py took 1.185 seconds
[2024-12-21T18:36:42.190+0000] {processor.py:186} INFO - Started process (PID=220) to work on /opt/airflow/dags/fintech_dag.py
[2024-12-21T18:36:42.191+0000] {processor.py:914} INFO - Processing file /opt/airflow/dags/fintech_dag.py for tasks to queue
[2024-12-21T18:36:42.194+0000] {logging_mixin.py:190} INFO - [2024-12-21T18:36:42.193+0000] {dagbag.py:588} INFO - Filling up the DagBag from /opt/airflow/dags/fintech_dag.py
[2024-12-21T18:36:43.311+0000] {processor.py:925} INFO - DAG(s) 'fintech_pipeline' retrieved from /opt/airflow/dags/fintech_dag.py
[2024-12-21T18:36:43.480+0000] {logging_mixin.py:190} INFO - [2024-12-21T18:36:43.480+0000] {dag.py:3239} INFO - Sync 1 DAGs
[2024-12-21T18:36:43.497+0000] {logging_mixin.py:190} INFO - [2024-12-21T18:36:43.497+0000] {dag.py:4180} INFO - Setting next_dagrun for fintech_pipeline to None, run_after=None
[2024-12-21T18:36:43.515+0000] {processor.py:208} INFO - Processing /opt/airflow/dags/fintech_dag.py took 1.331 seconds
[2024-12-21T18:37:13.754+0000] {processor.py:186} INFO - Started process (PID=239) to work on /opt/airflow/dags/fintech_dag.py
[2024-12-21T18:37:13.756+0000] {processor.py:914} INFO - Processing file /opt/airflow/dags/fintech_dag.py for tasks to queue
[2024-12-21T18:37:13.760+0000] {logging_mixin.py:190} INFO - [2024-12-21T18:37:13.759+0000] {dagbag.py:588} INFO - Filling up the DagBag from /opt/airflow/dags/fintech_dag.py
[2024-12-21T18:37:14.892+0000] {processor.py:925} INFO - DAG(s) 'fintech_pipeline' retrieved from /opt/airflow/dags/fintech_dag.py
[2024-12-21T18:37:14.911+0000] {logging_mixin.py:190} INFO - [2024-12-21T18:37:14.911+0000] {dag.py:3239} INFO - Sync 1 DAGs
[2024-12-21T18:37:14.927+0000] {logging_mixin.py:190} INFO - [2024-12-21T18:37:14.927+0000] {dag.py:4180} INFO - Setting next_dagrun for fintech_pipeline to None, run_after=None
[2024-12-21T18:37:14.944+0000] {processor.py:208} INFO - Processing /opt/airflow/dags/fintech_dag.py took 1.197 seconds
[2024-12-21T18:37:45.163+0000] {processor.py:186} INFO - Started process (PID=258) to work on /opt/airflow/dags/fintech_dag.py
[2024-12-21T18:37:45.164+0000] {processor.py:914} INFO - Processing file /opt/airflow/dags/fintech_dag.py for tasks to queue
[2024-12-21T18:37:45.166+0000] {logging_mixin.py:190} INFO - [2024-12-21T18:37:45.166+0000] {dagbag.py:588} INFO - Filling up the DagBag from /opt/airflow/dags/fintech_dag.py
[2024-12-21T18:37:46.419+0000] {processor.py:925} INFO - DAG(s) 'fintech_pipeline' retrieved from /opt/airflow/dags/fintech_dag.py
[2024-12-21T18:37:46.441+0000] {logging_mixin.py:190} INFO - [2024-12-21T18:37:46.440+0000] {dag.py:3239} INFO - Sync 1 DAGs
[2024-12-21T18:37:46.460+0000] {logging_mixin.py:190} INFO - [2024-12-21T18:37:46.459+0000] {dag.py:4180} INFO - Setting next_dagrun for fintech_pipeline to None, run_after=None
[2024-12-21T18:37:46.481+0000] {processor.py:208} INFO - Processing /opt/airflow/dags/fintech_dag.py took 1.323 seconds
[2024-12-21T18:38:16.709+0000] {processor.py:186} INFO - Started process (PID=278) to work on /opt/airflow/dags/fintech_dag.py
[2024-12-21T18:38:16.711+0000] {processor.py:914} INFO - Processing file /opt/airflow/dags/fintech_dag.py for tasks to queue
[2024-12-21T18:38:16.714+0000] {logging_mixin.py:190} INFO - [2024-12-21T18:38:16.713+0000] {dagbag.py:588} INFO - Filling up the DagBag from /opt/airflow/dags/fintech_dag.py
[2024-12-21T18:38:17.922+0000] {processor.py:925} INFO - DAG(s) 'fintech_pipeline' retrieved from /opt/airflow/dags/fintech_dag.py
[2024-12-21T18:38:17.941+0000] {logging_mixin.py:190} INFO - [2024-12-21T18:38:17.941+0000] {dag.py:3239} INFO - Sync 1 DAGs
[2024-12-21T18:38:17.959+0000] {logging_mixin.py:190} INFO - [2024-12-21T18:38:17.959+0000] {dag.py:4180} INFO - Setting next_dagrun for fintech_pipeline to None, run_after=None
[2024-12-21T18:38:17.978+0000] {processor.py:208} INFO - Processing /opt/airflow/dags/fintech_dag.py took 1.274 seconds
[2024-12-21T18:38:48.209+0000] {processor.py:186} INFO - Started process (PID=297) to work on /opt/airflow/dags/fintech_dag.py
[2024-12-21T18:38:48.210+0000] {processor.py:914} INFO - Processing file /opt/airflow/dags/fintech_dag.py for tasks to queue
[2024-12-21T18:38:48.212+0000] {logging_mixin.py:190} INFO - [2024-12-21T18:38:48.211+0000] {dagbag.py:588} INFO - Filling up the DagBag from /opt/airflow/dags/fintech_dag.py
[2024-12-21T18:38:49.259+0000] {processor.py:925} INFO - DAG(s) 'fintech_pipeline' retrieved from /opt/airflow/dags/fintech_dag.py
[2024-12-21T18:38:49.277+0000] {logging_mixin.py:190} INFO - [2024-12-21T18:38:49.277+0000] {dag.py:3239} INFO - Sync 1 DAGs
[2024-12-21T18:38:49.294+0000] {logging_mixin.py:190} INFO - [2024-12-21T18:38:49.294+0000] {dag.py:4180} INFO - Setting next_dagrun for fintech_pipeline to None, run_after=None
[2024-12-21T18:38:49.309+0000] {processor.py:208} INFO - Processing /opt/airflow/dags/fintech_dag.py took 1.106 seconds
[2024-12-21T18:39:19.426+0000] {processor.py:186} INFO - Started process (PID=316) to work on /opt/airflow/dags/fintech_dag.py
[2024-12-21T18:39:19.427+0000] {processor.py:914} INFO - Processing file /opt/airflow/dags/fintech_dag.py for tasks to queue
[2024-12-21T18:39:19.430+0000] {logging_mixin.py:190} INFO - [2024-12-21T18:39:19.429+0000] {dagbag.py:588} INFO - Filling up the DagBag from /opt/airflow/dags/fintech_dag.py
[2024-12-21T18:39:20.572+0000] {processor.py:925} INFO - DAG(s) 'fintech_pipeline' retrieved from /opt/airflow/dags/fintech_dag.py
[2024-12-21T18:39:20.591+0000] {logging_mixin.py:190} INFO - [2024-12-21T18:39:20.591+0000] {dag.py:3239} INFO - Sync 1 DAGs
[2024-12-21T18:39:20.609+0000] {logging_mixin.py:190} INFO - [2024-12-21T18:39:20.608+0000] {dag.py:4180} INFO - Setting next_dagrun for fintech_pipeline to None, run_after=None
[2024-12-21T18:39:20.626+0000] {processor.py:208} INFO - Processing /opt/airflow/dags/fintech_dag.py took 1.204 seconds
[2024-12-21T18:39:50.739+0000] {processor.py:186} INFO - Started process (PID=335) to work on /opt/airflow/dags/fintech_dag.py
[2024-12-21T18:39:50.740+0000] {processor.py:914} INFO - Processing file /opt/airflow/dags/fintech_dag.py for tasks to queue
[2024-12-21T18:39:50.742+0000] {logging_mixin.py:190} INFO - [2024-12-21T18:39:50.742+0000] {dagbag.py:588} INFO - Filling up the DagBag from /opt/airflow/dags/fintech_dag.py
[2024-12-21T18:39:51.743+0000] {processor.py:925} INFO - DAG(s) 'fintech_pipeline' retrieved from /opt/airflow/dags/fintech_dag.py
[2024-12-21T18:39:51.849+0000] {logging_mixin.py:190} INFO - [2024-12-21T18:39:51.849+0000] {dag.py:3239} INFO - Sync 1 DAGs
[2024-12-21T18:39:51.865+0000] {logging_mixin.py:190} INFO - [2024-12-21T18:39:51.865+0000] {dag.py:4180} INFO - Setting next_dagrun for fintech_pipeline to None, run_after=None
[2024-12-21T18:39:51.882+0000] {processor.py:208} INFO - Processing /opt/airflow/dags/fintech_dag.py took 1.149 seconds
[2024-12-21T18:40:22.064+0000] {processor.py:186} INFO - Started process (PID=354) to work on /opt/airflow/dags/fintech_dag.py
[2024-12-21T18:40:22.065+0000] {processor.py:914} INFO - Processing file /opt/airflow/dags/fintech_dag.py for tasks to queue
[2024-12-21T18:40:22.068+0000] {logging_mixin.py:190} INFO - [2024-12-21T18:40:22.068+0000] {dagbag.py:588} INFO - Filling up the DagBag from /opt/airflow/dags/fintech_dag.py
[2024-12-21T18:40:23.208+0000] {processor.py:925} INFO - DAG(s) 'fintech_pipeline' retrieved from /opt/airflow/dags/fintech_dag.py
[2024-12-21T18:40:23.228+0000] {logging_mixin.py:190} INFO - [2024-12-21T18:40:23.228+0000] {dag.py:3239} INFO - Sync 1 DAGs
[2024-12-21T18:40:23.249+0000] {logging_mixin.py:190} INFO - [2024-12-21T18:40:23.248+0000] {dag.py:4180} INFO - Setting next_dagrun for fintech_pipeline to None, run_after=None
[2024-12-21T18:40:23.265+0000] {processor.py:208} INFO - Processing /opt/airflow/dags/fintech_dag.py took 1.206 seconds
[2024-12-21T18:40:53.482+0000] {processor.py:186} INFO - Started process (PID=373) to work on /opt/airflow/dags/fintech_dag.py
[2024-12-21T18:40:53.483+0000] {processor.py:914} INFO - Processing file /opt/airflow/dags/fintech_dag.py for tasks to queue
[2024-12-21T18:40:53.486+0000] {logging_mixin.py:190} INFO - [2024-12-21T18:40:53.486+0000] {dagbag.py:588} INFO - Filling up the DagBag from /opt/airflow/dags/fintech_dag.py
[2024-12-21T18:40:54.608+0000] {processor.py:925} INFO - DAG(s) 'fintech_pipeline' retrieved from /opt/airflow/dags/fintech_dag.py
[2024-12-21T18:40:54.627+0000] {logging_mixin.py:190} INFO - [2024-12-21T18:40:54.627+0000] {dag.py:3239} INFO - Sync 1 DAGs
[2024-12-21T18:40:54.644+0000] {logging_mixin.py:190} INFO - [2024-12-21T18:40:54.643+0000] {dag.py:4180} INFO - Setting next_dagrun for fintech_pipeline to None, run_after=None
[2024-12-21T18:40:54.661+0000] {processor.py:208} INFO - Processing /opt/airflow/dags/fintech_dag.py took 1.184 seconds
[2024-12-21T18:41:24.875+0000] {processor.py:186} INFO - Started process (PID=392) to work on /opt/airflow/dags/fintech_dag.py
[2024-12-21T18:41:24.876+0000] {processor.py:914} INFO - Processing file /opt/airflow/dags/fintech_dag.py for tasks to queue
[2024-12-21T18:41:24.879+0000] {logging_mixin.py:190} INFO - [2024-12-21T18:41:24.878+0000] {dagbag.py:588} INFO - Filling up the DagBag from /opt/airflow/dags/fintech_dag.py
[2024-12-21T18:41:26.002+0000] {processor.py:925} INFO - DAG(s) 'fintech_pipeline' retrieved from /opt/airflow/dags/fintech_dag.py
[2024-12-21T18:41:26.022+0000] {logging_mixin.py:190} INFO - [2024-12-21T18:41:26.021+0000] {dag.py:3239} INFO - Sync 1 DAGs
[2024-12-21T18:41:26.041+0000] {logging_mixin.py:190} INFO - [2024-12-21T18:41:26.041+0000] {dag.py:4180} INFO - Setting next_dagrun for fintech_pipeline to None, run_after=None
[2024-12-21T18:41:26.059+0000] {processor.py:208} INFO - Processing /opt/airflow/dags/fintech_dag.py took 1.190 seconds
[2024-12-21T18:41:56.273+0000] {processor.py:186} INFO - Started process (PID=411) to work on /opt/airflow/dags/fintech_dag.py
[2024-12-21T18:41:56.275+0000] {processor.py:914} INFO - Processing file /opt/airflow/dags/fintech_dag.py for tasks to queue
[2024-12-21T18:41:56.277+0000] {logging_mixin.py:190} INFO - [2024-12-21T18:41:56.276+0000] {dagbag.py:588} INFO - Filling up the DagBag from /opt/airflow/dags/fintech_dag.py
[2024-12-21T18:41:57.578+0000] {processor.py:925} INFO - DAG(s) 'fintech_pipeline' retrieved from /opt/airflow/dags/fintech_dag.py
[2024-12-21T18:41:57.603+0000] {logging_mixin.py:190} INFO - [2024-12-21T18:41:57.602+0000] {dag.py:3239} INFO - Sync 1 DAGs
[2024-12-21T18:41:57.628+0000] {logging_mixin.py:190} INFO - [2024-12-21T18:41:57.628+0000] {dag.py:4180} INFO - Setting next_dagrun for fintech_pipeline to None, run_after=None
[2024-12-21T18:41:57.646+0000] {processor.py:208} INFO - Processing /opt/airflow/dags/fintech_dag.py took 1.379 seconds
[2024-12-21T18:42:27.876+0000] {processor.py:186} INFO - Started process (PID=430) to work on /opt/airflow/dags/fintech_dag.py
[2024-12-21T18:42:27.877+0000] {processor.py:914} INFO - Processing file /opt/airflow/dags/fintech_dag.py for tasks to queue
[2024-12-21T18:42:27.880+0000] {logging_mixin.py:190} INFO - [2024-12-21T18:42:27.880+0000] {dagbag.py:588} INFO - Filling up the DagBag from /opt/airflow/dags/fintech_dag.py
[2024-12-21T18:42:29.233+0000] {processor.py:925} INFO - DAG(s) 'fintech_pipeline' retrieved from /opt/airflow/dags/fintech_dag.py
[2024-12-21T18:42:29.253+0000] {logging_mixin.py:190} INFO - [2024-12-21T18:42:29.253+0000] {dag.py:3239} INFO - Sync 1 DAGs
[2024-12-21T18:42:29.271+0000] {logging_mixin.py:190} INFO - [2024-12-21T18:42:29.271+0000] {dag.py:4180} INFO - Setting next_dagrun for fintech_pipeline to None, run_after=None
[2024-12-21T18:42:29.289+0000] {processor.py:208} INFO - Processing /opt/airflow/dags/fintech_dag.py took 1.422 seconds
[2024-12-21T18:42:59.510+0000] {processor.py:186} INFO - Started process (PID=449) to work on /opt/airflow/dags/fintech_dag.py
[2024-12-21T18:42:59.511+0000] {processor.py:914} INFO - Processing file /opt/airflow/dags/fintech_dag.py for tasks to queue
[2024-12-21T18:42:59.513+0000] {logging_mixin.py:190} INFO - [2024-12-21T18:42:59.513+0000] {dagbag.py:588} INFO - Filling up the DagBag from /opt/airflow/dags/fintech_dag.py
[2024-12-21T18:43:00.755+0000] {processor.py:925} INFO - DAG(s) 'fintech_pipeline' retrieved from /opt/airflow/dags/fintech_dag.py
[2024-12-21T18:43:00.776+0000] {logging_mixin.py:190} INFO - [2024-12-21T18:43:00.776+0000] {dag.py:3239} INFO - Sync 1 DAGs
[2024-12-21T18:43:00.797+0000] {logging_mixin.py:190} INFO - [2024-12-21T18:43:00.797+0000] {dag.py:4180} INFO - Setting next_dagrun for fintech_pipeline to None, run_after=None
[2024-12-21T18:43:00.825+0000] {processor.py:208} INFO - Processing /opt/airflow/dags/fintech_dag.py took 1.321 seconds
[2024-12-21T18:43:31.057+0000] {processor.py:186} INFO - Started process (PID=468) to work on /opt/airflow/dags/fintech_dag.py
[2024-12-21T18:43:31.058+0000] {processor.py:914} INFO - Processing file /opt/airflow/dags/fintech_dag.py for tasks to queue
[2024-12-21T18:43:31.061+0000] {logging_mixin.py:190} INFO - [2024-12-21T18:43:31.060+0000] {dagbag.py:588} INFO - Filling up the DagBag from /opt/airflow/dags/fintech_dag.py
[2024-12-21T18:43:32.328+0000] {processor.py:925} INFO - DAG(s) 'fintech_pipeline' retrieved from /opt/airflow/dags/fintech_dag.py
[2024-12-21T18:43:32.348+0000] {logging_mixin.py:190} INFO - [2024-12-21T18:43:32.348+0000] {dag.py:3239} INFO - Sync 1 DAGs
[2024-12-21T18:43:32.366+0000] {logging_mixin.py:190} INFO - [2024-12-21T18:43:32.366+0000] {dag.py:4180} INFO - Setting next_dagrun for fintech_pipeline to None, run_after=None
[2024-12-21T18:43:32.385+0000] {processor.py:208} INFO - Processing /opt/airflow/dags/fintech_dag.py took 1.334 seconds
[2024-12-21T18:44:02.606+0000] {processor.py:186} INFO - Started process (PID=487) to work on /opt/airflow/dags/fintech_dag.py
[2024-12-21T18:44:02.607+0000] {processor.py:914} INFO - Processing file /opt/airflow/dags/fintech_dag.py for tasks to queue
[2024-12-21T18:44:02.609+0000] {logging_mixin.py:190} INFO - [2024-12-21T18:44:02.609+0000] {dagbag.py:588} INFO - Filling up the DagBag from /opt/airflow/dags/fintech_dag.py
[2024-12-21T18:44:03.784+0000] {processor.py:925} INFO - DAG(s) 'fintech_pipeline' retrieved from /opt/airflow/dags/fintech_dag.py
[2024-12-21T18:44:03.805+0000] {logging_mixin.py:190} INFO - [2024-12-21T18:44:03.804+0000] {dag.py:3239} INFO - Sync 1 DAGs
[2024-12-21T18:44:03.822+0000] {logging_mixin.py:190} INFO - [2024-12-21T18:44:03.822+0000] {dag.py:4180} INFO - Setting next_dagrun for fintech_pipeline to None, run_after=None
[2024-12-21T18:44:03.845+0000] {processor.py:208} INFO - Processing /opt/airflow/dags/fintech_dag.py took 1.244 seconds
[2024-12-21T18:44:34.064+0000] {processor.py:186} INFO - Started process (PID=506) to work on /opt/airflow/dags/fintech_dag.py
[2024-12-21T18:44:34.065+0000] {processor.py:914} INFO - Processing file /opt/airflow/dags/fintech_dag.py for tasks to queue
[2024-12-21T18:44:34.068+0000] {logging_mixin.py:190} INFO - [2024-12-21T18:44:34.067+0000] {dagbag.py:588} INFO - Filling up the DagBag from /opt/airflow/dags/fintech_dag.py
[2024-12-21T18:44:35.229+0000] {processor.py:925} INFO - DAG(s) 'fintech_pipeline' retrieved from /opt/airflow/dags/fintech_dag.py
[2024-12-21T18:44:35.249+0000] {logging_mixin.py:190} INFO - [2024-12-21T18:44:35.248+0000] {dag.py:3239} INFO - Sync 1 DAGs
[2024-12-21T18:44:35.266+0000] {logging_mixin.py:190} INFO - [2024-12-21T18:44:35.266+0000] {dag.py:4180} INFO - Setting next_dagrun for fintech_pipeline to None, run_after=None
[2024-12-21T18:44:35.285+0000] {processor.py:208} INFO - Processing /opt/airflow/dags/fintech_dag.py took 1.225 seconds
[2024-12-21T18:45:05.513+0000] {processor.py:186} INFO - Started process (PID=525) to work on /opt/airflow/dags/fintech_dag.py
[2024-12-21T18:45:05.514+0000] {processor.py:914} INFO - Processing file /opt/airflow/dags/fintech_dag.py for tasks to queue
[2024-12-21T18:45:05.516+0000] {logging_mixin.py:190} INFO - [2024-12-21T18:45:05.516+0000] {dagbag.py:588} INFO - Filling up the DagBag from /opt/airflow/dags/fintech_dag.py
[2024-12-21T18:45:06.578+0000] {processor.py:925} INFO - DAG(s) 'fintech_pipeline' retrieved from /opt/airflow/dags/fintech_dag.py
[2024-12-21T18:45:06.598+0000] {logging_mixin.py:190} INFO - [2024-12-21T18:45:06.598+0000] {dag.py:3239} INFO - Sync 1 DAGs
[2024-12-21T18:45:06.616+0000] {logging_mixin.py:190} INFO - [2024-12-21T18:45:06.615+0000] {dag.py:4180} INFO - Setting next_dagrun for fintech_pipeline to None, run_after=None
[2024-12-21T18:45:06.632+0000] {processor.py:208} INFO - Processing /opt/airflow/dags/fintech_dag.py took 1.124 seconds
[2024-12-21T18:45:36.725+0000] {processor.py:186} INFO - Started process (PID=544) to work on /opt/airflow/dags/fintech_dag.py
[2024-12-21T18:45:36.726+0000] {processor.py:914} INFO - Processing file /opt/airflow/dags/fintech_dag.py for tasks to queue
[2024-12-21T18:45:36.728+0000] {logging_mixin.py:190} INFO - [2024-12-21T18:45:36.728+0000] {dagbag.py:588} INFO - Filling up the DagBag from /opt/airflow/dags/fintech_dag.py
[2024-12-21T18:45:37.798+0000] {processor.py:925} INFO - DAG(s) 'fintech_pipeline' retrieved from /opt/airflow/dags/fintech_dag.py
[2024-12-21T18:45:37.901+0000] {logging_mixin.py:190} INFO - [2024-12-21T18:45:37.901+0000] {dag.py:3239} INFO - Sync 1 DAGs
[2024-12-21T18:45:37.918+0000] {logging_mixin.py:190} INFO - [2024-12-21T18:45:37.918+0000] {dag.py:4180} INFO - Setting next_dagrun for fintech_pipeline to None, run_after=None
[2024-12-21T18:45:37.940+0000] {processor.py:208} INFO - Processing /opt/airflow/dags/fintech_dag.py took 1.221 seconds
[2024-12-21T18:46:08.063+0000] {processor.py:186} INFO - Started process (PID=563) to work on /opt/airflow/dags/fintech_dag.py
[2024-12-21T18:46:08.064+0000] {processor.py:914} INFO - Processing file /opt/airflow/dags/fintech_dag.py for tasks to queue
[2024-12-21T18:46:08.067+0000] {logging_mixin.py:190} INFO - [2024-12-21T18:46:08.067+0000] {dagbag.py:588} INFO - Filling up the DagBag from /opt/airflow/dags/fintech_dag.py
[2024-12-21T18:46:09.238+0000] {processor.py:925} INFO - DAG(s) 'fintech_pipeline' retrieved from /opt/airflow/dags/fintech_dag.py
[2024-12-21T18:46:09.258+0000] {logging_mixin.py:190} INFO - [2024-12-21T18:46:09.258+0000] {dag.py:3239} INFO - Sync 1 DAGs
[2024-12-21T18:46:09.275+0000] {logging_mixin.py:190} INFO - [2024-12-21T18:46:09.274+0000] {dag.py:4180} INFO - Setting next_dagrun for fintech_pipeline to None, run_after=None
[2024-12-21T18:46:09.298+0000] {processor.py:208} INFO - Processing /opt/airflow/dags/fintech_dag.py took 1.240 seconds
[2024-12-21T18:46:39.372+0000] {processor.py:186} INFO - Started process (PID=582) to work on /opt/airflow/dags/fintech_dag.py
[2024-12-21T18:46:39.373+0000] {processor.py:914} INFO - Processing file /opt/airflow/dags/fintech_dag.py for tasks to queue
[2024-12-21T18:46:39.376+0000] {logging_mixin.py:190} INFO - [2024-12-21T18:46:39.376+0000] {dagbag.py:588} INFO - Filling up the DagBag from /opt/airflow/dags/fintech_dag.py
[2024-12-21T18:46:40.567+0000] {processor.py:925} INFO - DAG(s) 'fintech_pipeline' retrieved from /opt/airflow/dags/fintech_dag.py
[2024-12-21T18:46:40.587+0000] {logging_mixin.py:190} INFO - [2024-12-21T18:46:40.587+0000] {dag.py:3239} INFO - Sync 1 DAGs
[2024-12-21T18:46:40.605+0000] {logging_mixin.py:190} INFO - [2024-12-21T18:46:40.605+0000] {dag.py:4180} INFO - Setting next_dagrun for fintech_pipeline to None, run_after=None
[2024-12-21T18:46:40.626+0000] {processor.py:208} INFO - Processing /opt/airflow/dags/fintech_dag.py took 1.259 seconds
[2024-12-21T18:47:10.708+0000] {processor.py:186} INFO - Started process (PID=601) to work on /opt/airflow/dags/fintech_dag.py
[2024-12-21T18:47:10.709+0000] {processor.py:914} INFO - Processing file /opt/airflow/dags/fintech_dag.py for tasks to queue
[2024-12-21T18:47:10.712+0000] {logging_mixin.py:190} INFO - [2024-12-21T18:47:10.711+0000] {dagbag.py:588} INFO - Filling up the DagBag from /opt/airflow/dags/fintech_dag.py
[2024-12-21T18:47:11.765+0000] {processor.py:925} INFO - DAG(s) 'fintech_pipeline' retrieved from /opt/airflow/dags/fintech_dag.py
[2024-12-21T18:47:11.785+0000] {logging_mixin.py:190} INFO - [2024-12-21T18:47:11.784+0000] {dag.py:3239} INFO - Sync 1 DAGs
[2024-12-21T18:47:11.803+0000] {logging_mixin.py:190} INFO - [2024-12-21T18:47:11.802+0000] {dag.py:4180} INFO - Setting next_dagrun for fintech_pipeline to None, run_after=None
[2024-12-21T18:47:11.822+0000] {processor.py:208} INFO - Processing /opt/airflow/dags/fintech_dag.py took 1.120 seconds
[2024-12-21T18:47:42.050+0000] {processor.py:186} INFO - Started process (PID=620) to work on /opt/airflow/dags/fintech_dag.py
[2024-12-21T18:47:42.051+0000] {processor.py:914} INFO - Processing file /opt/airflow/dags/fintech_dag.py for tasks to queue
[2024-12-21T18:47:42.054+0000] {logging_mixin.py:190} INFO - [2024-12-21T18:47:42.054+0000] {dagbag.py:588} INFO - Filling up the DagBag from /opt/airflow/dags/fintech_dag.py
[2024-12-21T18:47:43.239+0000] {processor.py:925} INFO - DAG(s) 'fintech_pipeline' retrieved from /opt/airflow/dags/fintech_dag.py
[2024-12-21T18:47:43.259+0000] {logging_mixin.py:190} INFO - [2024-12-21T18:47:43.259+0000] {dag.py:3239} INFO - Sync 1 DAGs
[2024-12-21T18:47:43.277+0000] {logging_mixin.py:190} INFO - [2024-12-21T18:47:43.277+0000] {dag.py:4180} INFO - Setting next_dagrun for fintech_pipeline to None, run_after=None
[2024-12-21T18:47:43.297+0000] {processor.py:208} INFO - Processing /opt/airflow/dags/fintech_dag.py took 1.253 seconds
[2024-12-21T18:48:13.514+0000] {processor.py:186} INFO - Started process (PID=645) to work on /opt/airflow/dags/fintech_dag.py
[2024-12-21T18:48:13.516+0000] {processor.py:914} INFO - Processing file /opt/airflow/dags/fintech_dag.py for tasks to queue
[2024-12-21T18:48:13.519+0000] {logging_mixin.py:190} INFO - [2024-12-21T18:48:13.518+0000] {dagbag.py:588} INFO - Filling up the DagBag from /opt/airflow/dags/fintech_dag.py
[2024-12-21T18:48:14.698+0000] {processor.py:925} INFO - DAG(s) 'fintech_pipeline' retrieved from /opt/airflow/dags/fintech_dag.py
[2024-12-21T18:48:14.721+0000] {logging_mixin.py:190} INFO - [2024-12-21T18:48:14.720+0000] {dag.py:3239} INFO - Sync 1 DAGs
[2024-12-21T18:48:14.738+0000] {logging_mixin.py:190} INFO - [2024-12-21T18:48:14.737+0000] {dag.py:4180} INFO - Setting next_dagrun for fintech_pipeline to None, run_after=None
[2024-12-21T18:48:14.754+0000] {processor.py:208} INFO - Processing /opt/airflow/dags/fintech_dag.py took 1.245 seconds
[2024-12-21T18:48:45.022+0000] {processor.py:186} INFO - Started process (PID=664) to work on /opt/airflow/dags/fintech_dag.py
[2024-12-21T18:48:45.023+0000] {processor.py:914} INFO - Processing file /opt/airflow/dags/fintech_dag.py for tasks to queue
[2024-12-21T18:48:45.025+0000] {logging_mixin.py:190} INFO - [2024-12-21T18:48:45.025+0000] {dagbag.py:588} INFO - Filling up the DagBag from /opt/airflow/dags/fintech_dag.py
[2024-12-21T18:48:46.146+0000] {processor.py:925} INFO - DAG(s) 'fintech_pipeline' retrieved from /opt/airflow/dags/fintech_dag.py
[2024-12-21T18:48:46.165+0000] {logging_mixin.py:190} INFO - [2024-12-21T18:48:46.164+0000] {dag.py:3239} INFO - Sync 1 DAGs
[2024-12-21T18:48:46.180+0000] {logging_mixin.py:190} INFO - [2024-12-21T18:48:46.180+0000] {dag.py:4180} INFO - Setting next_dagrun for fintech_pipeline to None, run_after=None
[2024-12-21T18:48:46.205+0000] {processor.py:208} INFO - Processing /opt/airflow/dags/fintech_dag.py took 1.188 seconds
[2024-12-21T18:49:16.423+0000] {processor.py:186} INFO - Started process (PID=683) to work on /opt/airflow/dags/fintech_dag.py
[2024-12-21T18:49:16.424+0000] {processor.py:914} INFO - Processing file /opt/airflow/dags/fintech_dag.py for tasks to queue
[2024-12-21T18:49:16.426+0000] {logging_mixin.py:190} INFO - [2024-12-21T18:49:16.426+0000] {dagbag.py:588} INFO - Filling up the DagBag from /opt/airflow/dags/fintech_dag.py
[2024-12-21T18:49:17.494+0000] {processor.py:925} INFO - DAG(s) 'fintech_pipeline' retrieved from /opt/airflow/dags/fintech_dag.py
[2024-12-21T18:49:17.514+0000] {logging_mixin.py:190} INFO - [2024-12-21T18:49:17.513+0000] {dag.py:3239} INFO - Sync 1 DAGs
[2024-12-21T18:49:17.531+0000] {logging_mixin.py:190} INFO - [2024-12-21T18:49:17.531+0000] {dag.py:4180} INFO - Setting next_dagrun for fintech_pipeline to None, run_after=None
[2024-12-21T18:49:17.548+0000] {processor.py:208} INFO - Processing /opt/airflow/dags/fintech_dag.py took 1.130 seconds
[2024-12-21T18:49:47.629+0000] {processor.py:186} INFO - Started process (PID=702) to work on /opt/airflow/dags/fintech_dag.py
[2024-12-21T18:49:47.630+0000] {processor.py:914} INFO - Processing file /opt/airflow/dags/fintech_dag.py for tasks to queue
[2024-12-21T18:49:47.632+0000] {logging_mixin.py:190} INFO - [2024-12-21T18:49:47.631+0000] {dagbag.py:588} INFO - Filling up the DagBag from /opt/airflow/dags/fintech_dag.py
[2024-12-21T18:49:48.772+0000] {processor.py:925} INFO - DAG(s) 'fintech_pipeline' retrieved from /opt/airflow/dags/fintech_dag.py
[2024-12-21T18:49:48.791+0000] {logging_mixin.py:190} INFO - [2024-12-21T18:49:48.790+0000] {dag.py:3239} INFO - Sync 1 DAGs
[2024-12-21T18:49:48.808+0000] {logging_mixin.py:190} INFO - [2024-12-21T18:49:48.808+0000] {dag.py:4180} INFO - Setting next_dagrun for fintech_pipeline to None, run_after=None
[2024-12-21T18:49:48.825+0000] {processor.py:208} INFO - Processing /opt/airflow/dags/fintech_dag.py took 1.202 seconds
[2024-12-21T18:50:18.963+0000] {processor.py:186} INFO - Started process (PID=721) to work on /opt/airflow/dags/fintech_dag.py
[2024-12-21T18:50:18.964+0000] {processor.py:914} INFO - Processing file /opt/airflow/dags/fintech_dag.py for tasks to queue
[2024-12-21T18:50:18.966+0000] {logging_mixin.py:190} INFO - [2024-12-21T18:50:18.966+0000] {dagbag.py:588} INFO - Filling up the DagBag from /opt/airflow/dags/fintech_dag.py
[2024-12-21T18:50:20.199+0000] {processor.py:925} INFO - DAG(s) 'fintech_pipeline' retrieved from /opt/airflow/dags/fintech_dag.py
[2024-12-21T18:50:20.223+0000] {logging_mixin.py:190} INFO - [2024-12-21T18:50:20.223+0000] {dag.py:3239} INFO - Sync 1 DAGs
[2024-12-21T18:50:20.242+0000] {logging_mixin.py:190} INFO - [2024-12-21T18:50:20.242+0000] {dag.py:4180} INFO - Setting next_dagrun for fintech_pipeline to None, run_after=None
[2024-12-21T18:50:20.260+0000] {processor.py:208} INFO - Processing /opt/airflow/dags/fintech_dag.py took 1.303 seconds
[2024-12-21T18:50:50.483+0000] {processor.py:186} INFO - Started process (PID=740) to work on /opt/airflow/dags/fintech_dag.py
[2024-12-21T18:50:50.484+0000] {processor.py:914} INFO - Processing file /opt/airflow/dags/fintech_dag.py for tasks to queue
[2024-12-21T18:50:50.487+0000] {logging_mixin.py:190} INFO - [2024-12-21T18:50:50.487+0000] {dagbag.py:588} INFO - Filling up the DagBag from /opt/airflow/dags/fintech_dag.py
[2024-12-21T18:50:51.588+0000] {processor.py:925} INFO - DAG(s) 'fintech_pipeline' retrieved from /opt/airflow/dags/fintech_dag.py
[2024-12-21T18:50:51.608+0000] {logging_mixin.py:190} INFO - [2024-12-21T18:50:51.608+0000] {dag.py:3239} INFO - Sync 1 DAGs
[2024-12-21T18:50:51.625+0000] {logging_mixin.py:190} INFO - [2024-12-21T18:50:51.625+0000] {dag.py:4180} INFO - Setting next_dagrun for fintech_pipeline to None, run_after=None
[2024-12-21T18:50:51.648+0000] {processor.py:208} INFO - Processing /opt/airflow/dags/fintech_dag.py took 1.170 seconds
[2024-12-21T18:51:21.710+0000] {processor.py:186} INFO - Started process (PID=759) to work on /opt/airflow/dags/fintech_dag.py
[2024-12-21T18:51:21.711+0000] {processor.py:914} INFO - Processing file /opt/airflow/dags/fintech_dag.py for tasks to queue
[2024-12-21T18:51:21.713+0000] {logging_mixin.py:190} INFO - [2024-12-21T18:51:21.713+0000] {dagbag.py:588} INFO - Filling up the DagBag from /opt/airflow/dags/fintech_dag.py
[2024-12-21T18:51:22.791+0000] {processor.py:925} INFO - DAG(s) 'fintech_pipeline' retrieved from /opt/airflow/dags/fintech_dag.py
[2024-12-21T18:51:22.895+0000] {logging_mixin.py:190} INFO - [2024-12-21T18:51:22.895+0000] {dag.py:3239} INFO - Sync 1 DAGs
[2024-12-21T18:51:22.910+0000] {logging_mixin.py:190} INFO - [2024-12-21T18:51:22.910+0000] {dag.py:4180} INFO - Setting next_dagrun for fintech_pipeline to None, run_after=None
[2024-12-21T18:51:22.926+0000] {processor.py:208} INFO - Processing /opt/airflow/dags/fintech_dag.py took 1.224 seconds
[2024-12-21T18:51:53.063+0000] {processor.py:186} INFO - Started process (PID=778) to work on /opt/airflow/dags/fintech_dag.py
[2024-12-21T18:51:53.064+0000] {processor.py:914} INFO - Processing file /opt/airflow/dags/fintech_dag.py for tasks to queue
[2024-12-21T18:51:53.066+0000] {logging_mixin.py:190} INFO - [2024-12-21T18:51:53.066+0000] {dagbag.py:588} INFO - Filling up the DagBag from /opt/airflow/dags/fintech_dag.py
[2024-12-21T18:51:54.292+0000] {processor.py:925} INFO - DAG(s) 'fintech_pipeline' retrieved from /opt/airflow/dags/fintech_dag.py
[2024-12-21T18:51:54.313+0000] {logging_mixin.py:190} INFO - [2024-12-21T18:51:54.312+0000] {dag.py:3239} INFO - Sync 1 DAGs
[2024-12-21T18:51:54.332+0000] {logging_mixin.py:190} INFO - [2024-12-21T18:51:54.332+0000] {dag.py:4180} INFO - Setting next_dagrun for fintech_pipeline to None, run_after=None
[2024-12-21T18:51:54.352+0000] {processor.py:208} INFO - Processing /opt/airflow/dags/fintech_dag.py took 1.295 seconds
[2024-12-21T18:52:24.576+0000] {processor.py:186} INFO - Started process (PID=797) to work on /opt/airflow/dags/fintech_dag.py
[2024-12-21T18:52:24.577+0000] {processor.py:914} INFO - Processing file /opt/airflow/dags/fintech_dag.py for tasks to queue
[2024-12-21T18:52:24.579+0000] {logging_mixin.py:190} INFO - [2024-12-21T18:52:24.578+0000] {dagbag.py:588} INFO - Filling up the DagBag from /opt/airflow/dags/fintech_dag.py
[2024-12-21T18:52:25.903+0000] {processor.py:925} INFO - DAG(s) 'fintech_pipeline' retrieved from /opt/airflow/dags/fintech_dag.py
[2024-12-21T18:52:25.929+0000] {logging_mixin.py:190} INFO - [2024-12-21T18:52:25.929+0000] {dag.py:3239} INFO - Sync 1 DAGs
[2024-12-21T18:52:25.949+0000] {logging_mixin.py:190} INFO - [2024-12-21T18:52:25.949+0000] {dag.py:4180} INFO - Setting next_dagrun for fintech_pipeline to None, run_after=None
[2024-12-21T18:52:25.976+0000] {processor.py:208} INFO - Processing /opt/airflow/dags/fintech_dag.py took 1.407 seconds
[2024-12-21T18:52:56.207+0000] {processor.py:186} INFO - Started process (PID=816) to work on /opt/airflow/dags/fintech_dag.py
[2024-12-21T18:52:56.208+0000] {processor.py:914} INFO - Processing file /opt/airflow/dags/fintech_dag.py for tasks to queue
[2024-12-21T18:52:56.210+0000] {logging_mixin.py:190} INFO - [2024-12-21T18:52:56.210+0000] {dagbag.py:588} INFO - Filling up the DagBag from /opt/airflow/dags/fintech_dag.py
[2024-12-21T18:52:57.560+0000] {processor.py:925} INFO - DAG(s) 'fintech_pipeline' retrieved from /opt/airflow/dags/fintech_dag.py
[2024-12-21T18:52:57.579+0000] {logging_mixin.py:190} INFO - [2024-12-21T18:52:57.578+0000] {dag.py:3239} INFO - Sync 1 DAGs
[2024-12-21T18:52:57.596+0000] {logging_mixin.py:190} INFO - [2024-12-21T18:52:57.595+0000] {dag.py:4180} INFO - Setting next_dagrun for fintech_pipeline to None, run_after=None
[2024-12-21T18:52:57.612+0000] {processor.py:208} INFO - Processing /opt/airflow/dags/fintech_dag.py took 1.411 seconds
[2024-12-21T18:54:38.208+0000] {processor.py:186} INFO - Started process (PID=75) to work on /opt/airflow/dags/fintech_dag.py
[2024-12-21T18:54:38.209+0000] {processor.py:914} INFO - Processing file /opt/airflow/dags/fintech_dag.py for tasks to queue
[2024-12-21T18:54:38.212+0000] {logging_mixin.py:190} INFO - [2024-12-21T18:54:38.211+0000] {dagbag.py:588} INFO - Filling up the DagBag from /opt/airflow/dags/fintech_dag.py
[2024-12-21T18:54:41.147+0000] {processor.py:925} INFO - DAG(s) 'fintech_pipeline' retrieved from /opt/airflow/dags/fintech_dag.py
[2024-12-21T18:54:41.186+0000] {logging_mixin.py:190} INFO - [2024-12-21T18:54:41.186+0000] {dag.py:3239} INFO - Sync 1 DAGs
[2024-12-21T18:54:41.209+0000] {logging_mixin.py:190} INFO - [2024-12-21T18:54:41.209+0000] {dag.py:4180} INFO - Setting next_dagrun for fintech_pipeline to None, run_after=None
[2024-12-21T18:54:41.235+0000] {processor.py:208} INFO - Processing /opt/airflow/dags/fintech_dag.py took 3.039 seconds
[2024-12-21T18:55:11.460+0000] {processor.py:186} INFO - Started process (PID=94) to work on /opt/airflow/dags/fintech_dag.py
[2024-12-21T18:55:11.461+0000] {processor.py:914} INFO - Processing file /opt/airflow/dags/fintech_dag.py for tasks to queue
[2024-12-21T18:55:11.464+0000] {logging_mixin.py:190} INFO - [2024-12-21T18:55:11.463+0000] {dagbag.py:588} INFO - Filling up the DagBag from /opt/airflow/dags/fintech_dag.py
[2024-12-21T18:55:12.643+0000] {processor.py:925} INFO - DAG(s) 'fintech_pipeline' retrieved from /opt/airflow/dags/fintech_dag.py
[2024-12-21T18:55:12.663+0000] {logging_mixin.py:190} INFO - [2024-12-21T18:55:12.663+0000] {dag.py:3239} INFO - Sync 1 DAGs
[2024-12-21T18:55:12.680+0000] {logging_mixin.py:190} INFO - [2024-12-21T18:55:12.680+0000] {dag.py:4180} INFO - Setting next_dagrun for fintech_pipeline to None, run_after=None
[2024-12-21T18:55:12.707+0000] {processor.py:208} INFO - Processing /opt/airflow/dags/fintech_dag.py took 1.252 seconds
[2024-12-21T18:55:42.934+0000] {processor.py:186} INFO - Started process (PID=113) to work on /opt/airflow/dags/fintech_dag.py
[2024-12-21T18:55:42.935+0000] {processor.py:914} INFO - Processing file /opt/airflow/dags/fintech_dag.py for tasks to queue
[2024-12-21T18:55:42.938+0000] {logging_mixin.py:190} INFO - [2024-12-21T18:55:42.937+0000] {dagbag.py:588} INFO - Filling up the DagBag from /opt/airflow/dags/fintech_dag.py
[2024-12-21T18:55:44.278+0000] {processor.py:925} INFO - DAG(s) 'fintech_pipeline' retrieved from /opt/airflow/dags/fintech_dag.py
[2024-12-21T18:55:44.302+0000] {logging_mixin.py:190} INFO - [2024-12-21T18:55:44.301+0000] {dag.py:3239} INFO - Sync 1 DAGs
[2024-12-21T18:55:44.322+0000] {logging_mixin.py:190} INFO - [2024-12-21T18:55:44.322+0000] {dag.py:4180} INFO - Setting next_dagrun for fintech_pipeline to None, run_after=None
[2024-12-21T18:55:44.343+0000] {processor.py:208} INFO - Processing /opt/airflow/dags/fintech_dag.py took 1.415 seconds
[2024-12-21T18:56:14.592+0000] {processor.py:186} INFO - Started process (PID=132) to work on /opt/airflow/dags/fintech_dag.py
[2024-12-21T18:56:14.593+0000] {processor.py:914} INFO - Processing file /opt/airflow/dags/fintech_dag.py for tasks to queue
[2024-12-21T18:56:14.596+0000] {logging_mixin.py:190} INFO - [2024-12-21T18:56:14.596+0000] {dagbag.py:588} INFO - Filling up the DagBag from /opt/airflow/dags/fintech_dag.py
[2024-12-21T18:56:16.424+0000] {processor.py:925} INFO - DAG(s) 'fintech_pipeline' retrieved from /opt/airflow/dags/fintech_dag.py
[2024-12-21T18:56:16.462+0000] {logging_mixin.py:190} INFO - [2024-12-21T18:56:16.460+0000] {dag.py:3239} INFO - Sync 1 DAGs
[2024-12-21T18:56:16.500+0000] {logging_mixin.py:190} INFO - [2024-12-21T18:56:16.500+0000] {dag.py:4180} INFO - Setting next_dagrun for fintech_pipeline to None, run_after=None
[2024-12-21T18:56:16.785+0000] {processor.py:208} INFO - Processing /opt/airflow/dags/fintech_dag.py took 2.201 seconds
[2024-12-21T18:56:47.080+0000] {processor.py:186} INFO - Started process (PID=151) to work on /opt/airflow/dags/fintech_dag.py
[2024-12-21T18:56:47.081+0000] {processor.py:914} INFO - Processing file /opt/airflow/dags/fintech_dag.py for tasks to queue
[2024-12-21T18:56:47.084+0000] {logging_mixin.py:190} INFO - [2024-12-21T18:56:47.084+0000] {dagbag.py:588} INFO - Filling up the DagBag from /opt/airflow/dags/fintech_dag.py
[2024-12-21T18:56:48.229+0000] {processor.py:925} INFO - DAG(s) 'fintech_pipeline' retrieved from /opt/airflow/dags/fintech_dag.py
[2024-12-21T18:56:48.253+0000] {logging_mixin.py:190} INFO - [2024-12-21T18:56:48.252+0000] {dag.py:3239} INFO - Sync 1 DAGs
[2024-12-21T18:56:48.371+0000] {logging_mixin.py:190} INFO - [2024-12-21T18:56:48.371+0000] {dag.py:4180} INFO - Setting next_dagrun for fintech_pipeline to None, run_after=None
[2024-12-21T18:56:48.396+0000] {processor.py:208} INFO - Processing /opt/airflow/dags/fintech_dag.py took 1.324 seconds
[2024-12-21T18:57:18.640+0000] {processor.py:186} INFO - Started process (PID=170) to work on /opt/airflow/dags/fintech_dag.py
[2024-12-21T18:57:18.641+0000] {processor.py:914} INFO - Processing file /opt/airflow/dags/fintech_dag.py for tasks to queue
[2024-12-21T18:57:18.644+0000] {logging_mixin.py:190} INFO - [2024-12-21T18:57:18.644+0000] {dagbag.py:588} INFO - Filling up the DagBag from /opt/airflow/dags/fintech_dag.py
[2024-12-21T18:57:20.180+0000] {processor.py:925} INFO - DAG(s) 'fintech_pipeline' retrieved from /opt/airflow/dags/fintech_dag.py
[2024-12-21T18:57:20.208+0000] {logging_mixin.py:190} INFO - [2024-12-21T18:57:20.207+0000] {dag.py:3239} INFO - Sync 1 DAGs
[2024-12-21T18:57:20.356+0000] {logging_mixin.py:190} INFO - [2024-12-21T18:57:20.356+0000] {dag.py:4180} INFO - Setting next_dagrun for fintech_pipeline to None, run_after=None
[2024-12-21T18:57:20.378+0000] {processor.py:208} INFO - Processing /opt/airflow/dags/fintech_dag.py took 1.745 seconds
[2024-12-21T18:57:50.543+0000] {processor.py:186} INFO - Started process (PID=189) to work on /opt/airflow/dags/fintech_dag.py
[2024-12-21T18:57:50.544+0000] {processor.py:914} INFO - Processing file /opt/airflow/dags/fintech_dag.py for tasks to queue
[2024-12-21T18:57:50.548+0000] {logging_mixin.py:190} INFO - [2024-12-21T18:57:50.547+0000] {dagbag.py:588} INFO - Filling up the DagBag from /opt/airflow/dags/fintech_dag.py
[2024-12-21T18:57:52.625+0000] {processor.py:925} INFO - DAG(s) 'fintech_pipeline' retrieved from /opt/airflow/dags/fintech_dag.py
[2024-12-21T18:57:52.793+0000] {logging_mixin.py:190} INFO - [2024-12-21T18:57:52.793+0000] {dag.py:3239} INFO - Sync 1 DAGs
[2024-12-21T18:57:52.823+0000] {logging_mixin.py:190} INFO - [2024-12-21T18:57:52.822+0000] {dag.py:4180} INFO - Setting next_dagrun for fintech_pipeline to None, run_after=None
[2024-12-21T18:57:52.845+0000] {processor.py:208} INFO - Processing /opt/airflow/dags/fintech_dag.py took 2.310 seconds
[2024-12-21T18:58:23.080+0000] {processor.py:186} INFO - Started process (PID=208) to work on /opt/airflow/dags/fintech_dag.py
[2024-12-21T18:58:23.082+0000] {processor.py:914} INFO - Processing file /opt/airflow/dags/fintech_dag.py for tasks to queue
[2024-12-21T18:58:23.084+0000] {logging_mixin.py:190} INFO - [2024-12-21T18:58:23.084+0000] {dagbag.py:588} INFO - Filling up the DagBag from /opt/airflow/dags/fintech_dag.py
[2024-12-21T18:58:24.280+0000] {processor.py:925} INFO - DAG(s) 'fintech_pipeline' retrieved from /opt/airflow/dags/fintech_dag.py
[2024-12-21T18:58:24.301+0000] {logging_mixin.py:190} INFO - [2024-12-21T18:58:24.301+0000] {dag.py:3239} INFO - Sync 1 DAGs
[2024-12-21T18:58:24.320+0000] {logging_mixin.py:190} INFO - [2024-12-21T18:58:24.319+0000] {dag.py:4180} INFO - Setting next_dagrun for fintech_pipeline to None, run_after=None
[2024-12-21T18:58:24.338+0000] {processor.py:208} INFO - Processing /opt/airflow/dags/fintech_dag.py took 1.263 seconds
[2024-12-21T18:58:54.565+0000] {processor.py:186} INFO - Started process (PID=227) to work on /opt/airflow/dags/fintech_dag.py
[2024-12-21T18:58:54.566+0000] {processor.py:914} INFO - Processing file /opt/airflow/dags/fintech_dag.py for tasks to queue
[2024-12-21T18:58:54.568+0000] {logging_mixin.py:190} INFO - [2024-12-21T18:58:54.568+0000] {dagbag.py:588} INFO - Filling up the DagBag from /opt/airflow/dags/fintech_dag.py
[2024-12-21T18:58:55.740+0000] {processor.py:925} INFO - DAG(s) 'fintech_pipeline' retrieved from /opt/airflow/dags/fintech_dag.py
[2024-12-21T18:58:55.760+0000] {logging_mixin.py:190} INFO - [2024-12-21T18:58:55.759+0000] {dag.py:3239} INFO - Sync 1 DAGs
[2024-12-21T18:58:55.777+0000] {logging_mixin.py:190} INFO - [2024-12-21T18:58:55.776+0000] {dag.py:4180} INFO - Setting next_dagrun for fintech_pipeline to None, run_after=None
[2024-12-21T18:58:55.794+0000] {processor.py:208} INFO - Processing /opt/airflow/dags/fintech_dag.py took 1.234 seconds
[2024-12-21T18:59:26.016+0000] {processor.py:186} INFO - Started process (PID=246) to work on /opt/airflow/dags/fintech_dag.py
[2024-12-21T18:59:26.017+0000] {processor.py:914} INFO - Processing file /opt/airflow/dags/fintech_dag.py for tasks to queue
[2024-12-21T18:59:26.020+0000] {logging_mixin.py:190} INFO - [2024-12-21T18:59:26.020+0000] {dagbag.py:588} INFO - Filling up the DagBag from /opt/airflow/dags/fintech_dag.py
[2024-12-21T18:59:27.162+0000] {processor.py:925} INFO - DAG(s) 'fintech_pipeline' retrieved from /opt/airflow/dags/fintech_dag.py
[2024-12-21T18:59:27.184+0000] {logging_mixin.py:190} INFO - [2024-12-21T18:59:27.184+0000] {dag.py:3239} INFO - Sync 1 DAGs
[2024-12-21T18:59:27.202+0000] {logging_mixin.py:190} INFO - [2024-12-21T18:59:27.202+0000] {dag.py:4180} INFO - Setting next_dagrun for fintech_pipeline to None, run_after=None
[2024-12-21T18:59:27.222+0000] {processor.py:208} INFO - Processing /opt/airflow/dags/fintech_dag.py took 1.211 seconds
[2024-12-21T18:59:57.290+0000] {processor.py:186} INFO - Started process (PID=265) to work on /opt/airflow/dags/fintech_dag.py
[2024-12-21T18:59:57.291+0000] {processor.py:914} INFO - Processing file /opt/airflow/dags/fintech_dag.py for tasks to queue
[2024-12-21T18:59:57.293+0000] {logging_mixin.py:190} INFO - [2024-12-21T18:59:57.293+0000] {dagbag.py:588} INFO - Filling up the DagBag from /opt/airflow/dags/fintech_dag.py
[2024-12-21T18:59:58.372+0000] {processor.py:925} INFO - DAG(s) 'fintech_pipeline' retrieved from /opt/airflow/dags/fintech_dag.py
[2024-12-21T18:59:58.389+0000] {logging_mixin.py:190} INFO - [2024-12-21T18:59:58.389+0000] {dag.py:3239} INFO - Sync 1 DAGs
[2024-12-21T18:59:58.406+0000] {logging_mixin.py:190} INFO - [2024-12-21T18:59:58.406+0000] {dag.py:4180} INFO - Setting next_dagrun for fintech_pipeline to None, run_after=None
[2024-12-21T18:59:58.424+0000] {processor.py:208} INFO - Processing /opt/airflow/dags/fintech_dag.py took 1.139 seconds
[2024-12-21T19:00:28.645+0000] {processor.py:186} INFO - Started process (PID=284) to work on /opt/airflow/dags/fintech_dag.py
[2024-12-21T19:00:28.646+0000] {processor.py:914} INFO - Processing file /opt/airflow/dags/fintech_dag.py for tasks to queue
[2024-12-21T19:00:28.649+0000] {logging_mixin.py:190} INFO - [2024-12-21T19:00:28.649+0000] {dagbag.py:588} INFO - Filling up the DagBag from /opt/airflow/dags/fintech_dag.py
[2024-12-21T19:00:29.759+0000] {processor.py:925} INFO - DAG(s) 'fintech_pipeline' retrieved from /opt/airflow/dags/fintech_dag.py
[2024-12-21T19:00:29.779+0000] {logging_mixin.py:190} INFO - [2024-12-21T19:00:29.779+0000] {dag.py:3239} INFO - Sync 1 DAGs
[2024-12-21T19:00:29.796+0000] {logging_mixin.py:190} INFO - [2024-12-21T19:00:29.796+0000] {dag.py:4180} INFO - Setting next_dagrun for fintech_pipeline to None, run_after=None
[2024-12-21T19:00:29.813+0000] {processor.py:208} INFO - Processing /opt/airflow/dags/fintech_dag.py took 1.173 seconds
[2024-12-21T19:00:59.872+0000] {processor.py:186} INFO - Started process (PID=303) to work on /opt/airflow/dags/fintech_dag.py
[2024-12-21T19:00:59.874+0000] {processor.py:914} INFO - Processing file /opt/airflow/dags/fintech_dag.py for tasks to queue
[2024-12-21T19:00:59.876+0000] {logging_mixin.py:190} INFO - [2024-12-21T19:00:59.876+0000] {dagbag.py:588} INFO - Filling up the DagBag from /opt/airflow/dags/fintech_dag.py
[2024-12-21T19:01:01.065+0000] {processor.py:925} INFO - DAG(s) 'fintech_pipeline' retrieved from /opt/airflow/dags/fintech_dag.py
[2024-12-21T19:01:01.086+0000] {logging_mixin.py:190} INFO - [2024-12-21T19:01:01.086+0000] {dag.py:3239} INFO - Sync 1 DAGs
[2024-12-21T19:01:01.103+0000] {logging_mixin.py:190} INFO - [2024-12-21T19:01:01.103+0000] {dag.py:4180} INFO - Setting next_dagrun for fintech_pipeline to None, run_after=None
[2024-12-21T19:01:01.120+0000] {processor.py:208} INFO - Processing /opt/airflow/dags/fintech_dag.py took 1.254 seconds
[2024-12-21T19:01:31.242+0000] {processor.py:186} INFO - Started process (PID=322) to work on /opt/airflow/dags/fintech_dag.py
[2024-12-21T19:01:31.243+0000] {processor.py:914} INFO - Processing file /opt/airflow/dags/fintech_dag.py for tasks to queue
[2024-12-21T19:01:31.246+0000] {logging_mixin.py:190} INFO - [2024-12-21T19:01:31.245+0000] {dagbag.py:588} INFO - Filling up the DagBag from /opt/airflow/dags/fintech_dag.py
[2024-12-21T19:01:32.364+0000] {processor.py:925} INFO - DAG(s) 'fintech_pipeline' retrieved from /opt/airflow/dags/fintech_dag.py
[2024-12-21T19:01:32.386+0000] {logging_mixin.py:190} INFO - [2024-12-21T19:01:32.385+0000] {dag.py:3239} INFO - Sync 1 DAGs
[2024-12-21T19:01:32.403+0000] {logging_mixin.py:190} INFO - [2024-12-21T19:01:32.402+0000] {dag.py:4180} INFO - Setting next_dagrun for fintech_pipeline to None, run_after=None
[2024-12-21T19:01:32.419+0000] {processor.py:208} INFO - Processing /opt/airflow/dags/fintech_dag.py took 1.182 seconds
[2024-12-21T19:02:02.539+0000] {processor.py:186} INFO - Started process (PID=341) to work on /opt/airflow/dags/fintech_dag.py
[2024-12-21T19:02:02.540+0000] {processor.py:914} INFO - Processing file /opt/airflow/dags/fintech_dag.py for tasks to queue
[2024-12-21T19:02:02.543+0000] {logging_mixin.py:190} INFO - [2024-12-21T19:02:02.542+0000] {dagbag.py:588} INFO - Filling up the DagBag from /opt/airflow/dags/fintech_dag.py
[2024-12-21T19:02:03.729+0000] {processor.py:925} INFO - DAG(s) 'fintech_pipeline' retrieved from /opt/airflow/dags/fintech_dag.py
[2024-12-21T19:02:03.754+0000] {logging_mixin.py:190} INFO - [2024-12-21T19:02:03.754+0000] {dag.py:3239} INFO - Sync 1 DAGs
[2024-12-21T19:02:03.776+0000] {logging_mixin.py:190} INFO - [2024-12-21T19:02:03.775+0000] {dag.py:4180} INFO - Setting next_dagrun for fintech_pipeline to None, run_after=None
[2024-12-21T19:02:03.795+0000] {processor.py:208} INFO - Processing /opt/airflow/dags/fintech_dag.py took 1.262 seconds
[2024-12-21T19:02:34.011+0000] {processor.py:186} INFO - Started process (PID=360) to work on /opt/airflow/dags/fintech_dag.py
[2024-12-21T19:02:34.012+0000] {processor.py:914} INFO - Processing file /opt/airflow/dags/fintech_dag.py for tasks to queue
[2024-12-21T19:02:34.015+0000] {logging_mixin.py:190} INFO - [2024-12-21T19:02:34.014+0000] {dagbag.py:588} INFO - Filling up the DagBag from /opt/airflow/dags/fintech_dag.py
[2024-12-21T19:02:35.177+0000] {processor.py:925} INFO - DAG(s) 'fintech_pipeline' retrieved from /opt/airflow/dags/fintech_dag.py
[2024-12-21T19:02:35.198+0000] {logging_mixin.py:190} INFO - [2024-12-21T19:02:35.197+0000] {dag.py:3239} INFO - Sync 1 DAGs
[2024-12-21T19:02:35.215+0000] {logging_mixin.py:190} INFO - [2024-12-21T19:02:35.215+0000] {dag.py:4180} INFO - Setting next_dagrun for fintech_pipeline to None, run_after=None
[2024-12-21T19:02:35.232+0000] {processor.py:208} INFO - Processing /opt/airflow/dags/fintech_dag.py took 1.227 seconds
[2024-12-21T19:03:05.447+0000] {processor.py:186} INFO - Started process (PID=379) to work on /opt/airflow/dags/fintech_dag.py
[2024-12-21T19:03:05.448+0000] {processor.py:914} INFO - Processing file /opt/airflow/dags/fintech_dag.py for tasks to queue
[2024-12-21T19:03:05.450+0000] {logging_mixin.py:190} INFO - [2024-12-21T19:03:05.450+0000] {dagbag.py:588} INFO - Filling up the DagBag from /opt/airflow/dags/fintech_dag.py
[2024-12-21T19:03:06.595+0000] {processor.py:925} INFO - DAG(s) 'fintech_pipeline' retrieved from /opt/airflow/dags/fintech_dag.py
[2024-12-21T19:03:06.614+0000] {logging_mixin.py:190} INFO - [2024-12-21T19:03:06.614+0000] {dag.py:3239} INFO - Sync 1 DAGs
[2024-12-21T19:03:06.633+0000] {logging_mixin.py:190} INFO - [2024-12-21T19:03:06.633+0000] {dag.py:4180} INFO - Setting next_dagrun for fintech_pipeline to None, run_after=None
[2024-12-21T19:03:06.650+0000] {processor.py:208} INFO - Processing /opt/airflow/dags/fintech_dag.py took 1.210 seconds
[2024-12-21T19:03:36.889+0000] {processor.py:186} INFO - Started process (PID=398) to work on /opt/airflow/dags/fintech_dag.py
[2024-12-21T19:03:36.891+0000] {processor.py:914} INFO - Processing file /opt/airflow/dags/fintech_dag.py for tasks to queue
[2024-12-21T19:03:36.893+0000] {logging_mixin.py:190} INFO - [2024-12-21T19:03:36.893+0000] {dagbag.py:588} INFO - Filling up the DagBag from /opt/airflow/dags/fintech_dag.py
[2024-12-21T19:03:38.137+0000] {processor.py:925} INFO - DAG(s) 'fintech_pipeline' retrieved from /opt/airflow/dags/fintech_dag.py
[2024-12-21T19:03:38.161+0000] {logging_mixin.py:190} INFO - [2024-12-21T19:03:38.161+0000] {dag.py:3239} INFO - Sync 1 DAGs
[2024-12-21T19:03:38.183+0000] {logging_mixin.py:190} INFO - [2024-12-21T19:03:38.183+0000] {dag.py:4180} INFO - Setting next_dagrun for fintech_pipeline to None, run_after=None
[2024-12-21T19:03:38.203+0000] {processor.py:208} INFO - Processing /opt/airflow/dags/fintech_dag.py took 1.322 seconds
[2024-12-21T19:04:08.440+0000] {processor.py:186} INFO - Started process (PID=417) to work on /opt/airflow/dags/fintech_dag.py
[2024-12-21T19:04:08.441+0000] {processor.py:914} INFO - Processing file /opt/airflow/dags/fintech_dag.py for tasks to queue
[2024-12-21T19:04:08.443+0000] {logging_mixin.py:190} INFO - [2024-12-21T19:04:08.443+0000] {dagbag.py:588} INFO - Filling up the DagBag from /opt/airflow/dags/fintech_dag.py
[2024-12-21T19:04:09.494+0000] {processor.py:925} INFO - DAG(s) 'fintech_pipeline' retrieved from /opt/airflow/dags/fintech_dag.py
[2024-12-21T19:04:09.608+0000] {logging_mixin.py:190} INFO - [2024-12-21T19:04:09.608+0000] {dag.py:3239} INFO - Sync 1 DAGs
[2024-12-21T19:04:09.626+0000] {logging_mixin.py:190} INFO - [2024-12-21T19:04:09.626+0000] {dag.py:4180} INFO - Setting next_dagrun for fintech_pipeline to None, run_after=None
[2024-12-21T19:04:09.645+0000] {processor.py:208} INFO - Processing /opt/airflow/dags/fintech_dag.py took 1.210 seconds
[2024-12-21T19:04:39.705+0000] {processor.py:186} INFO - Started process (PID=442) to work on /opt/airflow/dags/fintech_dag.py
[2024-12-21T19:04:39.706+0000] {processor.py:914} INFO - Processing file /opt/airflow/dags/fintech_dag.py for tasks to queue
[2024-12-21T19:04:39.709+0000] {logging_mixin.py:190} INFO - [2024-12-21T19:04:39.708+0000] {dagbag.py:588} INFO - Filling up the DagBag from /opt/airflow/dags/fintech_dag.py
[2024-12-21T19:04:40.879+0000] {processor.py:925} INFO - DAG(s) 'fintech_pipeline' retrieved from /opt/airflow/dags/fintech_dag.py
[2024-12-21T19:04:40.899+0000] {logging_mixin.py:190} INFO - [2024-12-21T19:04:40.898+0000] {dag.py:3239} INFO - Sync 1 DAGs
[2024-12-21T19:04:40.915+0000] {logging_mixin.py:190} INFO - [2024-12-21T19:04:40.915+0000] {dag.py:4180} INFO - Setting next_dagrun for fintech_pipeline to None, run_after=None
[2024-12-21T19:04:40.933+0000] {processor.py:208} INFO - Processing /opt/airflow/dags/fintech_dag.py took 1.234 seconds
[2024-12-21T19:05:11.075+0000] {processor.py:186} INFO - Started process (PID=461) to work on /opt/airflow/dags/fintech_dag.py
[2024-12-21T19:05:11.076+0000] {processor.py:914} INFO - Processing file /opt/airflow/dags/fintech_dag.py for tasks to queue
[2024-12-21T19:05:11.078+0000] {logging_mixin.py:190} INFO - [2024-12-21T19:05:11.078+0000] {dagbag.py:588} INFO - Filling up the DagBag from /opt/airflow/dags/fintech_dag.py
[2024-12-21T19:05:12.367+0000] {processor.py:925} INFO - DAG(s) 'fintech_pipeline' retrieved from /opt/airflow/dags/fintech_dag.py
[2024-12-21T19:05:12.388+0000] {logging_mixin.py:190} INFO - [2024-12-21T19:05:12.388+0000] {dag.py:3239} INFO - Sync 1 DAGs
[2024-12-21T19:05:12.406+0000] {logging_mixin.py:190} INFO - [2024-12-21T19:05:12.406+0000] {dag.py:4180} INFO - Setting next_dagrun for fintech_pipeline to None, run_after=None
[2024-12-21T19:05:12.426+0000] {processor.py:208} INFO - Processing /opt/airflow/dags/fintech_dag.py took 1.358 seconds
[2024-12-21T19:05:42.679+0000] {processor.py:186} INFO - Started process (PID=480) to work on /opt/airflow/dags/fintech_dag.py
[2024-12-21T19:05:42.680+0000] {processor.py:914} INFO - Processing file /opt/airflow/dags/fintech_dag.py for tasks to queue
[2024-12-21T19:05:42.682+0000] {logging_mixin.py:190} INFO - [2024-12-21T19:05:42.682+0000] {dagbag.py:588} INFO - Filling up the DagBag from /opt/airflow/dags/fintech_dag.py
[2024-12-21T19:05:45.323+0000] {processor.py:925} INFO - DAG(s) 'fintech_pipeline' retrieved from /opt/airflow/dags/fintech_dag.py
[2024-12-21T19:05:45.353+0000] {logging_mixin.py:190} INFO - [2024-12-21T19:05:45.352+0000] {dag.py:3239} INFO - Sync 1 DAGs
[2024-12-21T19:05:45.389+0000] {logging_mixin.py:190} INFO - [2024-12-21T19:05:45.389+0000] {dag.py:4180} INFO - Setting next_dagrun for fintech_pipeline to None, run_after=None
[2024-12-21T19:05:45.418+0000] {processor.py:208} INFO - Processing /opt/airflow/dags/fintech_dag.py took 2.745 seconds
[2024-12-21T19:06:15.731+0000] {processor.py:186} INFO - Started process (PID=499) to work on /opt/airflow/dags/fintech_dag.py
[2024-12-21T19:06:15.752+0000] {processor.py:914} INFO - Processing file /opt/airflow/dags/fintech_dag.py for tasks to queue
[2024-12-21T19:06:15.755+0000] {logging_mixin.py:190} INFO - [2024-12-21T19:06:15.754+0000] {dagbag.py:588} INFO - Filling up the DagBag from /opt/airflow/dags/fintech_dag.py
[2024-12-21T19:06:17.389+0000] {processor.py:925} INFO - DAG(s) 'fintech_pipeline' retrieved from /opt/airflow/dags/fintech_dag.py
[2024-12-21T19:06:17.413+0000] {logging_mixin.py:190} INFO - [2024-12-21T19:06:17.412+0000] {dag.py:3239} INFO - Sync 1 DAGs
[2024-12-21T19:06:17.438+0000] {logging_mixin.py:190} INFO - [2024-12-21T19:06:17.438+0000] {dag.py:4180} INFO - Setting next_dagrun for fintech_pipeline to None, run_after=None
[2024-12-21T19:06:17.458+0000] {processor.py:208} INFO - Processing /opt/airflow/dags/fintech_dag.py took 1.734 seconds
[2024-12-21T19:06:47.706+0000] {processor.py:186} INFO - Started process (PID=518) to work on /opt/airflow/dags/fintech_dag.py
[2024-12-21T19:06:47.707+0000] {processor.py:914} INFO - Processing file /opt/airflow/dags/fintech_dag.py for tasks to queue
[2024-12-21T19:06:47.710+0000] {logging_mixin.py:190} INFO - [2024-12-21T19:06:47.710+0000] {dagbag.py:588} INFO - Filling up the DagBag from /opt/airflow/dags/fintech_dag.py
[2024-12-21T19:06:49.092+0000] {processor.py:925} INFO - DAG(s) 'fintech_pipeline' retrieved from /opt/airflow/dags/fintech_dag.py
[2024-12-21T19:06:49.114+0000] {logging_mixin.py:190} INFO - [2024-12-21T19:06:49.114+0000] {dag.py:3239} INFO - Sync 1 DAGs
[2024-12-21T19:06:49.132+0000] {logging_mixin.py:190} INFO - [2024-12-21T19:06:49.132+0000] {dag.py:4180} INFO - Setting next_dagrun for fintech_pipeline to None, run_after=None
[2024-12-21T19:06:49.151+0000] {processor.py:208} INFO - Processing /opt/airflow/dags/fintech_dag.py took 1.452 seconds
[2024-12-21T19:07:19.384+0000] {processor.py:186} INFO - Started process (PID=537) to work on /opt/airflow/dags/fintech_dag.py
[2024-12-21T19:07:19.386+0000] {processor.py:914} INFO - Processing file /opt/airflow/dags/fintech_dag.py for tasks to queue
[2024-12-21T19:07:19.390+0000] {logging_mixin.py:190} INFO - [2024-12-21T19:07:19.389+0000] {dagbag.py:588} INFO - Filling up the DagBag from /opt/airflow/dags/fintech_dag.py
[2024-12-21T19:07:20.872+0000] {processor.py:925} INFO - DAG(s) 'fintech_pipeline' retrieved from /opt/airflow/dags/fintech_dag.py
[2024-12-21T19:07:20.892+0000] {logging_mixin.py:190} INFO - [2024-12-21T19:07:20.892+0000] {dag.py:3239} INFO - Sync 1 DAGs
[2024-12-21T19:07:20.910+0000] {logging_mixin.py:190} INFO - [2024-12-21T19:07:20.910+0000] {dag.py:4180} INFO - Setting next_dagrun for fintech_pipeline to None, run_after=None
[2024-12-21T19:07:20.929+0000] {processor.py:208} INFO - Processing /opt/airflow/dags/fintech_dag.py took 1.553 seconds
[2024-12-21T19:07:51.166+0000] {processor.py:186} INFO - Started process (PID=556) to work on /opt/airflow/dags/fintech_dag.py
[2024-12-21T19:07:51.167+0000] {processor.py:914} INFO - Processing file /opt/airflow/dags/fintech_dag.py for tasks to queue
[2024-12-21T19:07:51.170+0000] {logging_mixin.py:190} INFO - [2024-12-21T19:07:51.170+0000] {dagbag.py:588} INFO - Filling up the DagBag from /opt/airflow/dags/fintech_dag.py
[2024-12-21T19:07:52.678+0000] {processor.py:925} INFO - DAG(s) 'fintech_pipeline' retrieved from /opt/airflow/dags/fintech_dag.py
[2024-12-21T19:07:52.712+0000] {logging_mixin.py:190} INFO - [2024-12-21T19:07:52.712+0000] {dag.py:3239} INFO - Sync 1 DAGs
[2024-12-21T19:07:52.739+0000] {logging_mixin.py:190} INFO - [2024-12-21T19:07:52.739+0000] {dag.py:4180} INFO - Setting next_dagrun for fintech_pipeline to None, run_after=None
[2024-12-21T19:07:52.763+0000] {processor.py:208} INFO - Processing /opt/airflow/dags/fintech_dag.py took 1.604 seconds
[2024-12-21T19:08:23.012+0000] {processor.py:186} INFO - Started process (PID=575) to work on /opt/airflow/dags/fintech_dag.py
[2024-12-21T19:08:23.014+0000] {processor.py:914} INFO - Processing file /opt/airflow/dags/fintech_dag.py for tasks to queue
[2024-12-21T19:08:23.018+0000] {logging_mixin.py:190} INFO - [2024-12-21T19:08:23.017+0000] {dagbag.py:588} INFO - Filling up the DagBag from /opt/airflow/dags/fintech_dag.py
[2024-12-21T19:08:25.130+0000] {processor.py:925} INFO - DAG(s) 'fintech_pipeline' retrieved from /opt/airflow/dags/fintech_dag.py
[2024-12-21T19:08:25.163+0000] {logging_mixin.py:190} INFO - [2024-12-21T19:08:25.163+0000] {dag.py:3239} INFO - Sync 1 DAGs
[2024-12-21T19:08:25.198+0000] {logging_mixin.py:190} INFO - [2024-12-21T19:08:25.198+0000] {dag.py:4180} INFO - Setting next_dagrun for fintech_pipeline to None, run_after=None
[2024-12-21T19:08:25.235+0000] {processor.py:208} INFO - Processing /opt/airflow/dags/fintech_dag.py took 2.235 seconds
[2024-12-21T19:08:55.482+0000] {processor.py:186} INFO - Started process (PID=594) to work on /opt/airflow/dags/fintech_dag.py
[2024-12-21T19:08:55.483+0000] {processor.py:914} INFO - Processing file /opt/airflow/dags/fintech_dag.py for tasks to queue
[2024-12-21T19:08:55.486+0000] {logging_mixin.py:190} INFO - [2024-12-21T19:08:55.485+0000] {dagbag.py:588} INFO - Filling up the DagBag from /opt/airflow/dags/fintech_dag.py
[2024-12-21T19:08:56.708+0000] {processor.py:925} INFO - DAG(s) 'fintech_pipeline' retrieved from /opt/airflow/dags/fintech_dag.py
[2024-12-21T19:08:56.730+0000] {logging_mixin.py:190} INFO - [2024-12-21T19:08:56.729+0000] {dag.py:3239} INFO - Sync 1 DAGs
[2024-12-21T19:08:56.750+0000] {logging_mixin.py:190} INFO - [2024-12-21T19:08:56.749+0000] {dag.py:4180} INFO - Setting next_dagrun for fintech_pipeline to None, run_after=None
[2024-12-21T19:08:56.770+0000] {processor.py:208} INFO - Processing /opt/airflow/dags/fintech_dag.py took 1.294 seconds
[2024-12-21T19:09:26.998+0000] {processor.py:186} INFO - Started process (PID=613) to work on /opt/airflow/dags/fintech_dag.py
[2024-12-21T19:09:26.999+0000] {processor.py:914} INFO - Processing file /opt/airflow/dags/fintech_dag.py for tasks to queue
[2024-12-21T19:09:27.002+0000] {logging_mixin.py:190} INFO - [2024-12-21T19:09:27.001+0000] {dagbag.py:588} INFO - Filling up the DagBag from /opt/airflow/dags/fintech_dag.py
[2024-12-21T19:09:28.238+0000] {processor.py:925} INFO - DAG(s) 'fintech_pipeline' retrieved from /opt/airflow/dags/fintech_dag.py
[2024-12-21T19:09:28.259+0000] {logging_mixin.py:190} INFO - [2024-12-21T19:09:28.258+0000] {dag.py:3239} INFO - Sync 1 DAGs
[2024-12-21T19:09:28.277+0000] {logging_mixin.py:190} INFO - [2024-12-21T19:09:28.276+0000] {dag.py:4180} INFO - Setting next_dagrun for fintech_pipeline to None, run_after=None
[2024-12-21T19:09:28.295+0000] {processor.py:208} INFO - Processing /opt/airflow/dags/fintech_dag.py took 1.302 seconds
[2024-12-21T19:09:58.539+0000] {processor.py:186} INFO - Started process (PID=632) to work on /opt/airflow/dags/fintech_dag.py
[2024-12-21T19:09:58.540+0000] {processor.py:914} INFO - Processing file /opt/airflow/dags/fintech_dag.py for tasks to queue
[2024-12-21T19:09:58.543+0000] {logging_mixin.py:190} INFO - [2024-12-21T19:09:58.542+0000] {dagbag.py:588} INFO - Filling up the DagBag from /opt/airflow/dags/fintech_dag.py
[2024-12-21T19:09:59.732+0000] {processor.py:925} INFO - DAG(s) 'fintech_pipeline' retrieved from /opt/airflow/dags/fintech_dag.py
[2024-12-21T19:09:59.752+0000] {logging_mixin.py:190} INFO - [2024-12-21T19:09:59.752+0000] {dag.py:3239} INFO - Sync 1 DAGs
[2024-12-21T19:09:59.770+0000] {logging_mixin.py:190} INFO - [2024-12-21T19:09:59.770+0000] {dag.py:4180} INFO - Setting next_dagrun for fintech_pipeline to None, run_after=None
[2024-12-21T19:09:59.788+0000] {processor.py:208} INFO - Processing /opt/airflow/dags/fintech_dag.py took 1.256 seconds
[2024-12-21T19:10:30.031+0000] {processor.py:186} INFO - Started process (PID=651) to work on /opt/airflow/dags/fintech_dag.py
[2024-12-21T19:10:30.033+0000] {processor.py:914} INFO - Processing file /opt/airflow/dags/fintech_dag.py for tasks to queue
[2024-12-21T19:10:30.035+0000] {logging_mixin.py:190} INFO - [2024-12-21T19:10:30.034+0000] {dagbag.py:588} INFO - Filling up the DagBag from /opt/airflow/dags/fintech_dag.py
[2024-12-21T19:10:31.213+0000] {processor.py:925} INFO - DAG(s) 'fintech_pipeline' retrieved from /opt/airflow/dags/fintech_dag.py
[2024-12-21T19:10:31.233+0000] {logging_mixin.py:190} INFO - [2024-12-21T19:10:31.233+0000] {dag.py:3239} INFO - Sync 1 DAGs
[2024-12-21T19:10:31.252+0000] {logging_mixin.py:190} INFO - [2024-12-21T19:10:31.251+0000] {dag.py:4180} INFO - Setting next_dagrun for fintech_pipeline to None, run_after=None
[2024-12-21T19:10:31.279+0000] {processor.py:208} INFO - Processing /opt/airflow/dags/fintech_dag.py took 1.253 seconds
[2024-12-21T19:11:01.520+0000] {processor.py:186} INFO - Started process (PID=670) to work on /opt/airflow/dags/fintech_dag.py
[2024-12-21T19:11:01.521+0000] {processor.py:914} INFO - Processing file /opt/airflow/dags/fintech_dag.py for tasks to queue
[2024-12-21T19:11:01.525+0000] {logging_mixin.py:190} INFO - [2024-12-21T19:11:01.524+0000] {dagbag.py:588} INFO - Filling up the DagBag from /opt/airflow/dags/fintech_dag.py
[2024-12-21T19:11:02.740+0000] {processor.py:925} INFO - DAG(s) 'fintech_pipeline' retrieved from /opt/airflow/dags/fintech_dag.py
[2024-12-21T19:11:02.759+0000] {logging_mixin.py:190} INFO - [2024-12-21T19:11:02.759+0000] {dag.py:3239} INFO - Sync 1 DAGs
[2024-12-21T19:11:02.776+0000] {logging_mixin.py:190} INFO - [2024-12-21T19:11:02.776+0000] {dag.py:4180} INFO - Setting next_dagrun for fintech_pipeline to None, run_after=None
[2024-12-21T19:11:02.797+0000] {processor.py:208} INFO - Processing /opt/airflow/dags/fintech_dag.py took 1.284 seconds
[2024-12-21T19:11:33.022+0000] {processor.py:186} INFO - Started process (PID=689) to work on /opt/airflow/dags/fintech_dag.py
[2024-12-21T19:11:33.023+0000] {processor.py:914} INFO - Processing file /opt/airflow/dags/fintech_dag.py for tasks to queue
[2024-12-21T19:11:33.025+0000] {logging_mixin.py:190} INFO - [2024-12-21T19:11:33.025+0000] {dagbag.py:588} INFO - Filling up the DagBag from /opt/airflow/dags/fintech_dag.py
[2024-12-21T19:11:34.096+0000] {processor.py:925} INFO - DAG(s) 'fintech_pipeline' retrieved from /opt/airflow/dags/fintech_dag.py
[2024-12-21T19:11:34.116+0000] {logging_mixin.py:190} INFO - [2024-12-21T19:11:34.116+0000] {dag.py:3239} INFO - Sync 1 DAGs
[2024-12-21T19:11:34.134+0000] {logging_mixin.py:190} INFO - [2024-12-21T19:11:34.134+0000] {dag.py:4180} INFO - Setting next_dagrun for fintech_pipeline to None, run_after=None
[2024-12-21T19:11:34.159+0000] {processor.py:208} INFO - Processing /opt/airflow/dags/fintech_dag.py took 1.143 seconds
[2024-12-21T19:12:04.238+0000] {processor.py:186} INFO - Started process (PID=708) to work on /opt/airflow/dags/fintech_dag.py
[2024-12-21T19:12:04.239+0000] {processor.py:914} INFO - Processing file /opt/airflow/dags/fintech_dag.py for tasks to queue
[2024-12-21T19:12:04.242+0000] {logging_mixin.py:190} INFO - [2024-12-21T19:12:04.242+0000] {dagbag.py:588} INFO - Filling up the DagBag from /opt/airflow/dags/fintech_dag.py
[2024-12-21T19:12:05.426+0000] {processor.py:925} INFO - DAG(s) 'fintech_pipeline' retrieved from /opt/airflow/dags/fintech_dag.py
[2024-12-21T19:12:05.447+0000] {logging_mixin.py:190} INFO - [2024-12-21T19:12:05.447+0000] {dag.py:3239} INFO - Sync 1 DAGs
[2024-12-21T19:12:05.468+0000] {logging_mixin.py:190} INFO - [2024-12-21T19:12:05.467+0000] {dag.py:4180} INFO - Setting next_dagrun for fintech_pipeline to None, run_after=None
[2024-12-21T19:12:05.486+0000] {processor.py:208} INFO - Processing /opt/airflow/dags/fintech_dag.py took 1.255 seconds
[2024-12-21T19:12:35.585+0000] {processor.py:186} INFO - Started process (PID=727) to work on /opt/airflow/dags/fintech_dag.py
[2024-12-21T19:12:35.586+0000] {processor.py:914} INFO - Processing file /opt/airflow/dags/fintech_dag.py for tasks to queue
[2024-12-21T19:12:35.588+0000] {logging_mixin.py:190} INFO - [2024-12-21T19:12:35.588+0000] {dagbag.py:588} INFO - Filling up the DagBag from /opt/airflow/dags/fintech_dag.py
[2024-12-21T19:12:36.692+0000] {processor.py:925} INFO - DAG(s) 'fintech_pipeline' retrieved from /opt/airflow/dags/fintech_dag.py
[2024-12-21T19:12:36.801+0000] {logging_mixin.py:190} INFO - [2024-12-21T19:12:36.801+0000] {dag.py:3239} INFO - Sync 1 DAGs
[2024-12-21T19:12:36.825+0000] {logging_mixin.py:190} INFO - [2024-12-21T19:12:36.825+0000] {dag.py:4180} INFO - Setting next_dagrun for fintech_pipeline to None, run_after=None
[2024-12-21T19:12:36.850+0000] {processor.py:208} INFO - Processing /opt/airflow/dags/fintech_dag.py took 1.271 seconds
[2024-12-21T19:33:52.204+0000] {processor.py:186} INFO - Started process (PID=744) to work on /opt/airflow/dags/fintech_dag.py
[2024-12-21T19:33:52.206+0000] {processor.py:914} INFO - Processing file /opt/airflow/dags/fintech_dag.py for tasks to queue
[2024-12-21T19:33:52.219+0000] {logging_mixin.py:190} INFO - [2024-12-21T19:33:52.219+0000] {dagbag.py:588} INFO - Filling up the DagBag from /opt/airflow/dags/fintech_dag.py
[2024-12-21T19:33:55.673+0000] {processor.py:925} INFO - DAG(s) 'fintech_pipeline' retrieved from /opt/airflow/dags/fintech_dag.py
[2024-12-21T19:33:55.957+0000] {logging_mixin.py:190} INFO - [2024-12-21T19:33:55.956+0000] {dag.py:3239} INFO - Sync 1 DAGs
[2024-12-21T19:33:56.022+0000] {logging_mixin.py:190} INFO - [2024-12-21T19:33:56.022+0000] {dag.py:4180} INFO - Setting next_dagrun for fintech_pipeline to None, run_after=None
[2024-12-21T19:33:56.060+0000] {processor.py:208} INFO - Processing /opt/airflow/dags/fintech_dag.py took 3.884 seconds
[2024-12-21T19:34:26.441+0000] {processor.py:186} INFO - Started process (PID=765) to work on /opt/airflow/dags/fintech_dag.py
[2024-12-21T19:34:26.442+0000] {processor.py:914} INFO - Processing file /opt/airflow/dags/fintech_dag.py for tasks to queue
[2024-12-21T19:34:26.446+0000] {logging_mixin.py:190} INFO - [2024-12-21T19:34:26.445+0000] {dagbag.py:588} INFO - Filling up the DagBag from /opt/airflow/dags/fintech_dag.py
[2024-12-21T19:34:28.378+0000] {processor.py:925} INFO - DAG(s) 'fintech_pipeline' retrieved from /opt/airflow/dags/fintech_dag.py
[2024-12-21T19:34:28.408+0000] {logging_mixin.py:190} INFO - [2024-12-21T19:34:28.407+0000] {dag.py:3239} INFO - Sync 1 DAGs
[2024-12-21T19:34:28.435+0000] {logging_mixin.py:190} INFO - [2024-12-21T19:34:28.435+0000] {dag.py:4180} INFO - Setting next_dagrun for fintech_pipeline to None, run_after=None
[2024-12-21T19:34:28.460+0000] {processor.py:208} INFO - Processing /opt/airflow/dags/fintech_dag.py took 2.026 seconds
[2024-12-21T19:34:58.723+0000] {processor.py:186} INFO - Started process (PID=784) to work on /opt/airflow/dags/fintech_dag.py
[2024-12-21T19:34:58.724+0000] {processor.py:914} INFO - Processing file /opt/airflow/dags/fintech_dag.py for tasks to queue
[2024-12-21T19:34:58.727+0000] {logging_mixin.py:190} INFO - [2024-12-21T19:34:58.727+0000] {dagbag.py:588} INFO - Filling up the DagBag from /opt/airflow/dags/fintech_dag.py
[2024-12-21T19:35:00.368+0000] {processor.py:925} INFO - DAG(s) 'fintech_pipeline' retrieved from /opt/airflow/dags/fintech_dag.py
[2024-12-21T19:35:00.395+0000] {logging_mixin.py:190} INFO - [2024-12-21T19:35:00.395+0000] {dag.py:3239} INFO - Sync 1 DAGs
[2024-12-21T19:35:00.422+0000] {logging_mixin.py:190} INFO - [2024-12-21T19:35:00.421+0000] {dag.py:4180} INFO - Setting next_dagrun for fintech_pipeline to None, run_after=None
[2024-12-21T19:35:00.447+0000] {processor.py:208} INFO - Processing /opt/airflow/dags/fintech_dag.py took 1.732 seconds
[2024-12-21T19:35:30.870+0000] {processor.py:186} INFO - Started process (PID=803) to work on /opt/airflow/dags/fintech_dag.py
[2024-12-21T19:35:30.875+0000] {processor.py:914} INFO - Processing file /opt/airflow/dags/fintech_dag.py for tasks to queue
[2024-12-21T19:35:30.883+0000] {logging_mixin.py:190} INFO - [2024-12-21T19:35:30.882+0000] {dagbag.py:588} INFO - Filling up the DagBag from /opt/airflow/dags/fintech_dag.py
[2024-12-21T19:35:33.183+0000] {processor.py:925} INFO - DAG(s) 'fintech_pipeline' retrieved from /opt/airflow/dags/fintech_dag.py
[2024-12-21T19:35:33.215+0000] {logging_mixin.py:190} INFO - [2024-12-21T19:35:33.214+0000] {dag.py:3239} INFO - Sync 1 DAGs
[2024-12-21T19:35:33.244+0000] {logging_mixin.py:190} INFO - [2024-12-21T19:35:33.243+0000] {dag.py:4180} INFO - Setting next_dagrun for fintech_pipeline to None, run_after=None
[2024-12-21T19:35:33.270+0000] {processor.py:208} INFO - Processing /opt/airflow/dags/fintech_dag.py took 2.425 seconds
[2024-12-21T19:36:03.493+0000] {processor.py:186} INFO - Started process (PID=822) to work on /opt/airflow/dags/fintech_dag.py
[2024-12-21T19:36:03.496+0000] {processor.py:914} INFO - Processing file /opt/airflow/dags/fintech_dag.py for tasks to queue
[2024-12-21T19:36:03.507+0000] {logging_mixin.py:190} INFO - [2024-12-21T19:36:03.506+0000] {dagbag.py:588} INFO - Filling up the DagBag from /opt/airflow/dags/fintech_dag.py
[2024-12-21T19:36:05.654+0000] {processor.py:925} INFO - DAG(s) 'fintech_pipeline' retrieved from /opt/airflow/dags/fintech_dag.py
[2024-12-21T19:36:05.716+0000] {logging_mixin.py:190} INFO - [2024-12-21T19:36:05.714+0000] {dag.py:3239} INFO - Sync 1 DAGs
[2024-12-21T19:36:05.806+0000] {logging_mixin.py:190} INFO - [2024-12-21T19:36:05.805+0000] {dag.py:4180} INFO - Setting next_dagrun for fintech_pipeline to None, run_after=None
[2024-12-21T19:36:05.882+0000] {processor.py:208} INFO - Processing /opt/airflow/dags/fintech_dag.py took 2.414 seconds
[2024-12-21T19:36:36.200+0000] {processor.py:186} INFO - Started process (PID=841) to work on /opt/airflow/dags/fintech_dag.py
[2024-12-21T19:36:36.203+0000] {processor.py:914} INFO - Processing file /opt/airflow/dags/fintech_dag.py for tasks to queue
[2024-12-21T19:36:36.213+0000] {logging_mixin.py:190} INFO - [2024-12-21T19:36:36.212+0000] {dagbag.py:588} INFO - Filling up the DagBag from /opt/airflow/dags/fintech_dag.py
[2024-12-21T19:36:38.413+0000] {processor.py:925} INFO - DAG(s) 'fintech_pipeline' retrieved from /opt/airflow/dags/fintech_dag.py
[2024-12-21T19:36:38.458+0000] {logging_mixin.py:190} INFO - [2024-12-21T19:36:38.457+0000] {dag.py:3239} INFO - Sync 1 DAGs
[2024-12-21T19:36:38.503+0000] {logging_mixin.py:190} INFO - [2024-12-21T19:36:38.503+0000] {dag.py:4180} INFO - Setting next_dagrun for fintech_pipeline to None, run_after=None
[2024-12-21T19:36:38.542+0000] {processor.py:208} INFO - Processing /opt/airflow/dags/fintech_dag.py took 2.368 seconds
[2024-12-21T19:37:08.905+0000] {processor.py:186} INFO - Started process (PID=860) to work on /opt/airflow/dags/fintech_dag.py
[2024-12-21T19:37:08.907+0000] {processor.py:914} INFO - Processing file /opt/airflow/dags/fintech_dag.py for tasks to queue
[2024-12-21T19:37:08.913+0000] {logging_mixin.py:190} INFO - [2024-12-21T19:37:08.912+0000] {dagbag.py:588} INFO - Filling up the DagBag from /opt/airflow/dags/fintech_dag.py
[2024-12-21T19:37:11.334+0000] {processor.py:925} INFO - DAG(s) 'fintech_pipeline' retrieved from /opt/airflow/dags/fintech_dag.py
[2024-12-21T19:37:11.377+0000] {logging_mixin.py:190} INFO - [2024-12-21T19:37:11.376+0000] {dag.py:3239} INFO - Sync 1 DAGs
[2024-12-21T19:37:11.416+0000] {logging_mixin.py:190} INFO - [2024-12-21T19:37:11.416+0000] {dag.py:4180} INFO - Setting next_dagrun for fintech_pipeline to None, run_after=None
[2024-12-21T19:37:11.459+0000] {processor.py:208} INFO - Processing /opt/airflow/dags/fintech_dag.py took 2.568 seconds
[2024-12-21T19:37:41.998+0000] {processor.py:186} INFO - Started process (PID=879) to work on /opt/airflow/dags/fintech_dag.py
[2024-12-21T19:37:42.000+0000] {processor.py:914} INFO - Processing file /opt/airflow/dags/fintech_dag.py for tasks to queue
[2024-12-21T19:37:42.005+0000] {logging_mixin.py:190} INFO - [2024-12-21T19:37:42.005+0000] {dagbag.py:588} INFO - Filling up the DagBag from /opt/airflow/dags/fintech_dag.py
[2024-12-21T19:37:44.239+0000] {processor.py:925} INFO - DAG(s) 'fintech_pipeline' retrieved from /opt/airflow/dags/fintech_dag.py
[2024-12-21T19:37:44.272+0000] {logging_mixin.py:190} INFO - [2024-12-21T19:37:44.272+0000] {dag.py:3239} INFO - Sync 1 DAGs
[2024-12-21T19:37:44.301+0000] {logging_mixin.py:190} INFO - [2024-12-21T19:37:44.301+0000] {dag.py:4180} INFO - Setting next_dagrun for fintech_pipeline to None, run_after=None
[2024-12-21T19:37:44.339+0000] {processor.py:208} INFO - Processing /opt/airflow/dags/fintech_dag.py took 2.355 seconds
[2024-12-21T19:38:14.508+0000] {processor.py:186} INFO - Started process (PID=898) to work on /opt/airflow/dags/fintech_dag.py
[2024-12-21T19:38:14.510+0000] {processor.py:914} INFO - Processing file /opt/airflow/dags/fintech_dag.py for tasks to queue
[2024-12-21T19:38:14.516+0000] {logging_mixin.py:190} INFO - [2024-12-21T19:38:14.514+0000] {dagbag.py:588} INFO - Filling up the DagBag from /opt/airflow/dags/fintech_dag.py
[2024-12-21T19:38:16.316+0000] {processor.py:925} INFO - DAG(s) 'fintech_pipeline' retrieved from /opt/airflow/dags/fintech_dag.py
[2024-12-21T19:38:16.345+0000] {logging_mixin.py:190} INFO - [2024-12-21T19:38:16.344+0000] {dag.py:3239} INFO - Sync 1 DAGs
[2024-12-21T19:38:16.377+0000] {logging_mixin.py:190} INFO - [2024-12-21T19:38:16.377+0000] {dag.py:4180} INFO - Setting next_dagrun for fintech_pipeline to None, run_after=None
[2024-12-21T19:38:16.411+0000] {processor.py:208} INFO - Processing /opt/airflow/dags/fintech_dag.py took 1.915 seconds
[2024-12-21T19:54:33.863+0000] {processor.py:186} INFO - Started process (PID=917) to work on /opt/airflow/dags/fintech_dag.py
[2024-12-21T19:54:33.866+0000] {processor.py:914} INFO - Processing file /opt/airflow/dags/fintech_dag.py for tasks to queue
[2024-12-21T19:54:33.878+0000] {logging_mixin.py:190} INFO - [2024-12-21T19:54:33.877+0000] {dagbag.py:588} INFO - Filling up the DagBag from /opt/airflow/dags/fintech_dag.py
[2024-12-21T19:54:39.156+0000] {processor.py:925} INFO - DAG(s) 'fintech_pipeline' retrieved from /opt/airflow/dags/fintech_dag.py
[2024-12-21T19:54:39.211+0000] {logging_mixin.py:190} INFO - [2024-12-21T19:54:39.211+0000] {dag.py:3239} INFO - Sync 1 DAGs
[2024-12-21T19:54:39.258+0000] {logging_mixin.py:190} INFO - [2024-12-21T19:54:39.258+0000] {dag.py:4180} INFO - Setting next_dagrun for fintech_pipeline to None, run_after=None
[2024-12-21T19:54:39.303+0000] {processor.py:208} INFO - Processing /opt/airflow/dags/fintech_dag.py took 5.468 seconds
[2024-12-21T19:55:09.561+0000] {processor.py:186} INFO - Started process (PID=936) to work on /opt/airflow/dags/fintech_dag.py
[2024-12-21T19:55:09.563+0000] {processor.py:914} INFO - Processing file /opt/airflow/dags/fintech_dag.py for tasks to queue
[2024-12-21T19:55:09.567+0000] {logging_mixin.py:190} INFO - [2024-12-21T19:55:09.566+0000] {dagbag.py:588} INFO - Filling up the DagBag from /opt/airflow/dags/fintech_dag.py
[2024-12-21T19:55:11.086+0000] {processor.py:925} INFO - DAG(s) 'fintech_pipeline' retrieved from /opt/airflow/dags/fintech_dag.py
[2024-12-21T19:55:11.114+0000] {logging_mixin.py:190} INFO - [2024-12-21T19:55:11.113+0000] {dag.py:3239} INFO - Sync 1 DAGs
[2024-12-21T19:55:11.142+0000] {logging_mixin.py:190} INFO - [2024-12-21T19:55:11.141+0000] {dag.py:4180} INFO - Setting next_dagrun for fintech_pipeline to None, run_after=None
[2024-12-21T19:55:11.171+0000] {processor.py:208} INFO - Processing /opt/airflow/dags/fintech_dag.py took 1.618 seconds
[2024-12-21T19:55:41.567+0000] {processor.py:186} INFO - Started process (PID=955) to work on /opt/airflow/dags/fintech_dag.py
[2024-12-21T19:55:41.569+0000] {processor.py:914} INFO - Processing file /opt/airflow/dags/fintech_dag.py for tasks to queue
[2024-12-21T19:55:41.572+0000] {logging_mixin.py:190} INFO - [2024-12-21T19:55:41.572+0000] {dagbag.py:588} INFO - Filling up the DagBag from /opt/airflow/dags/fintech_dag.py
[2024-12-21T19:55:42.879+0000] {processor.py:925} INFO - DAG(s) 'fintech_pipeline' retrieved from /opt/airflow/dags/fintech_dag.py
[2024-12-21T19:55:42.900+0000] {logging_mixin.py:190} INFO - [2024-12-21T19:55:42.900+0000] {dag.py:3239} INFO - Sync 1 DAGs
[2024-12-21T19:55:42.921+0000] {logging_mixin.py:190} INFO - [2024-12-21T19:55:42.920+0000] {dag.py:4180} INFO - Setting next_dagrun for fintech_pipeline to None, run_after=None
[2024-12-21T19:55:42.943+0000] {processor.py:208} INFO - Processing /opt/airflow/dags/fintech_dag.py took 1.383 seconds
[2024-12-21T19:56:13.279+0000] {processor.py:186} INFO - Started process (PID=974) to work on /opt/airflow/dags/fintech_dag.py
[2024-12-21T19:56:13.281+0000] {processor.py:914} INFO - Processing file /opt/airflow/dags/fintech_dag.py for tasks to queue
[2024-12-21T19:56:13.286+0000] {logging_mixin.py:190} INFO - [2024-12-21T19:56:13.286+0000] {dagbag.py:588} INFO - Filling up the DagBag from /opt/airflow/dags/fintech_dag.py
[2024-12-21T19:56:16.025+0000] {processor.py:925} INFO - DAG(s) 'fintech_pipeline' retrieved from /opt/airflow/dags/fintech_dag.py
[2024-12-21T19:56:16.054+0000] {logging_mixin.py:190} INFO - [2024-12-21T19:56:16.053+0000] {dag.py:3239} INFO - Sync 1 DAGs
[2024-12-21T19:56:16.081+0000] {logging_mixin.py:190} INFO - [2024-12-21T19:56:16.081+0000] {dag.py:4180} INFO - Setting next_dagrun for fintech_pipeline to None, run_after=None
[2024-12-21T19:56:16.120+0000] {processor.py:208} INFO - Processing /opt/airflow/dags/fintech_dag.py took 2.859 seconds
[2024-12-21T19:56:46.667+0000] {processor.py:186} INFO - Started process (PID=999) to work on /opt/airflow/dags/fintech_dag.py
[2024-12-21T19:56:46.669+0000] {processor.py:914} INFO - Processing file /opt/airflow/dags/fintech_dag.py for tasks to queue
[2024-12-21T19:56:46.675+0000] {logging_mixin.py:190} INFO - [2024-12-21T19:56:46.674+0000] {dagbag.py:588} INFO - Filling up the DagBag from /opt/airflow/dags/fintech_dag.py
[2024-12-21T19:56:49.024+0000] {processor.py:925} INFO - DAG(s) 'fintech_pipeline' retrieved from /opt/airflow/dags/fintech_dag.py
[2024-12-21T19:56:49.063+0000] {logging_mixin.py:190} INFO - [2024-12-21T19:56:49.062+0000] {dag.py:3239} INFO - Sync 1 DAGs
[2024-12-21T19:56:49.110+0000] {logging_mixin.py:190} INFO - [2024-12-21T19:56:49.109+0000] {dag.py:4180} INFO - Setting next_dagrun for fintech_pipeline to None, run_after=None
[2024-12-21T19:56:49.160+0000] {processor.py:208} INFO - Processing /opt/airflow/dags/fintech_dag.py took 2.507 seconds
[2024-12-21T19:57:19.738+0000] {processor.py:186} INFO - Started process (PID=1018) to work on /opt/airflow/dags/fintech_dag.py
[2024-12-21T19:57:19.742+0000] {processor.py:914} INFO - Processing file /opt/airflow/dags/fintech_dag.py for tasks to queue
[2024-12-21T19:57:19.751+0000] {logging_mixin.py:190} INFO - [2024-12-21T19:57:19.749+0000] {dagbag.py:588} INFO - Filling up the DagBag from /opt/airflow/dags/fintech_dag.py
[2024-12-21T19:57:21.938+0000] {processor.py:925} INFO - DAG(s) 'fintech_pipeline' retrieved from /opt/airflow/dags/fintech_dag.py
[2024-12-21T19:57:21.989+0000] {logging_mixin.py:190} INFO - [2024-12-21T19:57:21.988+0000] {dag.py:3239} INFO - Sync 1 DAGs
[2024-12-21T19:57:22.040+0000] {logging_mixin.py:190} INFO - [2024-12-21T19:57:22.040+0000] {dag.py:4180} INFO - Setting next_dagrun for fintech_pipeline to None, run_after=None
[2024-12-21T19:57:22.081+0000] {processor.py:208} INFO - Processing /opt/airflow/dags/fintech_dag.py took 2.371 seconds
[2024-12-21T19:57:52.549+0000] {processor.py:186} INFO - Started process (PID=1037) to work on /opt/airflow/dags/fintech_dag.py
[2024-12-21T19:57:52.550+0000] {processor.py:914} INFO - Processing file /opt/airflow/dags/fintech_dag.py for tasks to queue
[2024-12-21T19:57:52.553+0000] {logging_mixin.py:190} INFO - [2024-12-21T19:57:52.553+0000] {dagbag.py:588} INFO - Filling up the DagBag from /opt/airflow/dags/fintech_dag.py
[2024-12-21T19:57:54.436+0000] {processor.py:925} INFO - DAG(s) 'fintech_pipeline' retrieved from /opt/airflow/dags/fintech_dag.py
[2024-12-21T19:57:54.465+0000] {logging_mixin.py:190} INFO - [2024-12-21T19:57:54.464+0000] {dag.py:3239} INFO - Sync 1 DAGs
[2024-12-21T19:57:54.490+0000] {logging_mixin.py:190} INFO - [2024-12-21T19:57:54.490+0000] {dag.py:4180} INFO - Setting next_dagrun for fintech_pipeline to None, run_after=None
[2024-12-21T19:57:54.520+0000] {processor.py:208} INFO - Processing /opt/airflow/dags/fintech_dag.py took 1.979 seconds
[2024-12-21T19:58:25.056+0000] {processor.py:186} INFO - Started process (PID=1056) to work on /opt/airflow/dags/fintech_dag.py
[2024-12-21T19:58:25.060+0000] {processor.py:914} INFO - Processing file /opt/airflow/dags/fintech_dag.py for tasks to queue
[2024-12-21T19:58:25.068+0000] {logging_mixin.py:190} INFO - [2024-12-21T19:58:25.067+0000] {dagbag.py:588} INFO - Filling up the DagBag from /opt/airflow/dags/fintech_dag.py
[2024-12-21T19:58:27.213+0000] {processor.py:925} INFO - DAG(s) 'fintech_pipeline' retrieved from /opt/airflow/dags/fintech_dag.py
[2024-12-21T19:58:27.369+0000] {logging_mixin.py:190} INFO - [2024-12-21T19:58:27.368+0000] {dag.py:3239} INFO - Sync 1 DAGs
[2024-12-21T19:58:27.416+0000] {logging_mixin.py:190} INFO - [2024-12-21T19:58:27.416+0000] {dag.py:4180} INFO - Setting next_dagrun for fintech_pipeline to None, run_after=None
[2024-12-21T19:58:27.457+0000] {processor.py:208} INFO - Processing /opt/airflow/dags/fintech_dag.py took 2.424 seconds
[2024-12-21T19:58:58.006+0000] {processor.py:186} INFO - Started process (PID=1075) to work on /opt/airflow/dags/fintech_dag.py
[2024-12-21T19:58:58.009+0000] {processor.py:914} INFO - Processing file /opt/airflow/dags/fintech_dag.py for tasks to queue
[2024-12-21T19:58:58.019+0000] {logging_mixin.py:190} INFO - [2024-12-21T19:58:58.018+0000] {dagbag.py:588} INFO - Filling up the DagBag from /opt/airflow/dags/fintech_dag.py
[2024-12-21T19:59:00.169+0000] {processor.py:925} INFO - DAG(s) 'fintech_pipeline' retrieved from /opt/airflow/dags/fintech_dag.py
[2024-12-21T19:59:00.208+0000] {logging_mixin.py:190} INFO - [2024-12-21T19:59:00.207+0000] {dag.py:3239} INFO - Sync 1 DAGs
[2024-12-21T19:59:00.253+0000] {logging_mixin.py:190} INFO - [2024-12-21T19:59:00.252+0000] {dag.py:4180} INFO - Setting next_dagrun for fintech_pipeline to None, run_after=None
[2024-12-21T19:59:00.293+0000] {processor.py:208} INFO - Processing /opt/airflow/dags/fintech_dag.py took 2.310 seconds
[2024-12-21T19:59:30.761+0000] {processor.py:186} INFO - Started process (PID=1094) to work on /opt/airflow/dags/fintech_dag.py
[2024-12-21T19:59:30.763+0000] {processor.py:914} INFO - Processing file /opt/airflow/dags/fintech_dag.py for tasks to queue
[2024-12-21T19:59:30.768+0000] {logging_mixin.py:190} INFO - [2024-12-21T19:59:30.768+0000] {dagbag.py:588} INFO - Filling up the DagBag from /opt/airflow/dags/fintech_dag.py
[2024-12-21T19:59:32.901+0000] {processor.py:925} INFO - DAG(s) 'fintech_pipeline' retrieved from /opt/airflow/dags/fintech_dag.py
[2024-12-21T19:59:32.937+0000] {logging_mixin.py:190} INFO - [2024-12-21T19:59:32.936+0000] {dag.py:3239} INFO - Sync 1 DAGs
[2024-12-21T19:59:32.978+0000] {logging_mixin.py:190} INFO - [2024-12-21T19:59:32.978+0000] {dag.py:4180} INFO - Setting next_dagrun for fintech_pipeline to None, run_after=None
[2024-12-21T19:59:33.027+0000] {processor.py:208} INFO - Processing /opt/airflow/dags/fintech_dag.py took 2.277 seconds
[2024-12-21T20:00:03.448+0000] {processor.py:186} INFO - Started process (PID=1113) to work on /opt/airflow/dags/fintech_dag.py
[2024-12-21T20:00:03.451+0000] {processor.py:914} INFO - Processing file /opt/airflow/dags/fintech_dag.py for tasks to queue
[2024-12-21T20:00:03.460+0000] {logging_mixin.py:190} INFO - [2024-12-21T20:00:03.459+0000] {dagbag.py:588} INFO - Filling up the DagBag from /opt/airflow/dags/fintech_dag.py
[2024-12-21T20:00:06.023+0000] {processor.py:925} INFO - DAG(s) 'fintech_pipeline' retrieved from /opt/airflow/dags/fintech_dag.py
[2024-12-21T20:00:06.062+0000] {logging_mixin.py:190} INFO - [2024-12-21T20:00:06.061+0000] {dag.py:3239} INFO - Sync 1 DAGs
[2024-12-21T20:00:06.107+0000] {logging_mixin.py:190} INFO - [2024-12-21T20:00:06.106+0000] {dag.py:4180} INFO - Setting next_dagrun for fintech_pipeline to None, run_after=None
[2024-12-21T20:00:06.146+0000] {processor.py:208} INFO - Processing /opt/airflow/dags/fintech_dag.py took 2.724 seconds
[2024-12-21T20:00:36.719+0000] {processor.py:186} INFO - Started process (PID=1132) to work on /opt/airflow/dags/fintech_dag.py
[2024-12-21T20:00:36.722+0000] {processor.py:914} INFO - Processing file /opt/airflow/dags/fintech_dag.py for tasks to queue
[2024-12-21T20:00:36.728+0000] {logging_mixin.py:190} INFO - [2024-12-21T20:00:36.728+0000] {dagbag.py:588} INFO - Filling up the DagBag from /opt/airflow/dags/fintech_dag.py
[2024-12-21T20:00:39.409+0000] {processor.py:925} INFO - DAG(s) 'fintech_pipeline' retrieved from /opt/airflow/dags/fintech_dag.py
[2024-12-21T20:00:39.459+0000] {logging_mixin.py:190} INFO - [2024-12-21T20:00:39.458+0000] {dag.py:3239} INFO - Sync 1 DAGs
[2024-12-21T20:00:39.519+0000] {logging_mixin.py:190} INFO - [2024-12-21T20:00:39.519+0000] {dag.py:4180} INFO - Setting next_dagrun for fintech_pipeline to None, run_after=None
[2024-12-21T20:00:39.573+0000] {processor.py:208} INFO - Processing /opt/airflow/dags/fintech_dag.py took 2.869 seconds
[2024-12-21T20:01:10.156+0000] {processor.py:186} INFO - Started process (PID=1151) to work on /opt/airflow/dags/fintech_dag.py
[2024-12-21T20:01:10.159+0000] {processor.py:914} INFO - Processing file /opt/airflow/dags/fintech_dag.py for tasks to queue
[2024-12-21T20:01:10.165+0000] {logging_mixin.py:190} INFO - [2024-12-21T20:01:10.164+0000] {dagbag.py:588} INFO - Filling up the DagBag from /opt/airflow/dags/fintech_dag.py
[2024-12-21T20:01:11.892+0000] {processor.py:925} INFO - DAG(s) 'fintech_pipeline' retrieved from /opt/airflow/dags/fintech_dag.py
[2024-12-21T20:01:11.923+0000] {logging_mixin.py:190} INFO - [2024-12-21T20:01:11.923+0000] {dag.py:3239} INFO - Sync 1 DAGs
[2024-12-21T20:01:11.950+0000] {logging_mixin.py:190} INFO - [2024-12-21T20:01:11.950+0000] {dag.py:4180} INFO - Setting next_dagrun for fintech_pipeline to None, run_after=None
[2024-12-21T20:01:11.981+0000] {processor.py:208} INFO - Processing /opt/airflow/dags/fintech_dag.py took 1.840 seconds
[2024-12-21T20:01:42.536+0000] {processor.py:186} INFO - Started process (PID=1170) to work on /opt/airflow/dags/fintech_dag.py
[2024-12-21T20:01:42.538+0000] {processor.py:914} INFO - Processing file /opt/airflow/dags/fintech_dag.py for tasks to queue
[2024-12-21T20:01:42.541+0000] {logging_mixin.py:190} INFO - [2024-12-21T20:01:42.540+0000] {dagbag.py:588} INFO - Filling up the DagBag from /opt/airflow/dags/fintech_dag.py
[2024-12-21T20:01:44.296+0000] {processor.py:925} INFO - DAG(s) 'fintech_pipeline' retrieved from /opt/airflow/dags/fintech_dag.py
[2024-12-21T20:01:44.331+0000] {logging_mixin.py:190} INFO - [2024-12-21T20:01:44.330+0000] {dag.py:3239} INFO - Sync 1 DAGs
[2024-12-21T20:01:44.363+0000] {logging_mixin.py:190} INFO - [2024-12-21T20:01:44.363+0000] {dag.py:4180} INFO - Setting next_dagrun for fintech_pipeline to None, run_after=None
[2024-12-21T20:01:44.387+0000] {processor.py:208} INFO - Processing /opt/airflow/dags/fintech_dag.py took 1.859 seconds
[2024-12-21T20:02:14.891+0000] {processor.py:186} INFO - Started process (PID=1189) to work on /opt/airflow/dags/fintech_dag.py
[2024-12-21T20:02:14.892+0000] {processor.py:914} INFO - Processing file /opt/airflow/dags/fintech_dag.py for tasks to queue
[2024-12-21T20:02:14.895+0000] {logging_mixin.py:190} INFO - [2024-12-21T20:02:14.895+0000] {dagbag.py:588} INFO - Filling up the DagBag from /opt/airflow/dags/fintech_dag.py
[2024-12-21T20:02:16.833+0000] {processor.py:925} INFO - DAG(s) 'fintech_pipeline' retrieved from /opt/airflow/dags/fintech_dag.py
[2024-12-21T20:02:16.859+0000] {logging_mixin.py:190} INFO - [2024-12-21T20:02:16.859+0000] {dag.py:3239} INFO - Sync 1 DAGs
[2024-12-21T20:02:16.887+0000] {logging_mixin.py:190} INFO - [2024-12-21T20:02:16.886+0000] {dag.py:4180} INFO - Setting next_dagrun for fintech_pipeline to None, run_after=None
[2024-12-21T20:02:16.920+0000] {processor.py:208} INFO - Processing /opt/airflow/dags/fintech_dag.py took 2.039 seconds
[2024-12-21T20:02:47.404+0000] {processor.py:186} INFO - Started process (PID=1215) to work on /opt/airflow/dags/fintech_dag.py
[2024-12-21T20:02:47.406+0000] {processor.py:914} INFO - Processing file /opt/airflow/dags/fintech_dag.py for tasks to queue
[2024-12-21T20:02:47.411+0000] {logging_mixin.py:190} INFO - [2024-12-21T20:02:47.410+0000] {dagbag.py:588} INFO - Filling up the DagBag from /opt/airflow/dags/fintech_dag.py
[2024-12-21T20:02:49.204+0000] {processor.py:925} INFO - DAG(s) 'fintech_pipeline' retrieved from /opt/airflow/dags/fintech_dag.py
[2024-12-21T20:02:49.237+0000] {logging_mixin.py:190} INFO - [2024-12-21T20:02:49.236+0000] {dag.py:3239} INFO - Sync 1 DAGs
[2024-12-21T20:02:49.264+0000] {logging_mixin.py:190} INFO - [2024-12-21T20:02:49.264+0000] {dag.py:4180} INFO - Setting next_dagrun for fintech_pipeline to None, run_after=None
[2024-12-21T20:02:49.287+0000] {processor.py:208} INFO - Processing /opt/airflow/dags/fintech_dag.py took 1.892 seconds
[2024-12-21T20:03:19.825+0000] {processor.py:186} INFO - Started process (PID=1234) to work on /opt/airflow/dags/fintech_dag.py
[2024-12-21T20:03:19.827+0000] {processor.py:914} INFO - Processing file /opt/airflow/dags/fintech_dag.py for tasks to queue
[2024-12-21T20:03:19.834+0000] {logging_mixin.py:190} INFO - [2024-12-21T20:03:19.833+0000] {dagbag.py:588} INFO - Filling up the DagBag from /opt/airflow/dags/fintech_dag.py
[2024-12-21T20:03:22.416+0000] {processor.py:925} INFO - DAG(s) 'fintech_pipeline' retrieved from /opt/airflow/dags/fintech_dag.py
[2024-12-21T20:03:22.540+0000] {logging_mixin.py:190} INFO - [2024-12-21T20:03:22.539+0000] {dag.py:3239} INFO - Sync 1 DAGs
[2024-12-21T20:03:22.603+0000] {logging_mixin.py:190} INFO - [2024-12-21T20:03:22.603+0000] {dag.py:4180} INFO - Setting next_dagrun for fintech_pipeline to None, run_after=None
[2024-12-21T20:03:22.650+0000] {processor.py:208} INFO - Processing /opt/airflow/dags/fintech_dag.py took 2.838 seconds
[2024-12-21T20:03:53.289+0000] {processor.py:186} INFO - Started process (PID=1253) to work on /opt/airflow/dags/fintech_dag.py
[2024-12-21T20:03:53.293+0000] {processor.py:914} INFO - Processing file /opt/airflow/dags/fintech_dag.py for tasks to queue
[2024-12-21T20:03:53.305+0000] {logging_mixin.py:190} INFO - [2024-12-21T20:03:53.304+0000] {dagbag.py:588} INFO - Filling up the DagBag from /opt/airflow/dags/fintech_dag.py
[2024-12-21T20:03:55.868+0000] {processor.py:925} INFO - DAG(s) 'fintech_pipeline' retrieved from /opt/airflow/dags/fintech_dag.py
[2024-12-21T20:03:55.916+0000] {logging_mixin.py:190} INFO - [2024-12-21T20:03:55.915+0000] {dag.py:3239} INFO - Sync 1 DAGs
[2024-12-21T20:03:55.981+0000] {logging_mixin.py:190} INFO - [2024-12-21T20:03:55.980+0000] {dag.py:4180} INFO - Setting next_dagrun for fintech_pipeline to None, run_after=None
[2024-12-21T20:03:56.051+0000] {processor.py:208} INFO - Processing /opt/airflow/dags/fintech_dag.py took 2.792 seconds
[2024-12-21T20:04:26.618+0000] {processor.py:186} INFO - Started process (PID=1273) to work on /opt/airflow/dags/fintech_dag.py
[2024-12-21T20:04:26.620+0000] {processor.py:914} INFO - Processing file /opt/airflow/dags/fintech_dag.py for tasks to queue
[2024-12-21T20:04:26.625+0000] {logging_mixin.py:190} INFO - [2024-12-21T20:04:26.625+0000] {dagbag.py:588} INFO - Filling up the DagBag from /opt/airflow/dags/fintech_dag.py
[2024-12-21T20:04:29.159+0000] {processor.py:925} INFO - DAG(s) 'fintech_pipeline' retrieved from /opt/airflow/dags/fintech_dag.py
[2024-12-21T20:04:29.194+0000] {logging_mixin.py:190} INFO - [2024-12-21T20:04:29.193+0000] {dag.py:3239} INFO - Sync 1 DAGs
[2024-12-21T20:04:29.224+0000] {logging_mixin.py:190} INFO - [2024-12-21T20:04:29.224+0000] {dag.py:4180} INFO - Setting next_dagrun for fintech_pipeline to None, run_after=None
[2024-12-21T20:04:29.252+0000] {processor.py:208} INFO - Processing /opt/airflow/dags/fintech_dag.py took 2.649 seconds
[2024-12-21T20:04:59.803+0000] {processor.py:186} INFO - Started process (PID=1292) to work on /opt/airflow/dags/fintech_dag.py
[2024-12-21T20:04:59.806+0000] {processor.py:914} INFO - Processing file /opt/airflow/dags/fintech_dag.py for tasks to queue
[2024-12-21T20:04:59.817+0000] {logging_mixin.py:190} INFO - [2024-12-21T20:04:59.816+0000] {dagbag.py:588} INFO - Filling up the DagBag from /opt/airflow/dags/fintech_dag.py
[2024-12-21T20:05:02.767+0000] {processor.py:925} INFO - DAG(s) 'fintech_pipeline' retrieved from /opt/airflow/dags/fintech_dag.py
[2024-12-21T20:05:02.822+0000] {logging_mixin.py:190} INFO - [2024-12-21T20:05:02.821+0000] {dag.py:3239} INFO - Sync 1 DAGs
[2024-12-21T20:05:02.866+0000] {logging_mixin.py:190} INFO - [2024-12-21T20:05:02.866+0000] {dag.py:4180} INFO - Setting next_dagrun for fintech_pipeline to None, run_after=None
[2024-12-21T20:05:02.914+0000] {processor.py:208} INFO - Processing /opt/airflow/dags/fintech_dag.py took 3.135 seconds
[2024-12-21T20:05:33.304+0000] {processor.py:186} INFO - Started process (PID=1311) to work on /opt/airflow/dags/fintech_dag.py
[2024-12-21T20:05:33.308+0000] {processor.py:914} INFO - Processing file /opt/airflow/dags/fintech_dag.py for tasks to queue
[2024-12-21T20:05:33.319+0000] {logging_mixin.py:190} INFO - [2024-12-21T20:05:33.317+0000] {dagbag.py:588} INFO - Filling up the DagBag from /opt/airflow/dags/fintech_dag.py
[2024-12-21T20:05:36.037+0000] {processor.py:925} INFO - DAG(s) 'fintech_pipeline' retrieved from /opt/airflow/dags/fintech_dag.py
[2024-12-21T20:05:36.065+0000] {logging_mixin.py:190} INFO - [2024-12-21T20:05:36.065+0000] {dag.py:3239} INFO - Sync 1 DAGs
[2024-12-21T20:05:36.094+0000] {logging_mixin.py:190} INFO - [2024-12-21T20:05:36.094+0000] {dag.py:4180} INFO - Setting next_dagrun for fintech_pipeline to None, run_after=None
[2024-12-21T20:05:36.130+0000] {processor.py:208} INFO - Processing /opt/airflow/dags/fintech_dag.py took 2.851 seconds
[2024-12-21T20:06:06.681+0000] {processor.py:186} INFO - Started process (PID=1330) to work on /opt/airflow/dags/fintech_dag.py
[2024-12-21T20:06:06.683+0000] {processor.py:914} INFO - Processing file /opt/airflow/dags/fintech_dag.py for tasks to queue
[2024-12-21T20:06:06.687+0000] {logging_mixin.py:190} INFO - [2024-12-21T20:06:06.687+0000] {dagbag.py:588} INFO - Filling up the DagBag from /opt/airflow/dags/fintech_dag.py
[2024-12-21T20:06:08.347+0000] {processor.py:925} INFO - DAG(s) 'fintech_pipeline' retrieved from /opt/airflow/dags/fintech_dag.py
[2024-12-21T20:06:08.397+0000] {logging_mixin.py:190} INFO - [2024-12-21T20:06:08.396+0000] {dag.py:3239} INFO - Sync 1 DAGs
[2024-12-21T20:06:08.447+0000] {logging_mixin.py:190} INFO - [2024-12-21T20:06:08.447+0000] {dag.py:4180} INFO - Setting next_dagrun for fintech_pipeline to None, run_after=None
[2024-12-21T20:06:08.501+0000] {processor.py:208} INFO - Processing /opt/airflow/dags/fintech_dag.py took 1.831 seconds
[2024-12-21T20:06:39.072+0000] {processor.py:186} INFO - Started process (PID=1349) to work on /opt/airflow/dags/fintech_dag.py
[2024-12-21T20:06:39.073+0000] {processor.py:914} INFO - Processing file /opt/airflow/dags/fintech_dag.py for tasks to queue
[2024-12-21T20:06:39.077+0000] {logging_mixin.py:190} INFO - [2024-12-21T20:06:39.077+0000] {dagbag.py:588} INFO - Filling up the DagBag from /opt/airflow/dags/fintech_dag.py
[2024-12-21T20:06:41.727+0000] {processor.py:925} INFO - DAG(s) 'fintech_pipeline' retrieved from /opt/airflow/dags/fintech_dag.py
[2024-12-21T20:06:41.777+0000] {logging_mixin.py:190} INFO - [2024-12-21T20:06:41.776+0000] {dag.py:3239} INFO - Sync 1 DAGs
[2024-12-21T20:06:41.825+0000] {logging_mixin.py:190} INFO - [2024-12-21T20:06:41.825+0000] {dag.py:4180} INFO - Setting next_dagrun for fintech_pipeline to None, run_after=None
[2024-12-21T20:06:41.873+0000] {processor.py:208} INFO - Processing /opt/airflow/dags/fintech_dag.py took 2.814 seconds
[2024-12-21T20:07:12.470+0000] {processor.py:186} INFO - Started process (PID=1368) to work on /opt/airflow/dags/fintech_dag.py
[2024-12-21T20:07:12.473+0000] {processor.py:914} INFO - Processing file /opt/airflow/dags/fintech_dag.py for tasks to queue
[2024-12-21T20:07:12.485+0000] {logging_mixin.py:190} INFO - [2024-12-21T20:07:12.484+0000] {dagbag.py:588} INFO - Filling up the DagBag from /opt/airflow/dags/fintech_dag.py
[2024-12-21T20:07:14.087+0000] {processor.py:925} INFO - DAG(s) 'fintech_pipeline' retrieved from /opt/airflow/dags/fintech_dag.py
[2024-12-21T20:07:14.284+0000] {logging_mixin.py:190} INFO - [2024-12-21T20:07:14.283+0000] {dag.py:3239} INFO - Sync 1 DAGs
[2024-12-21T20:07:14.318+0000] {logging_mixin.py:190} INFO - [2024-12-21T20:07:14.318+0000] {dag.py:4180} INFO - Setting next_dagrun for fintech_pipeline to None, run_after=None
[2024-12-21T20:07:14.354+0000] {processor.py:208} INFO - Processing /opt/airflow/dags/fintech_dag.py took 1.910 seconds
[2024-12-21T20:07:44.929+0000] {processor.py:186} INFO - Started process (PID=1387) to work on /opt/airflow/dags/fintech_dag.py
[2024-12-21T20:07:44.931+0000] {processor.py:914} INFO - Processing file /opt/airflow/dags/fintech_dag.py for tasks to queue
[2024-12-21T20:07:44.935+0000] {logging_mixin.py:190} INFO - [2024-12-21T20:07:44.934+0000] {dagbag.py:588} INFO - Filling up the DagBag from /opt/airflow/dags/fintech_dag.py
[2024-12-21T20:07:46.604+0000] {processor.py:925} INFO - DAG(s) 'fintech_pipeline' retrieved from /opt/airflow/dags/fintech_dag.py
[2024-12-21T20:07:46.632+0000] {logging_mixin.py:190} INFO - [2024-12-21T20:07:46.632+0000] {dag.py:3239} INFO - Sync 1 DAGs
[2024-12-21T20:07:46.660+0000] {logging_mixin.py:190} INFO - [2024-12-21T20:07:46.660+0000] {dag.py:4180} INFO - Setting next_dagrun for fintech_pipeline to None, run_after=None
[2024-12-21T20:07:46.693+0000] {processor.py:208} INFO - Processing /opt/airflow/dags/fintech_dag.py took 1.777 seconds
[2024-12-21T20:08:17.253+0000] {processor.py:186} INFO - Started process (PID=1406) to work on /opt/airflow/dags/fintech_dag.py
[2024-12-21T20:08:17.258+0000] {processor.py:914} INFO - Processing file /opt/airflow/dags/fintech_dag.py for tasks to queue
[2024-12-21T20:08:17.266+0000] {logging_mixin.py:190} INFO - [2024-12-21T20:08:17.265+0000] {dagbag.py:588} INFO - Filling up the DagBag from /opt/airflow/dags/fintech_dag.py
[2024-12-21T20:08:20.895+0000] {processor.py:925} INFO - DAG(s) 'fintech_pipeline' retrieved from /opt/airflow/dags/fintech_dag.py
[2024-12-21T20:08:20.922+0000] {logging_mixin.py:190} INFO - [2024-12-21T20:08:20.922+0000] {dag.py:3239} INFO - Sync 1 DAGs
[2024-12-21T20:08:20.949+0000] {logging_mixin.py:190} INFO - [2024-12-21T20:08:20.949+0000] {dag.py:4180} INFO - Setting next_dagrun for fintech_pipeline to None, run_after=None
[2024-12-21T20:08:20.979+0000] {processor.py:208} INFO - Processing /opt/airflow/dags/fintech_dag.py took 3.750 seconds
[2024-12-21T20:08:51.218+0000] {processor.py:186} INFO - Started process (PID=1431) to work on /opt/airflow/dags/fintech_dag.py
[2024-12-21T20:08:51.222+0000] {processor.py:914} INFO - Processing file /opt/airflow/dags/fintech_dag.py for tasks to queue
[2024-12-21T20:08:51.233+0000] {logging_mixin.py:190} INFO - [2024-12-21T20:08:51.232+0000] {dagbag.py:588} INFO - Filling up the DagBag from /opt/airflow/dags/fintech_dag.py
[2024-12-21T20:08:53.717+0000] {processor.py:925} INFO - DAG(s) 'fintech_pipeline' retrieved from /opt/airflow/dags/fintech_dag.py
[2024-12-21T20:08:53.754+0000] {logging_mixin.py:190} INFO - [2024-12-21T20:08:53.753+0000] {dag.py:3239} INFO - Sync 1 DAGs
[2024-12-21T20:08:53.792+0000] {logging_mixin.py:190} INFO - [2024-12-21T20:08:53.792+0000] {dag.py:4180} INFO - Setting next_dagrun for fintech_pipeline to None, run_after=None
[2024-12-21T20:08:53.828+0000] {processor.py:208} INFO - Processing /opt/airflow/dags/fintech_dag.py took 2.634 seconds
[2024-12-21T20:09:23.942+0000] {processor.py:186} INFO - Started process (PID=1450) to work on /opt/airflow/dags/fintech_dag.py
[2024-12-21T20:09:23.944+0000] {processor.py:914} INFO - Processing file /opt/airflow/dags/fintech_dag.py for tasks to queue
[2024-12-21T20:09:23.951+0000] {logging_mixin.py:190} INFO - [2024-12-21T20:09:23.950+0000] {dagbag.py:588} INFO - Filling up the DagBag from /opt/airflow/dags/fintech_dag.py
[2024-12-21T20:09:25.747+0000] {processor.py:925} INFO - DAG(s) 'fintech_pipeline' retrieved from /opt/airflow/dags/fintech_dag.py
[2024-12-21T20:09:25.776+0000] {logging_mixin.py:190} INFO - [2024-12-21T20:09:25.775+0000] {dag.py:3239} INFO - Sync 1 DAGs
[2024-12-21T20:09:25.804+0000] {logging_mixin.py:190} INFO - [2024-12-21T20:09:25.804+0000] {dag.py:4180} INFO - Setting next_dagrun for fintech_pipeline to None, run_after=None
[2024-12-21T20:09:25.829+0000] {processor.py:208} INFO - Processing /opt/airflow/dags/fintech_dag.py took 1.902 seconds
[2024-12-21T20:09:56.569+0000] {processor.py:186} INFO - Started process (PID=1469) to work on /opt/airflow/dags/fintech_dag.py
[2024-12-21T20:09:56.572+0000] {processor.py:914} INFO - Processing file /opt/airflow/dags/fintech_dag.py for tasks to queue
[2024-12-21T20:09:56.578+0000] {logging_mixin.py:190} INFO - [2024-12-21T20:09:56.577+0000] {dagbag.py:588} INFO - Filling up the DagBag from /opt/airflow/dags/fintech_dag.py
[2024-12-21T20:09:58.374+0000] {processor.py:925} INFO - DAG(s) 'fintech_pipeline' retrieved from /opt/airflow/dags/fintech_dag.py
[2024-12-21T20:09:58.408+0000] {logging_mixin.py:190} INFO - [2024-12-21T20:09:58.407+0000] {dag.py:3239} INFO - Sync 1 DAGs
[2024-12-21T20:09:58.439+0000] {logging_mixin.py:190} INFO - [2024-12-21T20:09:58.439+0000] {dag.py:4180} INFO - Setting next_dagrun for fintech_pipeline to None, run_after=None
[2024-12-21T20:09:58.465+0000] {processor.py:208} INFO - Processing /opt/airflow/dags/fintech_dag.py took 1.913 seconds
[2024-12-21T20:10:29.067+0000] {processor.py:186} INFO - Started process (PID=1487) to work on /opt/airflow/dags/fintech_dag.py
[2024-12-21T20:10:29.070+0000] {processor.py:914} INFO - Processing file /opt/airflow/dags/fintech_dag.py for tasks to queue
[2024-12-21T20:10:29.080+0000] {logging_mixin.py:190} INFO - [2024-12-21T20:10:29.077+0000] {dagbag.py:588} INFO - Filling up the DagBag from /opt/airflow/dags/fintech_dag.py
[2024-12-21T20:10:31.482+0000] {processor.py:925} INFO - DAG(s) 'fintech_pipeline' retrieved from /opt/airflow/dags/fintech_dag.py
[2024-12-21T20:10:31.526+0000] {logging_mixin.py:190} INFO - [2024-12-21T20:10:31.525+0000] {dag.py:3239} INFO - Sync 1 DAGs
[2024-12-21T20:10:31.562+0000] {logging_mixin.py:190} INFO - [2024-12-21T20:10:31.561+0000] {dag.py:4180} INFO - Setting next_dagrun for fintech_pipeline to None, run_after=None
[2024-12-21T20:10:31.606+0000] {processor.py:208} INFO - Processing /opt/airflow/dags/fintech_dag.py took 2.563 seconds
[2024-12-21T20:11:01.827+0000] {processor.py:186} INFO - Started process (PID=1506) to work on /opt/airflow/dags/fintech_dag.py
[2024-12-21T20:11:01.831+0000] {processor.py:914} INFO - Processing file /opt/airflow/dags/fintech_dag.py for tasks to queue
[2024-12-21T20:11:01.842+0000] {logging_mixin.py:190} INFO - [2024-12-21T20:11:01.841+0000] {dagbag.py:588} INFO - Filling up the DagBag from /opt/airflow/dags/fintech_dag.py
[2024-12-21T20:11:04.464+0000] {processor.py:925} INFO - DAG(s) 'fintech_pipeline' retrieved from /opt/airflow/dags/fintech_dag.py
[2024-12-21T20:11:04.513+0000] {logging_mixin.py:190} INFO - [2024-12-21T20:11:04.512+0000] {dag.py:3239} INFO - Sync 1 DAGs
[2024-12-21T20:11:04.558+0000] {logging_mixin.py:190} INFO - [2024-12-21T20:11:04.558+0000] {dag.py:4180} INFO - Setting next_dagrun for fintech_pipeline to None, run_after=None
[2024-12-21T20:11:04.607+0000] {processor.py:208} INFO - Processing /opt/airflow/dags/fintech_dag.py took 2.804 seconds
[2024-12-21T20:11:35.178+0000] {processor.py:186} INFO - Started process (PID=1525) to work on /opt/airflow/dags/fintech_dag.py
[2024-12-21T20:11:35.182+0000] {processor.py:914} INFO - Processing file /opt/airflow/dags/fintech_dag.py for tasks to queue
[2024-12-21T20:11:35.190+0000] {logging_mixin.py:190} INFO - [2024-12-21T20:11:35.189+0000] {dagbag.py:588} INFO - Filling up the DagBag from /opt/airflow/dags/fintech_dag.py
[2024-12-21T20:11:37.431+0000] {processor.py:925} INFO - DAG(s) 'fintech_pipeline' retrieved from /opt/airflow/dags/fintech_dag.py
[2024-12-21T20:11:37.468+0000] {logging_mixin.py:190} INFO - [2024-12-21T20:11:37.468+0000] {dag.py:3239} INFO - Sync 1 DAGs
[2024-12-21T20:11:37.521+0000] {logging_mixin.py:190} INFO - [2024-12-21T20:11:37.520+0000] {dag.py:4180} INFO - Setting next_dagrun for fintech_pipeline to None, run_after=None
[2024-12-21T20:11:37.580+0000] {processor.py:208} INFO - Processing /opt/airflow/dags/fintech_dag.py took 2.425 seconds
[2024-12-21T20:12:08.186+0000] {processor.py:186} INFO - Started process (PID=1544) to work on /opt/airflow/dags/fintech_dag.py
[2024-12-21T20:12:08.190+0000] {processor.py:914} INFO - Processing file /opt/airflow/dags/fintech_dag.py for tasks to queue
[2024-12-21T20:12:08.199+0000] {logging_mixin.py:190} INFO - [2024-12-21T20:12:08.197+0000] {dagbag.py:588} INFO - Filling up the DagBag from /opt/airflow/dags/fintech_dag.py
[2024-12-21T20:12:10.456+0000] {processor.py:925} INFO - DAG(s) 'fintech_pipeline' retrieved from /opt/airflow/dags/fintech_dag.py
[2024-12-21T20:12:10.505+0000] {logging_mixin.py:190} INFO - [2024-12-21T20:12:10.504+0000] {dag.py:3239} INFO - Sync 1 DAGs
[2024-12-21T20:12:10.553+0000] {logging_mixin.py:190} INFO - [2024-12-21T20:12:10.553+0000] {dag.py:4180} INFO - Setting next_dagrun for fintech_pipeline to None, run_after=None
[2024-12-21T20:12:10.600+0000] {processor.py:208} INFO - Processing /opt/airflow/dags/fintech_dag.py took 2.439 seconds
[2024-12-21T20:12:41.128+0000] {processor.py:186} INFO - Started process (PID=1563) to work on /opt/airflow/dags/fintech_dag.py
[2024-12-21T20:12:41.131+0000] {processor.py:914} INFO - Processing file /opt/airflow/dags/fintech_dag.py for tasks to queue
[2024-12-21T20:12:41.138+0000] {logging_mixin.py:190} INFO - [2024-12-21T20:12:41.136+0000] {dagbag.py:588} INFO - Filling up the DagBag from /opt/airflow/dags/fintech_dag.py
[2024-12-21T20:12:43.296+0000] {processor.py:925} INFO - DAG(s) 'fintech_pipeline' retrieved from /opt/airflow/dags/fintech_dag.py
[2024-12-21T20:12:43.349+0000] {logging_mixin.py:190} INFO - [2024-12-21T20:12:43.348+0000] {dag.py:3239} INFO - Sync 1 DAGs
[2024-12-21T20:12:43.397+0000] {logging_mixin.py:190} INFO - [2024-12-21T20:12:43.396+0000] {dag.py:4180} INFO - Setting next_dagrun for fintech_pipeline to None, run_after=None
[2024-12-21T20:12:43.440+0000] {processor.py:208} INFO - Processing /opt/airflow/dags/fintech_dag.py took 2.327 seconds
[2024-12-21T20:13:13.649+0000] {processor.py:186} INFO - Started process (PID=1582) to work on /opt/airflow/dags/fintech_dag.py
[2024-12-21T20:13:13.651+0000] {processor.py:914} INFO - Processing file /opt/airflow/dags/fintech_dag.py for tasks to queue
[2024-12-21T20:13:13.919+0000] {logging_mixin.py:190} INFO - [2024-12-21T20:13:13.919+0000] {dagbag.py:588} INFO - Filling up the DagBag from /opt/airflow/dags/fintech_dag.py
[2024-12-21T20:13:15.862+0000] {processor.py:925} INFO - DAG(s) 'fintech_pipeline' retrieved from /opt/airflow/dags/fintech_dag.py
[2024-12-21T20:13:15.890+0000] {logging_mixin.py:190} INFO - [2024-12-21T20:13:15.889+0000] {dag.py:3239} INFO - Sync 1 DAGs
[2024-12-21T20:13:15.922+0000] {logging_mixin.py:190} INFO - [2024-12-21T20:13:15.922+0000] {dag.py:4180} INFO - Setting next_dagrun for fintech_pipeline to None, run_after=None
[2024-12-21T20:13:15.957+0000] {processor.py:208} INFO - Processing /opt/airflow/dags/fintech_dag.py took 2.322 seconds
[2024-12-21T20:13:46.661+0000] {processor.py:186} INFO - Started process (PID=1601) to work on /opt/airflow/dags/fintech_dag.py
[2024-12-21T20:13:46.663+0000] {processor.py:914} INFO - Processing file /opt/airflow/dags/fintech_dag.py for tasks to queue
[2024-12-21T20:13:46.667+0000] {logging_mixin.py:190} INFO - [2024-12-21T20:13:46.667+0000] {dagbag.py:588} INFO - Filling up the DagBag from /opt/airflow/dags/fintech_dag.py
[2024-12-21T20:13:48.556+0000] {processor.py:925} INFO - DAG(s) 'fintech_pipeline' retrieved from /opt/airflow/dags/fintech_dag.py
[2024-12-21T20:13:48.590+0000] {logging_mixin.py:190} INFO - [2024-12-21T20:13:48.589+0000] {dag.py:3239} INFO - Sync 1 DAGs
[2024-12-21T20:13:48.629+0000] {logging_mixin.py:190} INFO - [2024-12-21T20:13:48.629+0000] {dag.py:4180} INFO - Setting next_dagrun for fintech_pipeline to None, run_after=None
[2024-12-21T20:13:48.670+0000] {processor.py:208} INFO - Processing /opt/airflow/dags/fintech_dag.py took 2.021 seconds
[2024-12-21T20:14:19.219+0000] {processor.py:186} INFO - Started process (PID=1620) to work on /opt/airflow/dags/fintech_dag.py
[2024-12-21T20:14:19.221+0000] {processor.py:914} INFO - Processing file /opt/airflow/dags/fintech_dag.py for tasks to queue
[2024-12-21T20:14:19.225+0000] {logging_mixin.py:190} INFO - [2024-12-21T20:14:19.225+0000] {dagbag.py:588} INFO - Filling up the DagBag from /opt/airflow/dags/fintech_dag.py
[2024-12-21T20:14:21.211+0000] {processor.py:925} INFO - DAG(s) 'fintech_pipeline' retrieved from /opt/airflow/dags/fintech_dag.py
[2024-12-21T20:14:21.239+0000] {logging_mixin.py:190} INFO - [2024-12-21T20:14:21.239+0000] {dag.py:3239} INFO - Sync 1 DAGs
[2024-12-21T20:14:21.266+0000] {logging_mixin.py:190} INFO - [2024-12-21T20:14:21.266+0000] {dag.py:4180} INFO - Setting next_dagrun for fintech_pipeline to None, run_after=None
[2024-12-21T20:14:21.298+0000] {processor.py:208} INFO - Processing /opt/airflow/dags/fintech_dag.py took 2.091 seconds
[2024-12-21T20:14:51.908+0000] {processor.py:186} INFO - Started process (PID=1644) to work on /opt/airflow/dags/fintech_dag.py
[2024-12-21T20:14:51.912+0000] {processor.py:914} INFO - Processing file /opt/airflow/dags/fintech_dag.py for tasks to queue
[2024-12-21T20:14:51.923+0000] {logging_mixin.py:190} INFO - [2024-12-21T20:14:51.922+0000] {dagbag.py:588} INFO - Filling up the DagBag from /opt/airflow/dags/fintech_dag.py
[2024-12-21T20:14:54.045+0000] {processor.py:925} INFO - DAG(s) 'fintech_pipeline' retrieved from /opt/airflow/dags/fintech_dag.py
[2024-12-21T20:14:54.084+0000] {logging_mixin.py:190} INFO - [2024-12-21T20:14:54.083+0000] {dag.py:3239} INFO - Sync 1 DAGs
[2024-12-21T20:14:54.127+0000] {logging_mixin.py:190} INFO - [2024-12-21T20:14:54.127+0000] {dag.py:4180} INFO - Setting next_dagrun for fintech_pipeline to None, run_after=None
[2024-12-21T20:14:54.179+0000] {processor.py:208} INFO - Processing /opt/airflow/dags/fintech_dag.py took 2.298 seconds
[2024-12-21T20:15:24.414+0000] {processor.py:186} INFO - Started process (PID=1663) to work on /opt/airflow/dags/fintech_dag.py
[2024-12-21T20:15:24.417+0000] {processor.py:914} INFO - Processing file /opt/airflow/dags/fintech_dag.py for tasks to queue
[2024-12-21T20:15:24.426+0000] {logging_mixin.py:190} INFO - [2024-12-21T20:15:24.425+0000] {dagbag.py:588} INFO - Filling up the DagBag from /opt/airflow/dags/fintech_dag.py
[2024-12-21T20:15:26.652+0000] {processor.py:925} INFO - DAG(s) 'fintech_pipeline' retrieved from /opt/airflow/dags/fintech_dag.py
[2024-12-21T20:15:26.713+0000] {logging_mixin.py:190} INFO - [2024-12-21T20:15:26.712+0000] {dag.py:3239} INFO - Sync 1 DAGs
[2024-12-21T20:15:26.772+0000] {logging_mixin.py:190} INFO - [2024-12-21T20:15:26.772+0000] {dag.py:4180} INFO - Setting next_dagrun for fintech_pipeline to None, run_after=None
[2024-12-21T20:15:26.825+0000] {processor.py:208} INFO - Processing /opt/airflow/dags/fintech_dag.py took 2.437 seconds
[2024-12-21T20:15:57.215+0000] {processor.py:186} INFO - Started process (PID=1682) to work on /opt/airflow/dags/fintech_dag.py
[2024-12-21T20:15:57.219+0000] {processor.py:914} INFO - Processing file /opt/airflow/dags/fintech_dag.py for tasks to queue
[2024-12-21T20:15:57.227+0000] {logging_mixin.py:190} INFO - [2024-12-21T20:15:57.226+0000] {dagbag.py:588} INFO - Filling up the DagBag from /opt/airflow/dags/fintech_dag.py
[2024-12-21T20:15:59.816+0000] {processor.py:925} INFO - DAG(s) 'fintech_pipeline' retrieved from /opt/airflow/dags/fintech_dag.py
[2024-12-21T20:15:59.843+0000] {logging_mixin.py:190} INFO - [2024-12-21T20:15:59.843+0000] {dag.py:3239} INFO - Sync 1 DAGs
[2024-12-21T20:15:59.878+0000] {logging_mixin.py:190} INFO - [2024-12-21T20:15:59.878+0000] {dag.py:4180} INFO - Setting next_dagrun for fintech_pipeline to None, run_after=None
[2024-12-21T20:15:59.940+0000] {processor.py:208} INFO - Processing /opt/airflow/dags/fintech_dag.py took 2.748 seconds
[2024-12-21T20:16:30.586+0000] {processor.py:186} INFO - Started process (PID=1701) to work on /opt/airflow/dags/fintech_dag.py
[2024-12-21T20:16:30.590+0000] {processor.py:914} INFO - Processing file /opt/airflow/dags/fintech_dag.py for tasks to queue
[2024-12-21T20:16:30.601+0000] {logging_mixin.py:190} INFO - [2024-12-21T20:16:30.600+0000] {dagbag.py:588} INFO - Filling up the DagBag from /opt/airflow/dags/fintech_dag.py
[2024-12-21T20:16:33.007+0000] {processor.py:925} INFO - DAG(s) 'fintech_pipeline' retrieved from /opt/airflow/dags/fintech_dag.py
[2024-12-21T20:16:33.056+0000] {logging_mixin.py:190} INFO - [2024-12-21T20:16:33.054+0000] {dag.py:3239} INFO - Sync 1 DAGs
[2024-12-21T20:16:33.116+0000] {logging_mixin.py:190} INFO - [2024-12-21T20:16:33.115+0000] {dag.py:4180} INFO - Setting next_dagrun for fintech_pipeline to None, run_after=None
[2024-12-21T20:16:33.168+0000] {processor.py:208} INFO - Processing /opt/airflow/dags/fintech_dag.py took 2.606 seconds
[2024-12-21T20:17:03.345+0000] {processor.py:186} INFO - Started process (PID=1720) to work on /opt/airflow/dags/fintech_dag.py
[2024-12-21T20:17:03.349+0000] {processor.py:914} INFO - Processing file /opt/airflow/dags/fintech_dag.py for tasks to queue
[2024-12-21T20:17:03.359+0000] {logging_mixin.py:190} INFO - [2024-12-21T20:17:03.357+0000] {dagbag.py:588} INFO - Filling up the DagBag from /opt/airflow/dags/fintech_dag.py
[2024-12-21T20:17:05.515+0000] {processor.py:925} INFO - DAG(s) 'fintech_pipeline' retrieved from /opt/airflow/dags/fintech_dag.py
[2024-12-21T20:17:05.541+0000] {logging_mixin.py:190} INFO - [2024-12-21T20:17:05.541+0000] {dag.py:3239} INFO - Sync 1 DAGs
[2024-12-21T20:17:05.566+0000] {logging_mixin.py:190} INFO - [2024-12-21T20:17:05.566+0000] {dag.py:4180} INFO - Setting next_dagrun for fintech_pipeline to None, run_after=None
[2024-12-21T20:17:05.590+0000] {processor.py:208} INFO - Processing /opt/airflow/dags/fintech_dag.py took 2.272 seconds
[2024-12-21T20:17:35.850+0000] {processor.py:186} INFO - Started process (PID=1739) to work on /opt/airflow/dags/fintech_dag.py
[2024-12-21T20:17:35.854+0000] {processor.py:914} INFO - Processing file /opt/airflow/dags/fintech_dag.py for tasks to queue
[2024-12-21T20:17:35.864+0000] {logging_mixin.py:190} INFO - [2024-12-21T20:17:35.863+0000] {dagbag.py:588} INFO - Filling up the DagBag from /opt/airflow/dags/fintech_dag.py
[2024-12-21T20:17:37.559+0000] {processor.py:925} INFO - DAG(s) 'fintech_pipeline' retrieved from /opt/airflow/dags/fintech_dag.py
[2024-12-21T20:17:37.591+0000] {logging_mixin.py:190} INFO - [2024-12-21T20:17:37.590+0000] {dag.py:3239} INFO - Sync 1 DAGs
[2024-12-21T20:17:37.625+0000] {logging_mixin.py:190} INFO - [2024-12-21T20:17:37.625+0000] {dag.py:4180} INFO - Setting next_dagrun for fintech_pipeline to None, run_after=None
[2024-12-21T20:17:37.677+0000] {processor.py:208} INFO - Processing /opt/airflow/dags/fintech_dag.py took 1.852 seconds
[2024-12-21T20:18:08.205+0000] {processor.py:186} INFO - Started process (PID=1759) to work on /opt/airflow/dags/fintech_dag.py
[2024-12-21T20:18:08.206+0000] {processor.py:914} INFO - Processing file /opt/airflow/dags/fintech_dag.py for tasks to queue
[2024-12-21T20:18:08.213+0000] {logging_mixin.py:190} INFO - [2024-12-21T20:18:08.212+0000] {dagbag.py:588} INFO - Filling up the DagBag from /opt/airflow/dags/fintech_dag.py
[2024-12-21T20:18:09.768+0000] {processor.py:925} INFO - DAG(s) 'fintech_pipeline' retrieved from /opt/airflow/dags/fintech_dag.py
[2024-12-21T20:18:09.795+0000] {logging_mixin.py:190} INFO - [2024-12-21T20:18:09.795+0000] {dag.py:3239} INFO - Sync 1 DAGs
[2024-12-21T20:18:09.818+0000] {logging_mixin.py:190} INFO - [2024-12-21T20:18:09.818+0000] {dag.py:4180} INFO - Setting next_dagrun for fintech_pipeline to None, run_after=None
[2024-12-21T20:18:09.840+0000] {processor.py:208} INFO - Processing /opt/airflow/dags/fintech_dag.py took 1.644 seconds
[2024-12-21T20:18:40.070+0000] {processor.py:186} INFO - Started process (PID=1778) to work on /opt/airflow/dags/fintech_dag.py
[2024-12-21T20:18:40.074+0000] {processor.py:914} INFO - Processing file /opt/airflow/dags/fintech_dag.py for tasks to queue
[2024-12-21T20:18:40.088+0000] {logging_mixin.py:190} INFO - [2024-12-21T20:18:40.084+0000] {dagbag.py:588} INFO - Filling up the DagBag from /opt/airflow/dags/fintech_dag.py
[2024-12-21T20:18:42.410+0000] {processor.py:925} INFO - DAG(s) 'fintech_pipeline' retrieved from /opt/airflow/dags/fintech_dag.py
[2024-12-21T20:18:42.440+0000] {logging_mixin.py:190} INFO - [2024-12-21T20:18:42.440+0000] {dag.py:3239} INFO - Sync 1 DAGs
[2024-12-21T20:18:42.479+0000] {logging_mixin.py:190} INFO - [2024-12-21T20:18:42.479+0000] {dag.py:4180} INFO - Setting next_dagrun for fintech_pipeline to None, run_after=None
[2024-12-21T20:18:42.524+0000] {processor.py:208} INFO - Processing /opt/airflow/dags/fintech_dag.py took 2.486 seconds
[2024-12-21T20:19:12.910+0000] {processor.py:186} INFO - Started process (PID=1797) to work on /opt/airflow/dags/fintech_dag.py
[2024-12-21T20:19:12.913+0000] {processor.py:914} INFO - Processing file /opt/airflow/dags/fintech_dag.py for tasks to queue
[2024-12-21T20:19:12.923+0000] {logging_mixin.py:190} INFO - [2024-12-21T20:19:12.922+0000] {dagbag.py:588} INFO - Filling up the DagBag from /opt/airflow/dags/fintech_dag.py
[2024-12-21T20:19:14.981+0000] {processor.py:925} INFO - DAG(s) 'fintech_pipeline' retrieved from /opt/airflow/dags/fintech_dag.py
[2024-12-21T20:19:15.033+0000] {logging_mixin.py:190} INFO - [2024-12-21T20:19:15.032+0000] {dag.py:3239} INFO - Sync 1 DAGs
[2024-12-21T20:19:15.080+0000] {logging_mixin.py:190} INFO - [2024-12-21T20:19:15.079+0000] {dag.py:4180} INFO - Setting next_dagrun for fintech_pipeline to None, run_after=None
[2024-12-21T20:19:15.127+0000] {processor.py:208} INFO - Processing /opt/airflow/dags/fintech_dag.py took 2.239 seconds
[2024-12-21T20:19:45.521+0000] {processor.py:186} INFO - Started process (PID=1816) to work on /opt/airflow/dags/fintech_dag.py
[2024-12-21T20:19:45.523+0000] {processor.py:914} INFO - Processing file /opt/airflow/dags/fintech_dag.py for tasks to queue
[2024-12-21T20:19:45.532+0000] {logging_mixin.py:190} INFO - [2024-12-21T20:19:45.531+0000] {dagbag.py:588} INFO - Filling up the DagBag from /opt/airflow/dags/fintech_dag.py
[2024-12-21T20:19:47.839+0000] {processor.py:925} INFO - DAG(s) 'fintech_pipeline' retrieved from /opt/airflow/dags/fintech_dag.py
[2024-12-21T20:19:47.868+0000] {logging_mixin.py:190} INFO - [2024-12-21T20:19:47.867+0000] {dag.py:3239} INFO - Sync 1 DAGs
[2024-12-21T20:19:47.895+0000] {logging_mixin.py:190} INFO - [2024-12-21T20:19:47.894+0000] {dag.py:4180} INFO - Setting next_dagrun for fintech_pipeline to None, run_after=None
[2024-12-21T20:19:47.926+0000] {processor.py:208} INFO - Processing /opt/airflow/dags/fintech_dag.py took 2.424 seconds
[2024-12-21T20:20:18.339+0000] {processor.py:186} INFO - Started process (PID=1835) to work on /opt/airflow/dags/fintech_dag.py
[2024-12-21T20:20:18.342+0000] {processor.py:914} INFO - Processing file /opt/airflow/dags/fintech_dag.py for tasks to queue
[2024-12-21T20:20:18.347+0000] {logging_mixin.py:190} INFO - [2024-12-21T20:20:18.346+0000] {dagbag.py:588} INFO - Filling up the DagBag from /opt/airflow/dags/fintech_dag.py
[2024-12-21T20:20:20.356+0000] {processor.py:925} INFO - DAG(s) 'fintech_pipeline' retrieved from /opt/airflow/dags/fintech_dag.py
[2024-12-21T20:20:20.403+0000] {logging_mixin.py:190} INFO - [2024-12-21T20:20:20.402+0000] {dag.py:3239} INFO - Sync 1 DAGs
[2024-12-21T20:20:20.454+0000] {logging_mixin.py:190} INFO - [2024-12-21T20:20:20.453+0000] {dag.py:4180} INFO - Setting next_dagrun for fintech_pipeline to None, run_after=None
[2024-12-21T20:20:20.501+0000] {processor.py:208} INFO - Processing /opt/airflow/dags/fintech_dag.py took 2.178 seconds
[2024-12-21T20:20:50.948+0000] {processor.py:186} INFO - Started process (PID=1854) to work on /opt/airflow/dags/fintech_dag.py
[2024-12-21T20:20:50.952+0000] {processor.py:914} INFO - Processing file /opt/airflow/dags/fintech_dag.py for tasks to queue
[2024-12-21T20:20:50.966+0000] {logging_mixin.py:190} INFO - [2024-12-21T20:20:50.964+0000] {dagbag.py:588} INFO - Filling up the DagBag from /opt/airflow/dags/fintech_dag.py
[2024-12-21T20:20:53.440+0000] {processor.py:925} INFO - DAG(s) 'fintech_pipeline' retrieved from /opt/airflow/dags/fintech_dag.py
[2024-12-21T20:20:53.481+0000] {logging_mixin.py:190} INFO - [2024-12-21T20:20:53.480+0000] {dag.py:3239} INFO - Sync 1 DAGs
[2024-12-21T20:20:53.516+0000] {logging_mixin.py:190} INFO - [2024-12-21T20:20:53.516+0000] {dag.py:4180} INFO - Setting next_dagrun for fintech_pipeline to None, run_after=None
[2024-12-21T20:20:53.550+0000] {processor.py:208} INFO - Processing /opt/airflow/dags/fintech_dag.py took 2.627 seconds
[2024-12-21T20:21:24.136+0000] {processor.py:186} INFO - Started process (PID=1879) to work on /opt/airflow/dags/fintech_dag.py
[2024-12-21T20:21:24.139+0000] {processor.py:914} INFO - Processing file /opt/airflow/dags/fintech_dag.py for tasks to queue
[2024-12-21T20:21:24.148+0000] {logging_mixin.py:190} INFO - [2024-12-21T20:21:24.147+0000] {dagbag.py:588} INFO - Filling up the DagBag from /opt/airflow/dags/fintech_dag.py
[2024-12-21T20:21:26.966+0000] {processor.py:925} INFO - DAG(s) 'fintech_pipeline' retrieved from /opt/airflow/dags/fintech_dag.py
[2024-12-21T20:21:27.014+0000] {logging_mixin.py:190} INFO - [2024-12-21T20:21:27.013+0000] {dag.py:3239} INFO - Sync 1 DAGs
[2024-12-21T20:21:27.063+0000] {logging_mixin.py:190} INFO - [2024-12-21T20:21:27.063+0000] {dag.py:4180} INFO - Setting next_dagrun for fintech_pipeline to None, run_after=None
[2024-12-21T20:21:27.111+0000] {processor.py:208} INFO - Processing /opt/airflow/dags/fintech_dag.py took 3.002 seconds
[2024-12-21T20:21:57.648+0000] {processor.py:186} INFO - Started process (PID=1898) to work on /opt/airflow/dags/fintech_dag.py
[2024-12-21T20:21:57.651+0000] {processor.py:914} INFO - Processing file /opt/airflow/dags/fintech_dag.py for tasks to queue
[2024-12-21T20:21:57.659+0000] {logging_mixin.py:190} INFO - [2024-12-21T20:21:57.658+0000] {dagbag.py:588} INFO - Filling up the DagBag from /opt/airflow/dags/fintech_dag.py
[2024-12-21T20:21:59.769+0000] {processor.py:925} INFO - DAG(s) 'fintech_pipeline' retrieved from /opt/airflow/dags/fintech_dag.py
[2024-12-21T20:21:59.820+0000] {logging_mixin.py:190} INFO - [2024-12-21T20:21:59.819+0000] {dag.py:3239} INFO - Sync 1 DAGs
[2024-12-21T20:21:59.874+0000] {logging_mixin.py:190} INFO - [2024-12-21T20:21:59.873+0000] {dag.py:4180} INFO - Setting next_dagrun for fintech_pipeline to None, run_after=None
[2024-12-21T20:21:59.949+0000] {processor.py:208} INFO - Processing /opt/airflow/dags/fintech_dag.py took 2.325 seconds
[2024-12-21T20:22:30.163+0000] {processor.py:186} INFO - Started process (PID=1917) to work on /opt/airflow/dags/fintech_dag.py
[2024-12-21T20:22:30.167+0000] {processor.py:914} INFO - Processing file /opt/airflow/dags/fintech_dag.py for tasks to queue
[2024-12-21T20:22:30.176+0000] {logging_mixin.py:190} INFO - [2024-12-21T20:22:30.174+0000] {dagbag.py:588} INFO - Filling up the DagBag from /opt/airflow/dags/fintech_dag.py
[2024-12-21T20:22:32.344+0000] {processor.py:925} INFO - DAG(s) 'fintech_pipeline' retrieved from /opt/airflow/dags/fintech_dag.py
[2024-12-21T20:22:32.376+0000] {logging_mixin.py:190} INFO - [2024-12-21T20:22:32.376+0000] {dag.py:3239} INFO - Sync 1 DAGs
[2024-12-21T20:22:32.413+0000] {logging_mixin.py:190} INFO - [2024-12-21T20:22:32.413+0000] {dag.py:4180} INFO - Setting next_dagrun for fintech_pipeline to None, run_after=None
[2024-12-21T20:22:32.456+0000] {processor.py:208} INFO - Processing /opt/airflow/dags/fintech_dag.py took 2.317 seconds
[2024-12-21T20:23:02.677+0000] {processor.py:186} INFO - Started process (PID=1936) to work on /opt/airflow/dags/fintech_dag.py
[2024-12-21T20:23:02.681+0000] {processor.py:914} INFO - Processing file /opt/airflow/dags/fintech_dag.py for tasks to queue
[2024-12-21T20:23:02.692+0000] {logging_mixin.py:190} INFO - [2024-12-21T20:23:02.691+0000] {dagbag.py:588} INFO - Filling up the DagBag from /opt/airflow/dags/fintech_dag.py
[2024-12-21T20:23:04.969+0000] {processor.py:925} INFO - DAG(s) 'fintech_pipeline' retrieved from /opt/airflow/dags/fintech_dag.py
[2024-12-21T20:23:05.017+0000] {logging_mixin.py:190} INFO - [2024-12-21T20:23:05.016+0000] {dag.py:3239} INFO - Sync 1 DAGs
[2024-12-21T20:23:05.064+0000] {logging_mixin.py:190} INFO - [2024-12-21T20:23:05.063+0000] {dag.py:4180} INFO - Setting next_dagrun for fintech_pipeline to None, run_after=None
[2024-12-21T20:23:05.111+0000] {processor.py:208} INFO - Processing /opt/airflow/dags/fintech_dag.py took 2.460 seconds
[2024-12-21T20:23:35.514+0000] {processor.py:186} INFO - Started process (PID=1955) to work on /opt/airflow/dags/fintech_dag.py
[2024-12-21T20:23:35.517+0000] {processor.py:914} INFO - Processing file /opt/airflow/dags/fintech_dag.py for tasks to queue
[2024-12-21T20:23:35.527+0000] {logging_mixin.py:190} INFO - [2024-12-21T20:23:35.526+0000] {dagbag.py:588} INFO - Filling up the DagBag from /opt/airflow/dags/fintech_dag.py
[2024-12-21T20:23:38.086+0000] {processor.py:925} INFO - DAG(s) 'fintech_pipeline' retrieved from /opt/airflow/dags/fintech_dag.py
[2024-12-21T20:23:38.124+0000] {logging_mixin.py:190} INFO - [2024-12-21T20:23:38.123+0000] {dag.py:3239} INFO - Sync 1 DAGs
[2024-12-21T20:23:38.169+0000] {logging_mixin.py:190} INFO - [2024-12-21T20:23:38.169+0000] {dag.py:4180} INFO - Setting next_dagrun for fintech_pipeline to None, run_after=None
[2024-12-21T20:23:38.224+0000] {processor.py:208} INFO - Processing /opt/airflow/dags/fintech_dag.py took 2.737 seconds
[2024-12-21T20:24:08.831+0000] {processor.py:186} INFO - Started process (PID=1974) to work on /opt/airflow/dags/fintech_dag.py
[2024-12-21T20:24:08.835+0000] {processor.py:914} INFO - Processing file /opt/airflow/dags/fintech_dag.py for tasks to queue
[2024-12-21T20:24:08.843+0000] {logging_mixin.py:190} INFO - [2024-12-21T20:24:08.842+0000] {dagbag.py:588} INFO - Filling up the DagBag from /opt/airflow/dags/fintech_dag.py
[2024-12-21T20:24:11.102+0000] {processor.py:925} INFO - DAG(s) 'fintech_pipeline' retrieved from /opt/airflow/dags/fintech_dag.py
[2024-12-21T20:24:11.149+0000] {logging_mixin.py:190} INFO - [2024-12-21T20:24:11.148+0000] {dag.py:3239} INFO - Sync 1 DAGs
[2024-12-21T20:24:11.199+0000] {logging_mixin.py:190} INFO - [2024-12-21T20:24:11.199+0000] {dag.py:4180} INFO - Setting next_dagrun for fintech_pipeline to None, run_after=None
[2024-12-21T20:24:11.250+0000] {processor.py:208} INFO - Processing /opt/airflow/dags/fintech_dag.py took 2.443 seconds
[2024-12-21T20:24:41.744+0000] {processor.py:186} INFO - Started process (PID=1993) to work on /opt/airflow/dags/fintech_dag.py
[2024-12-21T20:24:41.748+0000] {processor.py:914} INFO - Processing file /opt/airflow/dags/fintech_dag.py for tasks to queue
[2024-12-21T20:24:41.758+0000] {logging_mixin.py:190} INFO - [2024-12-21T20:24:41.757+0000] {dagbag.py:588} INFO - Filling up the DagBag from /opt/airflow/dags/fintech_dag.py
[2024-12-21T20:24:44.110+0000] {processor.py:925} INFO - DAG(s) 'fintech_pipeline' retrieved from /opt/airflow/dags/fintech_dag.py
[2024-12-21T20:24:44.173+0000] {logging_mixin.py:190} INFO - [2024-12-21T20:24:44.172+0000] {dag.py:3239} INFO - Sync 1 DAGs
[2024-12-21T20:24:44.229+0000] {logging_mixin.py:190} INFO - [2024-12-21T20:24:44.228+0000] {dag.py:4180} INFO - Setting next_dagrun for fintech_pipeline to None, run_after=None
[2024-12-21T20:24:44.292+0000] {processor.py:208} INFO - Processing /opt/airflow/dags/fintech_dag.py took 2.571 seconds
[2024-12-21T20:25:14.888+0000] {processor.py:186} INFO - Started process (PID=2012) to work on /opt/airflow/dags/fintech_dag.py
[2024-12-21T20:25:14.891+0000] {processor.py:914} INFO - Processing file /opt/airflow/dags/fintech_dag.py for tasks to queue
[2024-12-21T20:25:14.898+0000] {logging_mixin.py:190} INFO - [2024-12-21T20:25:14.897+0000] {dagbag.py:588} INFO - Filling up the DagBag from /opt/airflow/dags/fintech_dag.py
[2024-12-21T20:25:16.797+0000] {processor.py:925} INFO - DAG(s) 'fintech_pipeline' retrieved from /opt/airflow/dags/fintech_dag.py
[2024-12-21T20:25:16.836+0000] {logging_mixin.py:190} INFO - [2024-12-21T20:25:16.835+0000] {dag.py:3239} INFO - Sync 1 DAGs
[2024-12-21T20:25:16.875+0000] {logging_mixin.py:190} INFO - [2024-12-21T20:25:16.875+0000] {dag.py:4180} INFO - Setting next_dagrun for fintech_pipeline to None, run_after=None
[2024-12-21T20:25:16.920+0000] {processor.py:208} INFO - Processing /opt/airflow/dags/fintech_dag.py took 2.049 seconds
[2024-12-21T20:25:47.392+0000] {processor.py:186} INFO - Started process (PID=2031) to work on /opt/airflow/dags/fintech_dag.py
[2024-12-21T20:25:47.394+0000] {processor.py:914} INFO - Processing file /opt/airflow/dags/fintech_dag.py for tasks to queue
[2024-12-21T20:25:47.397+0000] {logging_mixin.py:190} INFO - [2024-12-21T20:25:47.397+0000] {dagbag.py:588} INFO - Filling up the DagBag from /opt/airflow/dags/fintech_dag.py
[2024-12-21T20:25:49.295+0000] {processor.py:925} INFO - DAG(s) 'fintech_pipeline' retrieved from /opt/airflow/dags/fintech_dag.py
[2024-12-21T20:25:49.337+0000] {logging_mixin.py:190} INFO - [2024-12-21T20:25:49.336+0000] {dag.py:3239} INFO - Sync 1 DAGs
[2024-12-21T20:25:49.387+0000] {logging_mixin.py:190} INFO - [2024-12-21T20:25:49.387+0000] {dag.py:4180} INFO - Setting next_dagrun for fintech_pipeline to None, run_after=None
[2024-12-21T20:25:49.439+0000] {processor.py:208} INFO - Processing /opt/airflow/dags/fintech_dag.py took 2.056 seconds
[2024-12-21T20:26:19.968+0000] {processor.py:186} INFO - Started process (PID=2050) to work on /opt/airflow/dags/fintech_dag.py
[2024-12-21T20:26:19.969+0000] {processor.py:914} INFO - Processing file /opt/airflow/dags/fintech_dag.py for tasks to queue
[2024-12-21T20:26:19.972+0000] {logging_mixin.py:190} INFO - [2024-12-21T20:26:19.972+0000] {dagbag.py:588} INFO - Filling up the DagBag from /opt/airflow/dags/fintech_dag.py
[2024-12-21T20:26:21.774+0000] {processor.py:925} INFO - DAG(s) 'fintech_pipeline' retrieved from /opt/airflow/dags/fintech_dag.py
[2024-12-21T20:26:21.803+0000] {logging_mixin.py:190} INFO - [2024-12-21T20:26:21.803+0000] {dag.py:3239} INFO - Sync 1 DAGs
[2024-12-21T20:26:21.831+0000] {logging_mixin.py:190} INFO - [2024-12-21T20:26:21.830+0000] {dag.py:4180} INFO - Setting next_dagrun for fintech_pipeline to None, run_after=None
[2024-12-21T20:26:21.856+0000] {processor.py:208} INFO - Processing /opt/airflow/dags/fintech_dag.py took 1.896 seconds
[2024-12-21T20:26:52.506+0000] {processor.py:186} INFO - Started process (PID=2069) to work on /opt/airflow/dags/fintech_dag.py
[2024-12-21T20:26:52.508+0000] {processor.py:914} INFO - Processing file /opt/airflow/dags/fintech_dag.py for tasks to queue
[2024-12-21T20:26:52.514+0000] {logging_mixin.py:190} INFO - [2024-12-21T20:26:52.513+0000] {dagbag.py:588} INFO - Filling up the DagBag from /opt/airflow/dags/fintech_dag.py
[2024-12-21T20:26:54.469+0000] {processor.py:925} INFO - DAG(s) 'fintech_pipeline' retrieved from /opt/airflow/dags/fintech_dag.py
[2024-12-21T20:26:54.501+0000] {logging_mixin.py:190} INFO - [2024-12-21T20:26:54.501+0000] {dag.py:3239} INFO - Sync 1 DAGs
[2024-12-21T20:26:54.531+0000] {logging_mixin.py:190} INFO - [2024-12-21T20:26:54.531+0000] {dag.py:4180} INFO - Setting next_dagrun for fintech_pipeline to None, run_after=None
[2024-12-21T20:26:54.564+0000] {processor.py:208} INFO - Processing /opt/airflow/dags/fintech_dag.py took 2.075 seconds
[2024-12-21T20:27:25.088+0000] {processor.py:186} INFO - Started process (PID=2094) to work on /opt/airflow/dags/fintech_dag.py
[2024-12-21T20:27:25.094+0000] {processor.py:914} INFO - Processing file /opt/airflow/dags/fintech_dag.py for tasks to queue
[2024-12-21T20:27:25.102+0000] {logging_mixin.py:190} INFO - [2024-12-21T20:27:25.101+0000] {dagbag.py:588} INFO - Filling up the DagBag from /opt/airflow/dags/fintech_dag.py
[2024-12-21T20:27:27.592+0000] {processor.py:925} INFO - DAG(s) 'fintech_pipeline' retrieved from /opt/airflow/dags/fintech_dag.py
[2024-12-21T20:27:27.627+0000] {logging_mixin.py:190} INFO - [2024-12-21T20:27:27.627+0000] {dag.py:3239} INFO - Sync 1 DAGs
[2024-12-21T20:27:27.651+0000] {logging_mixin.py:190} INFO - [2024-12-21T20:27:27.651+0000] {dag.py:4180} INFO - Setting next_dagrun for fintech_pipeline to None, run_after=None
[2024-12-21T20:27:27.673+0000] {processor.py:208} INFO - Processing /opt/airflow/dags/fintech_dag.py took 2.609 seconds
[2024-12-21T20:27:58.227+0000] {processor.py:186} INFO - Started process (PID=2113) to work on /opt/airflow/dags/fintech_dag.py
[2024-12-21T20:27:58.230+0000] {processor.py:914} INFO - Processing file /opt/airflow/dags/fintech_dag.py for tasks to queue
[2024-12-21T20:27:58.235+0000] {logging_mixin.py:190} INFO - [2024-12-21T20:27:58.234+0000] {dagbag.py:588} INFO - Filling up the DagBag from /opt/airflow/dags/fintech_dag.py
[2024-12-21T20:28:00.186+0000] {processor.py:925} INFO - DAG(s) 'fintech_pipeline' retrieved from /opt/airflow/dags/fintech_dag.py
[2024-12-21T20:28:00.241+0000] {logging_mixin.py:190} INFO - [2024-12-21T20:28:00.240+0000] {dag.py:3239} INFO - Sync 1 DAGs
[2024-12-21T20:28:00.295+0000] {logging_mixin.py:190} INFO - [2024-12-21T20:28:00.295+0000] {dag.py:4180} INFO - Setting next_dagrun for fintech_pipeline to None, run_after=None
[2024-12-21T20:28:00.339+0000] {processor.py:208} INFO - Processing /opt/airflow/dags/fintech_dag.py took 2.126 seconds
[2024-12-21T20:28:30.794+0000] {processor.py:186} INFO - Started process (PID=2132) to work on /opt/airflow/dags/fintech_dag.py
[2024-12-21T20:28:30.798+0000] {processor.py:914} INFO - Processing file /opt/airflow/dags/fintech_dag.py for tasks to queue
[2024-12-21T20:28:30.806+0000] {logging_mixin.py:190} INFO - [2024-12-21T20:28:30.805+0000] {dagbag.py:588} INFO - Filling up the DagBag from /opt/airflow/dags/fintech_dag.py
[2024-12-21T20:28:33.405+0000] {processor.py:925} INFO - DAG(s) 'fintech_pipeline' retrieved from /opt/airflow/dags/fintech_dag.py
[2024-12-21T20:28:33.440+0000] {logging_mixin.py:190} INFO - [2024-12-21T20:28:33.440+0000] {dag.py:3239} INFO - Sync 1 DAGs
[2024-12-21T20:28:33.481+0000] {logging_mixin.py:190} INFO - [2024-12-21T20:28:33.481+0000] {dag.py:4180} INFO - Setting next_dagrun for fintech_pipeline to None, run_after=None
[2024-12-21T20:28:33.522+0000] {processor.py:208} INFO - Processing /opt/airflow/dags/fintech_dag.py took 2.753 seconds
[2024-12-21T20:29:04.134+0000] {processor.py:186} INFO - Started process (PID=2151) to work on /opt/airflow/dags/fintech_dag.py
[2024-12-21T20:29:04.138+0000] {processor.py:914} INFO - Processing file /opt/airflow/dags/fintech_dag.py for tasks to queue
[2024-12-21T20:29:04.149+0000] {logging_mixin.py:190} INFO - [2024-12-21T20:29:04.148+0000] {dagbag.py:588} INFO - Filling up the DagBag from /opt/airflow/dags/fintech_dag.py
[2024-12-21T20:29:06.756+0000] {processor.py:925} INFO - DAG(s) 'fintech_pipeline' retrieved from /opt/airflow/dags/fintech_dag.py
[2024-12-21T20:29:06.798+0000] {logging_mixin.py:190} INFO - [2024-12-21T20:29:06.797+0000] {dag.py:3239} INFO - Sync 1 DAGs
[2024-12-21T20:29:06.845+0000] {logging_mixin.py:190} INFO - [2024-12-21T20:29:06.844+0000] {dag.py:4180} INFO - Setting next_dagrun for fintech_pipeline to None, run_after=None
[2024-12-21T20:29:06.897+0000] {processor.py:208} INFO - Processing /opt/airflow/dags/fintech_dag.py took 2.787 seconds
[2024-12-21T20:29:37.151+0000] {processor.py:186} INFO - Started process (PID=2170) to work on /opt/airflow/dags/fintech_dag.py
[2024-12-21T20:29:37.155+0000] {processor.py:914} INFO - Processing file /opt/airflow/dags/fintech_dag.py for tasks to queue
[2024-12-21T20:29:37.163+0000] {logging_mixin.py:190} INFO - [2024-12-21T20:29:37.162+0000] {dagbag.py:588} INFO - Filling up the DagBag from /opt/airflow/dags/fintech_dag.py
[2024-12-21T20:29:39.700+0000] {processor.py:925} INFO - DAG(s) 'fintech_pipeline' retrieved from /opt/airflow/dags/fintech_dag.py
[2024-12-21T20:29:39.730+0000] {logging_mixin.py:190} INFO - [2024-12-21T20:29:39.730+0000] {dag.py:3239} INFO - Sync 1 DAGs
[2024-12-21T20:29:39.756+0000] {logging_mixin.py:190} INFO - [2024-12-21T20:29:39.756+0000] {dag.py:4180} INFO - Setting next_dagrun for fintech_pipeline to None, run_after=None
[2024-12-21T20:29:39.796+0000] {processor.py:208} INFO - Processing /opt/airflow/dags/fintech_dag.py took 2.676 seconds
[2024-12-21T20:30:10.337+0000] {processor.py:186} INFO - Started process (PID=2189) to work on /opt/airflow/dags/fintech_dag.py
[2024-12-21T20:30:10.341+0000] {processor.py:914} INFO - Processing file /opt/airflow/dags/fintech_dag.py for tasks to queue
[2024-12-21T20:30:10.350+0000] {logging_mixin.py:190} INFO - [2024-12-21T20:30:10.349+0000] {dagbag.py:588} INFO - Filling up the DagBag from /opt/airflow/dags/fintech_dag.py
[2024-12-21T20:30:12.692+0000] {processor.py:925} INFO - DAG(s) 'fintech_pipeline' retrieved from /opt/airflow/dags/fintech_dag.py
[2024-12-21T20:30:12.742+0000] {logging_mixin.py:190} INFO - [2024-12-21T20:30:12.741+0000] {dag.py:3239} INFO - Sync 1 DAGs
[2024-12-21T20:30:12.803+0000] {logging_mixin.py:190} INFO - [2024-12-21T20:30:12.802+0000] {dag.py:4180} INFO - Setting next_dagrun for fintech_pipeline to None, run_after=None
[2024-12-21T20:30:12.867+0000] {processor.py:208} INFO - Processing /opt/airflow/dags/fintech_dag.py took 2.556 seconds
[2024-12-21T20:38:00.260+0000] {processor.py:186} INFO - Started process (PID=2208) to work on /opt/airflow/dags/fintech_dag.py
[2024-12-21T20:38:01.697+0000] {processor.py:914} INFO - Processing file /opt/airflow/dags/fintech_dag.py for tasks to queue
[2024-12-21T20:38:01.712+0000] {logging_mixin.py:190} INFO - [2024-12-21T20:38:01.710+0000] {dagbag.py:588} INFO - Filling up the DagBag from /opt/airflow/dags/fintech_dag.py
[2024-12-21T20:38:06.225+0000] {processor.py:925} INFO - DAG(s) 'fintech_pipeline' retrieved from /opt/airflow/dags/fintech_dag.py
[2024-12-21T20:38:06.299+0000] {logging_mixin.py:190} INFO - [2024-12-21T20:38:06.298+0000] {dag.py:3239} INFO - Sync 1 DAGs
[2024-12-21T20:38:06.399+0000] {logging_mixin.py:190} INFO - [2024-12-21T20:38:06.398+0000] {dag.py:4180} INFO - Setting next_dagrun for fintech_pipeline to None, run_after=None
[2024-12-21T20:38:06.454+0000] {processor.py:208} INFO - Processing /opt/airflow/dags/fintech_dag.py took 6.215 seconds
[2024-12-21T20:38:36.798+0000] {processor.py:186} INFO - Started process (PID=2227) to work on /opt/airflow/dags/fintech_dag.py
[2024-12-21T20:38:36.799+0000] {processor.py:914} INFO - Processing file /opt/airflow/dags/fintech_dag.py for tasks to queue
[2024-12-21T20:38:36.802+0000] {logging_mixin.py:190} INFO - [2024-12-21T20:38:36.802+0000] {dagbag.py:588} INFO - Filling up the DagBag from /opt/airflow/dags/fintech_dag.py
[2024-12-21T20:38:37.885+0000] {processor.py:925} INFO - DAG(s) 'fintech_pipeline' retrieved from /opt/airflow/dags/fintech_dag.py
[2024-12-21T20:38:37.905+0000] {logging_mixin.py:190} INFO - [2024-12-21T20:38:37.904+0000] {dag.py:3239} INFO - Sync 1 DAGs
[2024-12-21T20:38:37.922+0000] {logging_mixin.py:190} INFO - [2024-12-21T20:38:37.922+0000] {dag.py:4180} INFO - Setting next_dagrun for fintech_pipeline to None, run_after=None
[2024-12-21T20:38:37.941+0000] {processor.py:208} INFO - Processing /opt/airflow/dags/fintech_dag.py took 1.148 seconds
[2024-12-21T20:39:08.074+0000] {processor.py:186} INFO - Started process (PID=2246) to work on /opt/airflow/dags/fintech_dag.py
[2024-12-21T20:39:08.075+0000] {processor.py:914} INFO - Processing file /opt/airflow/dags/fintech_dag.py for tasks to queue
[2024-12-21T20:39:08.078+0000] {logging_mixin.py:190} INFO - [2024-12-21T20:39:08.078+0000] {dagbag.py:588} INFO - Filling up the DagBag from /opt/airflow/dags/fintech_dag.py
[2024-12-21T20:39:09.897+0000] {processor.py:925} INFO - DAG(s) 'fintech_pipeline' retrieved from /opt/airflow/dags/fintech_dag.py
[2024-12-21T20:39:09.918+0000] {logging_mixin.py:190} INFO - [2024-12-21T20:39:09.917+0000] {dag.py:3239} INFO - Sync 1 DAGs
[2024-12-21T20:39:09.939+0000] {logging_mixin.py:190} INFO - [2024-12-21T20:39:09.939+0000] {dag.py:4180} INFO - Setting next_dagrun for fintech_pipeline to None, run_after=None
[2024-12-21T20:39:09.968+0000] {processor.py:208} INFO - Processing /opt/airflow/dags/fintech_dag.py took 1.899 seconds
[2024-12-21T20:39:40.438+0000] {processor.py:186} INFO - Started process (PID=2265) to work on /opt/airflow/dags/fintech_dag.py
[2024-12-21T20:39:40.442+0000] {processor.py:914} INFO - Processing file /opt/airflow/dags/fintech_dag.py for tasks to queue
[2024-12-21T20:39:40.453+0000] {logging_mixin.py:190} INFO - [2024-12-21T20:39:40.451+0000] {dagbag.py:588} INFO - Filling up the DagBag from /opt/airflow/dags/fintech_dag.py
[2024-12-21T20:39:43.265+0000] {processor.py:925} INFO - DAG(s) 'fintech_pipeline' retrieved from /opt/airflow/dags/fintech_dag.py
[2024-12-21T20:39:43.323+0000] {logging_mixin.py:190} INFO - [2024-12-21T20:39:43.322+0000] {dag.py:3239} INFO - Sync 1 DAGs
[2024-12-21T20:39:43.376+0000] {logging_mixin.py:190} INFO - [2024-12-21T20:39:43.375+0000] {dag.py:4180} INFO - Setting next_dagrun for fintech_pipeline to None, run_after=None
[2024-12-21T20:39:43.423+0000] {processor.py:208} INFO - Processing /opt/airflow/dags/fintech_dag.py took 3.013 seconds
[2024-12-21T20:40:13.862+0000] {processor.py:186} INFO - Started process (PID=2284) to work on /opt/airflow/dags/fintech_dag.py
[2024-12-21T20:40:13.864+0000] {processor.py:914} INFO - Processing file /opt/airflow/dags/fintech_dag.py for tasks to queue
[2024-12-21T20:40:13.872+0000] {logging_mixin.py:190} INFO - [2024-12-21T20:40:13.871+0000] {dagbag.py:588} INFO - Filling up the DagBag from /opt/airflow/dags/fintech_dag.py
[2024-12-21T20:40:16.774+0000] {processor.py:925} INFO - DAG(s) 'fintech_pipeline' retrieved from /opt/airflow/dags/fintech_dag.py
[2024-12-21T20:40:16.818+0000] {logging_mixin.py:190} INFO - [2024-12-21T20:40:16.817+0000] {dag.py:3239} INFO - Sync 1 DAGs
[2024-12-21T20:40:16.861+0000] {logging_mixin.py:190} INFO - [2024-12-21T20:40:16.860+0000] {dag.py:4180} INFO - Setting next_dagrun for fintech_pipeline to None, run_after=None
[2024-12-21T20:40:16.905+0000] {processor.py:208} INFO - Processing /opt/airflow/dags/fintech_dag.py took 3.057 seconds
[2024-12-21T20:40:47.380+0000] {processor.py:186} INFO - Started process (PID=2309) to work on /opt/airflow/dags/fintech_dag.py
[2024-12-21T20:40:47.382+0000] {processor.py:914} INFO - Processing file /opt/airflow/dags/fintech_dag.py for tasks to queue
[2024-12-21T20:40:47.386+0000] {logging_mixin.py:190} INFO - [2024-12-21T20:40:47.386+0000] {dagbag.py:588} INFO - Filling up the DagBag from /opt/airflow/dags/fintech_dag.py
[2024-12-21T20:40:50.325+0000] {processor.py:925} INFO - DAG(s) 'fintech_pipeline' retrieved from /opt/airflow/dags/fintech_dag.py
[2024-12-21T20:40:50.396+0000] {logging_mixin.py:190} INFO - [2024-12-21T20:40:50.395+0000] {dag.py:3239} INFO - Sync 1 DAGs
[2024-12-21T20:40:50.464+0000] {logging_mixin.py:190} INFO - [2024-12-21T20:40:50.463+0000] {dag.py:4180} INFO - Setting next_dagrun for fintech_pipeline to None, run_after=None
[2024-12-21T20:40:50.511+0000] {processor.py:208} INFO - Processing /opt/airflow/dags/fintech_dag.py took 3.143 seconds
[2024-12-21T20:41:20.880+0000] {processor.py:186} INFO - Started process (PID=2328) to work on /opt/airflow/dags/fintech_dag.py
[2024-12-21T20:41:20.882+0000] {processor.py:914} INFO - Processing file /opt/airflow/dags/fintech_dag.py for tasks to queue
[2024-12-21T20:41:20.887+0000] {logging_mixin.py:190} INFO - [2024-12-21T20:41:20.886+0000] {dagbag.py:588} INFO - Filling up the DagBag from /opt/airflow/dags/fintech_dag.py
[2024-12-21T20:41:23.255+0000] {processor.py:925} INFO - DAG(s) 'fintech_pipeline' retrieved from /opt/airflow/dags/fintech_dag.py
[2024-12-21T20:41:23.313+0000] {logging_mixin.py:190} INFO - [2024-12-21T20:41:23.312+0000] {dag.py:3239} INFO - Sync 1 DAGs
[2024-12-21T20:41:23.374+0000] {logging_mixin.py:190} INFO - [2024-12-21T20:41:23.373+0000] {dag.py:4180} INFO - Setting next_dagrun for fintech_pipeline to None, run_after=None
[2024-12-21T20:41:23.446+0000] {processor.py:208} INFO - Processing /opt/airflow/dags/fintech_dag.py took 2.600 seconds
[2024-12-21T20:41:54.104+0000] {processor.py:186} INFO - Started process (PID=2347) to work on /opt/airflow/dags/fintech_dag.py
[2024-12-21T20:41:54.106+0000] {processor.py:914} INFO - Processing file /opt/airflow/dags/fintech_dag.py for tasks to queue
[2024-12-21T20:41:54.115+0000] {logging_mixin.py:190} INFO - [2024-12-21T20:41:54.114+0000] {dagbag.py:588} INFO - Filling up the DagBag from /opt/airflow/dags/fintech_dag.py
[2024-12-21T20:41:56.336+0000] {processor.py:925} INFO - DAG(s) 'fintech_pipeline' retrieved from /opt/airflow/dags/fintech_dag.py
[2024-12-21T20:41:56.362+0000] {logging_mixin.py:190} INFO - [2024-12-21T20:41:56.361+0000] {dag.py:3239} INFO - Sync 1 DAGs
[2024-12-21T20:41:56.386+0000] {logging_mixin.py:190} INFO - [2024-12-21T20:41:56.386+0000] {dag.py:4180} INFO - Setting next_dagrun for fintech_pipeline to None, run_after=None
[2024-12-21T20:41:56.411+0000] {processor.py:208} INFO - Processing /opt/airflow/dags/fintech_dag.py took 2.325 seconds
[2024-12-21T20:42:26.630+0000] {processor.py:186} INFO - Started process (PID=2366) to work on /opt/airflow/dags/fintech_dag.py
[2024-12-21T20:42:26.632+0000] {processor.py:914} INFO - Processing file /opt/airflow/dags/fintech_dag.py for tasks to queue
[2024-12-21T20:42:26.636+0000] {logging_mixin.py:190} INFO - [2024-12-21T20:42:26.635+0000] {dagbag.py:588} INFO - Filling up the DagBag from /opt/airflow/dags/fintech_dag.py
[2024-12-21T20:42:28.886+0000] {processor.py:925} INFO - DAG(s) 'fintech_pipeline' retrieved from /opt/airflow/dags/fintech_dag.py
[2024-12-21T20:42:28.922+0000] {logging_mixin.py:190} INFO - [2024-12-21T20:42:28.921+0000] {dag.py:3239} INFO - Sync 1 DAGs
[2024-12-21T20:42:28.955+0000] {logging_mixin.py:190} INFO - [2024-12-21T20:42:28.955+0000] {dag.py:4180} INFO - Setting next_dagrun for fintech_pipeline to None, run_after=None
[2024-12-21T20:42:28.982+0000] {processor.py:208} INFO - Processing /opt/airflow/dags/fintech_dag.py took 2.368 seconds
[2024-12-21T20:42:59.411+0000] {processor.py:186} INFO - Started process (PID=2385) to work on /opt/airflow/dags/fintech_dag.py
[2024-12-21T20:42:59.413+0000] {processor.py:914} INFO - Processing file /opt/airflow/dags/fintech_dag.py for tasks to queue
[2024-12-21T20:42:59.416+0000] {logging_mixin.py:190} INFO - [2024-12-21T20:42:59.415+0000] {dagbag.py:588} INFO - Filling up the DagBag from /opt/airflow/dags/fintech_dag.py
[2024-12-21T20:43:01.021+0000] {processor.py:925} INFO - DAG(s) 'fintech_pipeline' retrieved from /opt/airflow/dags/fintech_dag.py
[2024-12-21T20:43:01.047+0000] {logging_mixin.py:190} INFO - [2024-12-21T20:43:01.047+0000] {dag.py:3239} INFO - Sync 1 DAGs
[2024-12-21T20:43:01.073+0000] {logging_mixin.py:190} INFO - [2024-12-21T20:43:01.072+0000] {dag.py:4180} INFO - Setting next_dagrun for fintech_pipeline to None, run_after=None
[2024-12-21T20:43:01.103+0000] {processor.py:208} INFO - Processing /opt/airflow/dags/fintech_dag.py took 1.700 seconds
[2024-12-21T20:43:31.647+0000] {processor.py:186} INFO - Started process (PID=2404) to work on /opt/airflow/dags/fintech_dag.py
[2024-12-21T20:43:31.651+0000] {processor.py:914} INFO - Processing file /opt/airflow/dags/fintech_dag.py for tasks to queue
[2024-12-21T20:43:31.663+0000] {logging_mixin.py:190} INFO - [2024-12-21T20:43:31.661+0000] {dagbag.py:588} INFO - Filling up the DagBag from /opt/airflow/dags/fintech_dag.py
[2024-12-21T20:43:33.792+0000] {processor.py:925} INFO - DAG(s) 'fintech_pipeline' retrieved from /opt/airflow/dags/fintech_dag.py
[2024-12-21T20:43:33.828+0000] {logging_mixin.py:190} INFO - [2024-12-21T20:43:33.827+0000] {dag.py:3239} INFO - Sync 1 DAGs
[2024-12-21T20:43:33.861+0000] {logging_mixin.py:190} INFO - [2024-12-21T20:43:33.860+0000] {dag.py:4180} INFO - Setting next_dagrun for fintech_pipeline to None, run_after=None
[2024-12-21T20:43:33.889+0000] {processor.py:208} INFO - Processing /opt/airflow/dags/fintech_dag.py took 2.267 seconds
[2024-12-21T20:44:04.145+0000] {processor.py:186} INFO - Started process (PID=2423) to work on /opt/airflow/dags/fintech_dag.py
[2024-12-21T20:44:04.149+0000] {processor.py:914} INFO - Processing file /opt/airflow/dags/fintech_dag.py for tasks to queue
[2024-12-21T20:44:04.163+0000] {logging_mixin.py:190} INFO - [2024-12-21T20:44:04.162+0000] {dagbag.py:588} INFO - Filling up the DagBag from /opt/airflow/dags/fintech_dag.py
[2024-12-21T20:44:06.982+0000] {processor.py:925} INFO - DAG(s) 'fintech_pipeline' retrieved from /opt/airflow/dags/fintech_dag.py
[2024-12-21T20:44:07.012+0000] {logging_mixin.py:190} INFO - [2024-12-21T20:44:07.011+0000] {dag.py:3239} INFO - Sync 1 DAGs
[2024-12-21T20:44:07.046+0000] {logging_mixin.py:190} INFO - [2024-12-21T20:44:07.046+0000] {dag.py:4180} INFO - Setting next_dagrun for fintech_pipeline to None, run_after=None
[2024-12-21T20:44:07.083+0000] {processor.py:208} INFO - Processing /opt/airflow/dags/fintech_dag.py took 2.967 seconds
[2024-12-21T20:44:37.667+0000] {processor.py:186} INFO - Started process (PID=2442) to work on /opt/airflow/dags/fintech_dag.py
[2024-12-21T20:44:37.672+0000] {processor.py:914} INFO - Processing file /opt/airflow/dags/fintech_dag.py for tasks to queue
[2024-12-21T20:44:37.683+0000] {logging_mixin.py:190} INFO - [2024-12-21T20:44:37.681+0000] {dagbag.py:588} INFO - Filling up the DagBag from /opt/airflow/dags/fintech_dag.py
[2024-12-21T20:44:40.887+0000] {processor.py:925} INFO - DAG(s) 'fintech_pipeline' retrieved from /opt/airflow/dags/fintech_dag.py
[2024-12-21T20:44:40.939+0000] {logging_mixin.py:190} INFO - [2024-12-21T20:44:40.937+0000] {dag.py:3239} INFO - Sync 1 DAGs
[2024-12-21T20:44:40.990+0000] {logging_mixin.py:190} INFO - [2024-12-21T20:44:40.989+0000] {dag.py:4180} INFO - Setting next_dagrun for fintech_pipeline to None, run_after=None
[2024-12-21T20:44:41.058+0000] {processor.py:208} INFO - Processing /opt/airflow/dags/fintech_dag.py took 3.426 seconds
[2024-12-21T20:45:11.672+0000] {processor.py:186} INFO - Started process (PID=2461) to work on /opt/airflow/dags/fintech_dag.py
[2024-12-21T20:45:11.676+0000] {processor.py:914} INFO - Processing file /opt/airflow/dags/fintech_dag.py for tasks to queue
[2024-12-21T20:45:11.686+0000] {logging_mixin.py:190} INFO - [2024-12-21T20:45:11.685+0000] {dagbag.py:588} INFO - Filling up the DagBag from /opt/airflow/dags/fintech_dag.py
[2024-12-21T20:45:14.338+0000] {processor.py:925} INFO - DAG(s) 'fintech_pipeline' retrieved from /opt/airflow/dags/fintech_dag.py
[2024-12-21T20:45:14.372+0000] {logging_mixin.py:190} INFO - [2024-12-21T20:45:14.371+0000] {dag.py:3239} INFO - Sync 1 DAGs
[2024-12-21T20:45:14.409+0000] {logging_mixin.py:190} INFO - [2024-12-21T20:45:14.408+0000] {dag.py:4180} INFO - Setting next_dagrun for fintech_pipeline to None, run_after=None
[2024-12-21T20:45:14.447+0000] {processor.py:208} INFO - Processing /opt/airflow/dags/fintech_dag.py took 2.799 seconds
[2024-12-21T20:45:44.729+0000] {processor.py:186} INFO - Started process (PID=2480) to work on /opt/airflow/dags/fintech_dag.py
[2024-12-21T20:45:44.733+0000] {processor.py:914} INFO - Processing file /opt/airflow/dags/fintech_dag.py for tasks to queue
[2024-12-21T20:45:44.747+0000] {logging_mixin.py:190} INFO - [2024-12-21T20:45:44.745+0000] {dagbag.py:588} INFO - Filling up the DagBag from /opt/airflow/dags/fintech_dag.py
[2024-12-21T20:45:48.539+0000] {processor.py:925} INFO - DAG(s) 'fintech_pipeline' retrieved from /opt/airflow/dags/fintech_dag.py
[2024-12-21T20:45:48.590+0000] {logging_mixin.py:190} INFO - [2024-12-21T20:45:48.589+0000] {dag.py:3239} INFO - Sync 1 DAGs
[2024-12-21T20:45:48.639+0000] {logging_mixin.py:190} INFO - [2024-12-21T20:45:48.639+0000] {dag.py:4180} INFO - Setting next_dagrun for fintech_pipeline to None, run_after=None
[2024-12-21T20:45:48.681+0000] {processor.py:208} INFO - Processing /opt/airflow/dags/fintech_dag.py took 3.981 seconds
[2024-12-21T20:46:19.279+0000] {processor.py:186} INFO - Started process (PID=2505) to work on /opt/airflow/dags/fintech_dag.py
[2024-12-21T20:46:19.283+0000] {processor.py:914} INFO - Processing file /opt/airflow/dags/fintech_dag.py for tasks to queue
[2024-12-21T20:46:19.291+0000] {logging_mixin.py:190} INFO - [2024-12-21T20:46:19.290+0000] {dagbag.py:588} INFO - Filling up the DagBag from /opt/airflow/dags/fintech_dag.py
[2024-12-21T20:46:21.533+0000] {processor.py:925} INFO - DAG(s) 'fintech_pipeline' retrieved from /opt/airflow/dags/fintech_dag.py
[2024-12-21T20:46:21.564+0000] {logging_mixin.py:190} INFO - [2024-12-21T20:46:21.564+0000] {dag.py:3239} INFO - Sync 1 DAGs
[2024-12-21T20:46:21.588+0000] {logging_mixin.py:190} INFO - [2024-12-21T20:46:21.588+0000] {dag.py:4180} INFO - Setting next_dagrun for fintech_pipeline to None, run_after=None
[2024-12-21T20:46:21.612+0000] {processor.py:208} INFO - Processing /opt/airflow/dags/fintech_dag.py took 2.357 seconds
[2024-12-21T21:12:25.552+0000] {processor.py:186} INFO - Started process (PID=2518) to work on /opt/airflow/dags/fintech_dag.py
[2024-12-21T21:12:25.574+0000] {processor.py:914} INFO - Processing file /opt/airflow/dags/fintech_dag.py for tasks to queue
[2024-12-21T21:12:25.579+0000] {logging_mixin.py:190} INFO - [2024-12-21T21:12:25.578+0000] {dagbag.py:588} INFO - Filling up the DagBag from /opt/airflow/dags/fintech_dag.py
[2024-12-21T21:12:29.947+0000] {processor.py:925} INFO - DAG(s) 'fintech_pipeline' retrieved from /opt/airflow/dags/fintech_dag.py
[2024-12-21T21:12:30.009+0000] {logging_mixin.py:190} INFO - [2024-12-21T21:12:30.007+0000] {dag.py:3239} INFO - Sync 1 DAGs
[2024-12-21T21:12:30.060+0000] {logging_mixin.py:190} INFO - [2024-12-21T21:12:30.060+0000] {dag.py:4180} INFO - Setting next_dagrun for fintech_pipeline to None, run_after=None
[2024-12-21T21:12:30.118+0000] {processor.py:208} INFO - Processing /opt/airflow/dags/fintech_dag.py took 4.590 seconds
[2024-12-21T21:13:00.438+0000] {processor.py:186} INFO - Started process (PID=2537) to work on /opt/airflow/dags/fintech_dag.py
[2024-12-21T21:13:00.440+0000] {processor.py:914} INFO - Processing file /opt/airflow/dags/fintech_dag.py for tasks to queue
[2024-12-21T21:13:00.444+0000] {logging_mixin.py:190} INFO - [2024-12-21T21:13:00.444+0000] {dagbag.py:588} INFO - Filling up the DagBag from /opt/airflow/dags/fintech_dag.py
[2024-12-21T21:13:02.031+0000] {processor.py:925} INFO - DAG(s) 'fintech_pipeline' retrieved from /opt/airflow/dags/fintech_dag.py
[2024-12-21T21:13:02.060+0000] {logging_mixin.py:190} INFO - [2024-12-21T21:13:02.059+0000] {dag.py:3239} INFO - Sync 1 DAGs
[2024-12-21T21:13:02.086+0000] {logging_mixin.py:190} INFO - [2024-12-21T21:13:02.085+0000] {dag.py:4180} INFO - Setting next_dagrun for fintech_pipeline to None, run_after=None
[2024-12-21T21:13:02.119+0000] {processor.py:208} INFO - Processing /opt/airflow/dags/fintech_dag.py took 1.691 seconds
[2024-12-21T21:13:32.417+0000] {processor.py:186} INFO - Started process (PID=2556) to work on /opt/airflow/dags/fintech_dag.py
[2024-12-21T21:13:32.419+0000] {processor.py:914} INFO - Processing file /opt/airflow/dags/fintech_dag.py for tasks to queue
[2024-12-21T21:13:32.423+0000] {logging_mixin.py:190} INFO - [2024-12-21T21:13:32.423+0000] {dagbag.py:588} INFO - Filling up the DagBag from /opt/airflow/dags/fintech_dag.py
[2024-12-21T21:13:34.035+0000] {processor.py:925} INFO - DAG(s) 'fintech_pipeline' retrieved from /opt/airflow/dags/fintech_dag.py
[2024-12-21T21:13:34.066+0000] {logging_mixin.py:190} INFO - [2024-12-21T21:13:34.065+0000] {dag.py:3239} INFO - Sync 1 DAGs
[2024-12-21T21:13:34.095+0000] {logging_mixin.py:190} INFO - [2024-12-21T21:13:34.095+0000] {dag.py:4180} INFO - Setting next_dagrun for fintech_pipeline to None, run_after=None
[2024-12-21T21:13:34.130+0000] {processor.py:208} INFO - Processing /opt/airflow/dags/fintech_dag.py took 1.722 seconds
[2024-12-21T21:14:04.548+0000] {processor.py:186} INFO - Started process (PID=2575) to work on /opt/airflow/dags/fintech_dag.py
[2024-12-21T21:14:04.550+0000] {processor.py:914} INFO - Processing file /opt/airflow/dags/fintech_dag.py for tasks to queue
[2024-12-21T21:14:04.557+0000] {logging_mixin.py:190} INFO - [2024-12-21T21:14:04.557+0000] {dagbag.py:588} INFO - Filling up the DagBag from /opt/airflow/dags/fintech_dag.py
[2024-12-21T21:14:06.783+0000] {processor.py:925} INFO - DAG(s) 'fintech_pipeline' retrieved from /opt/airflow/dags/fintech_dag.py
[2024-12-21T21:14:06.843+0000] {logging_mixin.py:190} INFO - [2024-12-21T21:14:06.842+0000] {dag.py:3239} INFO - Sync 1 DAGs
[2024-12-21T21:14:06.882+0000] {logging_mixin.py:190} INFO - [2024-12-21T21:14:06.882+0000] {dag.py:4180} INFO - Setting next_dagrun for fintech_pipeline to None, run_after=None
[2024-12-21T21:14:06.910+0000] {processor.py:208} INFO - Processing /opt/airflow/dags/fintech_dag.py took 2.380 seconds
[2024-12-21T21:14:37.252+0000] {processor.py:186} INFO - Started process (PID=2594) to work on /opt/airflow/dags/fintech_dag.py
[2024-12-21T21:14:37.254+0000] {processor.py:914} INFO - Processing file /opt/airflow/dags/fintech_dag.py for tasks to queue
[2024-12-21T21:14:37.258+0000] {logging_mixin.py:190} INFO - [2024-12-21T21:14:37.257+0000] {dagbag.py:588} INFO - Filling up the DagBag from /opt/airflow/dags/fintech_dag.py
[2024-12-21T21:14:39.696+0000] {processor.py:925} INFO - DAG(s) 'fintech_pipeline' retrieved from /opt/airflow/dags/fintech_dag.py
[2024-12-21T21:14:39.764+0000] {logging_mixin.py:190} INFO - [2024-12-21T21:14:39.763+0000] {dag.py:3239} INFO - Sync 1 DAGs
[2024-12-21T21:14:39.833+0000] {logging_mixin.py:190} INFO - [2024-12-21T21:14:39.833+0000] {dag.py:4180} INFO - Setting next_dagrun for fintech_pipeline to None, run_after=None
[2024-12-21T21:14:39.881+0000] {processor.py:208} INFO - Processing /opt/airflow/dags/fintech_dag.py took 2.656 seconds
[2024-12-21T21:15:10.448+0000] {processor.py:186} INFO - Started process (PID=2613) to work on /opt/airflow/dags/fintech_dag.py
[2024-12-21T21:15:10.449+0000] {processor.py:914} INFO - Processing file /opt/airflow/dags/fintech_dag.py for tasks to queue
[2024-12-21T21:15:10.453+0000] {logging_mixin.py:190} INFO - [2024-12-21T21:15:10.452+0000] {dagbag.py:588} INFO - Filling up the DagBag from /opt/airflow/dags/fintech_dag.py
[2024-12-21T21:15:14.198+0000] {processor.py:925} INFO - DAG(s) 'fintech_pipeline' retrieved from /opt/airflow/dags/fintech_dag.py
[2024-12-21T21:15:14.335+0000] {logging_mixin.py:190} INFO - [2024-12-21T21:15:14.334+0000] {dag.py:3239} INFO - Sync 1 DAGs
[2024-12-21T21:15:14.377+0000] {logging_mixin.py:190} INFO - [2024-12-21T21:15:14.376+0000] {dag.py:4180} INFO - Setting next_dagrun for fintech_pipeline to None, run_after=None
[2024-12-21T21:15:14.409+0000] {processor.py:208} INFO - Processing /opt/airflow/dags/fintech_dag.py took 3.970 seconds
[2024-12-21T21:15:44.737+0000] {processor.py:186} INFO - Started process (PID=2639) to work on /opt/airflow/dags/fintech_dag.py
[2024-12-21T21:15:44.738+0000] {processor.py:914} INFO - Processing file /opt/airflow/dags/fintech_dag.py for tasks to queue
[2024-12-21T21:15:44.743+0000] {logging_mixin.py:190} INFO - [2024-12-21T21:15:44.742+0000] {dagbag.py:588} INFO - Filling up the DagBag from /opt/airflow/dags/fintech_dag.py
[2024-12-21T21:15:48.980+0000] {processor.py:925} INFO - DAG(s) 'fintech_pipeline' retrieved from /opt/airflow/dags/fintech_dag.py
[2024-12-21T21:15:49.104+0000] {logging_mixin.py:190} INFO - [2024-12-21T21:15:49.101+0000] {dag.py:3239} INFO - Sync 1 DAGs
[2024-12-21T21:15:49.178+0000] {logging_mixin.py:190} INFO - [2024-12-21T21:15:49.178+0000] {dag.py:4180} INFO - Setting next_dagrun for fintech_pipeline to None, run_after=None
[2024-12-21T21:15:49.257+0000] {processor.py:208} INFO - Processing /opt/airflow/dags/fintech_dag.py took 4.535 seconds
[2024-12-21T21:16:19.737+0000] {processor.py:186} INFO - Started process (PID=2657) to work on /opt/airflow/dags/fintech_dag.py
[2024-12-21T21:16:19.738+0000] {processor.py:914} INFO - Processing file /opt/airflow/dags/fintech_dag.py for tasks to queue
[2024-12-21T21:16:19.743+0000] {logging_mixin.py:190} INFO - [2024-12-21T21:16:19.742+0000] {dagbag.py:588} INFO - Filling up the DagBag from /opt/airflow/dags/fintech_dag.py
[2024-12-21T21:16:21.987+0000] {processor.py:925} INFO - DAG(s) 'fintech_pipeline' retrieved from /opt/airflow/dags/fintech_dag.py
[2024-12-21T21:16:22.018+0000] {logging_mixin.py:190} INFO - [2024-12-21T21:16:22.017+0000] {dag.py:3239} INFO - Sync 1 DAGs
[2024-12-21T21:16:22.048+0000] {logging_mixin.py:190} INFO - [2024-12-21T21:16:22.048+0000] {dag.py:4180} INFO - Setting next_dagrun for fintech_pipeline to None, run_after=None
[2024-12-21T21:16:22.080+0000] {processor.py:208} INFO - Processing /opt/airflow/dags/fintech_dag.py took 2.356 seconds
[2024-12-21T21:16:52.447+0000] {processor.py:186} INFO - Started process (PID=2677) to work on /opt/airflow/dags/fintech_dag.py
[2024-12-21T21:16:52.451+0000] {processor.py:914} INFO - Processing file /opt/airflow/dags/fintech_dag.py for tasks to queue
[2024-12-21T21:16:52.459+0000] {logging_mixin.py:190} INFO - [2024-12-21T21:16:52.458+0000] {dagbag.py:588} INFO - Filling up the DagBag from /opt/airflow/dags/fintech_dag.py
[2024-12-21T21:16:55.784+0000] {processor.py:925} INFO - DAG(s) 'fintech_pipeline' retrieved from /opt/airflow/dags/fintech_dag.py
[2024-12-21T21:16:55.814+0000] {logging_mixin.py:190} INFO - [2024-12-21T21:16:55.814+0000] {dag.py:3239} INFO - Sync 1 DAGs
[2024-12-21T21:16:55.847+0000] {logging_mixin.py:190} INFO - [2024-12-21T21:16:55.847+0000] {dag.py:4180} INFO - Setting next_dagrun for fintech_pipeline to None, run_after=None
[2024-12-21T21:16:55.882+0000] {processor.py:208} INFO - Processing /opt/airflow/dags/fintech_dag.py took 3.454 seconds
[2024-12-21T21:17:26.275+0000] {processor.py:186} INFO - Started process (PID=2696) to work on /opt/airflow/dags/fintech_dag.py
[2024-12-21T21:17:26.280+0000] {processor.py:914} INFO - Processing file /opt/airflow/dags/fintech_dag.py for tasks to queue
[2024-12-21T21:17:26.294+0000] {logging_mixin.py:190} INFO - [2024-12-21T21:17:26.293+0000] {dagbag.py:588} INFO - Filling up the DagBag from /opt/airflow/dags/fintech_dag.py
[2024-12-21T21:17:30.132+0000] {processor.py:925} INFO - DAG(s) 'fintech_pipeline' retrieved from /opt/airflow/dags/fintech_dag.py
[2024-12-21T21:17:30.229+0000] {logging_mixin.py:190} INFO - [2024-12-21T21:17:30.228+0000] {dag.py:3239} INFO - Sync 1 DAGs
[2024-12-21T21:17:30.272+0000] {logging_mixin.py:190} INFO - [2024-12-21T21:17:30.272+0000] {dag.py:4180} INFO - Setting next_dagrun for fintech_pipeline to None, run_after=None
[2024-12-21T21:17:30.296+0000] {processor.py:208} INFO - Processing /opt/airflow/dags/fintech_dag.py took 4.056 seconds
[2024-12-21T21:18:00.874+0000] {processor.py:186} INFO - Started process (PID=2715) to work on /opt/airflow/dags/fintech_dag.py
[2024-12-21T21:18:00.877+0000] {processor.py:914} INFO - Processing file /opt/airflow/dags/fintech_dag.py for tasks to queue
[2024-12-21T21:18:00.887+0000] {logging_mixin.py:190} INFO - [2024-12-21T21:18:00.886+0000] {dagbag.py:588} INFO - Filling up the DagBag from /opt/airflow/dags/fintech_dag.py
[2024-12-21T21:18:03.419+0000] {processor.py:925} INFO - DAG(s) 'fintech_pipeline' retrieved from /opt/airflow/dags/fintech_dag.py
[2024-12-21T21:18:03.456+0000] {logging_mixin.py:190} INFO - [2024-12-21T21:18:03.455+0000] {dag.py:3239} INFO - Sync 1 DAGs
[2024-12-21T21:18:03.492+0000] {logging_mixin.py:190} INFO - [2024-12-21T21:18:03.492+0000] {dag.py:4180} INFO - Setting next_dagrun for fintech_pipeline to None, run_after=None
[2024-12-21T21:18:03.528+0000] {processor.py:208} INFO - Processing /opt/airflow/dags/fintech_dag.py took 2.684 seconds
[2024-12-21T21:18:34.179+0000] {processor.py:186} INFO - Started process (PID=2734) to work on /opt/airflow/dags/fintech_dag.py
[2024-12-21T21:18:34.183+0000] {processor.py:914} INFO - Processing file /opt/airflow/dags/fintech_dag.py for tasks to queue
[2024-12-21T21:18:34.192+0000] {logging_mixin.py:190} INFO - [2024-12-21T21:18:34.191+0000] {dagbag.py:588} INFO - Filling up the DagBag from /opt/airflow/dags/fintech_dag.py
[2024-12-21T21:18:36.429+0000] {processor.py:925} INFO - DAG(s) 'fintech_pipeline' retrieved from /opt/airflow/dags/fintech_dag.py
[2024-12-21T21:18:36.458+0000] {logging_mixin.py:190} INFO - [2024-12-21T21:18:36.458+0000] {dag.py:3239} INFO - Sync 1 DAGs
[2024-12-21T21:18:36.496+0000] {logging_mixin.py:190} INFO - [2024-12-21T21:18:36.495+0000] {dag.py:4180} INFO - Setting next_dagrun for fintech_pipeline to None, run_after=None
[2024-12-21T21:18:36.543+0000] {processor.py:208} INFO - Processing /opt/airflow/dags/fintech_dag.py took 2.393 seconds
[2024-12-21T21:19:06.937+0000] {processor.py:186} INFO - Started process (PID=2753) to work on /opt/airflow/dags/fintech_dag.py
[2024-12-21T21:19:06.941+0000] {processor.py:914} INFO - Processing file /opt/airflow/dags/fintech_dag.py for tasks to queue
[2024-12-21T21:19:06.952+0000] {logging_mixin.py:190} INFO - [2024-12-21T21:19:06.951+0000] {dagbag.py:588} INFO - Filling up the DagBag from /opt/airflow/dags/fintech_dag.py
[2024-12-21T21:19:10.521+0000] {processor.py:925} INFO - DAG(s) 'fintech_pipeline' retrieved from /opt/airflow/dags/fintech_dag.py
[2024-12-21T21:19:10.564+0000] {logging_mixin.py:190} INFO - [2024-12-21T21:19:10.563+0000] {dag.py:3239} INFO - Sync 1 DAGs
[2024-12-21T21:19:10.610+0000] {logging_mixin.py:190} INFO - [2024-12-21T21:19:10.610+0000] {dag.py:4180} INFO - Setting next_dagrun for fintech_pipeline to None, run_after=None
[2024-12-21T21:19:10.672+0000] {processor.py:208} INFO - Processing /opt/airflow/dags/fintech_dag.py took 3.760 seconds
[2024-12-21T21:19:41.316+0000] {processor.py:186} INFO - Started process (PID=2772) to work on /opt/airflow/dags/fintech_dag.py
[2024-12-21T21:19:41.319+0000] {processor.py:914} INFO - Processing file /opt/airflow/dags/fintech_dag.py for tasks to queue
[2024-12-21T21:19:41.328+0000] {logging_mixin.py:190} INFO - [2024-12-21T21:19:41.327+0000] {dagbag.py:588} INFO - Filling up the DagBag from /opt/airflow/dags/fintech_dag.py
[2024-12-21T21:19:43.610+0000] {processor.py:925} INFO - DAG(s) 'fintech_pipeline' retrieved from /opt/airflow/dags/fintech_dag.py
[2024-12-21T21:19:43.659+0000] {logging_mixin.py:190} INFO - [2024-12-21T21:19:43.658+0000] {dag.py:3239} INFO - Sync 1 DAGs
[2024-12-21T21:19:43.708+0000] {logging_mixin.py:190} INFO - [2024-12-21T21:19:43.707+0000] {dag.py:4180} INFO - Setting next_dagrun for fintech_pipeline to None, run_after=None
[2024-12-21T21:19:43.761+0000] {processor.py:208} INFO - Processing /opt/airflow/dags/fintech_dag.py took 2.471 seconds
[2024-12-21T21:20:14.038+0000] {processor.py:186} INFO - Started process (PID=2791) to work on /opt/airflow/dags/fintech_dag.py
[2024-12-21T21:20:14.041+0000] {processor.py:914} INFO - Processing file /opt/airflow/dags/fintech_dag.py for tasks to queue
[2024-12-21T21:20:14.046+0000] {logging_mixin.py:190} INFO - [2024-12-21T21:20:14.046+0000] {dagbag.py:588} INFO - Filling up the DagBag from /opt/airflow/dags/fintech_dag.py
[2024-12-21T21:20:16.736+0000] {processor.py:925} INFO - DAG(s) 'fintech_pipeline' retrieved from /opt/airflow/dags/fintech_dag.py
[2024-12-21T21:20:16.826+0000] {logging_mixin.py:190} INFO - [2024-12-21T21:20:16.825+0000] {dag.py:3239} INFO - Sync 1 DAGs
[2024-12-21T21:20:16.928+0000] {logging_mixin.py:190} INFO - [2024-12-21T21:20:16.926+0000] {dag.py:4180} INFO - Setting next_dagrun for fintech_pipeline to None, run_after=None
[2024-12-21T21:20:17.015+0000] {processor.py:208} INFO - Processing /opt/airflow/dags/fintech_dag.py took 2.992 seconds
[2024-12-21T21:20:47.502+0000] {processor.py:186} INFO - Started process (PID=2816) to work on /opt/airflow/dags/fintech_dag.py
[2024-12-21T21:20:47.504+0000] {processor.py:914} INFO - Processing file /opt/airflow/dags/fintech_dag.py for tasks to queue
[2024-12-21T21:20:47.509+0000] {logging_mixin.py:190} INFO - [2024-12-21T21:20:47.508+0000] {dagbag.py:588} INFO - Filling up the DagBag from /opt/airflow/dags/fintech_dag.py
[2024-12-21T21:20:49.910+0000] {processor.py:925} INFO - DAG(s) 'fintech_pipeline' retrieved from /opt/airflow/dags/fintech_dag.py
[2024-12-21T21:20:50.001+0000] {logging_mixin.py:190} INFO - [2024-12-21T21:20:49.999+0000] {dag.py:3239} INFO - Sync 1 DAGs
[2024-12-21T21:20:50.030+0000] {logging_mixin.py:190} INFO - [2024-12-21T21:20:50.029+0000] {dag.py:4180} INFO - Setting next_dagrun for fintech_pipeline to None, run_after=None
[2024-12-21T21:20:50.058+0000] {processor.py:208} INFO - Processing /opt/airflow/dags/fintech_dag.py took 2.570 seconds
[2024-12-21T21:21:20.573+0000] {processor.py:186} INFO - Started process (PID=2835) to work on /opt/airflow/dags/fintech_dag.py
[2024-12-21T21:21:20.575+0000] {processor.py:914} INFO - Processing file /opt/airflow/dags/fintech_dag.py for tasks to queue
[2024-12-21T21:21:20.582+0000] {logging_mixin.py:190} INFO - [2024-12-21T21:21:20.582+0000] {dagbag.py:588} INFO - Filling up the DagBag from /opt/airflow/dags/fintech_dag.py
[2024-12-21T21:21:22.647+0000] {processor.py:925} INFO - DAG(s) 'fintech_pipeline' retrieved from /opt/airflow/dags/fintech_dag.py
[2024-12-21T21:21:22.680+0000] {logging_mixin.py:190} INFO - [2024-12-21T21:21:22.679+0000] {dag.py:3239} INFO - Sync 1 DAGs
[2024-12-21T21:21:22.716+0000] {logging_mixin.py:190} INFO - [2024-12-21T21:21:22.715+0000] {dag.py:4180} INFO - Setting next_dagrun for fintech_pipeline to None, run_after=None
[2024-12-21T21:21:22.754+0000] {processor.py:208} INFO - Processing /opt/airflow/dags/fintech_dag.py took 2.198 seconds
[2024-12-21T21:21:53.131+0000] {processor.py:186} INFO - Started process (PID=2854) to work on /opt/airflow/dags/fintech_dag.py
[2024-12-21T21:21:53.134+0000] {processor.py:914} INFO - Processing file /opt/airflow/dags/fintech_dag.py for tasks to queue
[2024-12-21T21:21:53.139+0000] {logging_mixin.py:190} INFO - [2024-12-21T21:21:53.138+0000] {dagbag.py:588} INFO - Filling up the DagBag from /opt/airflow/dags/fintech_dag.py
[2024-12-21T21:21:55.715+0000] {processor.py:925} INFO - DAG(s) 'fintech_pipeline' retrieved from /opt/airflow/dags/fintech_dag.py
[2024-12-21T21:21:55.804+0000] {logging_mixin.py:190} INFO - [2024-12-21T21:21:55.803+0000] {dag.py:3239} INFO - Sync 1 DAGs
[2024-12-21T21:21:55.891+0000] {logging_mixin.py:190} INFO - [2024-12-21T21:21:55.890+0000] {dag.py:4180} INFO - Setting next_dagrun for fintech_pipeline to None, run_after=None
[2024-12-21T21:21:55.975+0000] {processor.py:208} INFO - Processing /opt/airflow/dags/fintech_dag.py took 2.867 seconds
[2024-12-21T21:22:26.942+0000] {processor.py:186} INFO - Started process (PID=2873) to work on /opt/airflow/dags/fintech_dag.py
[2024-12-21T21:22:26.944+0000] {processor.py:914} INFO - Processing file /opt/airflow/dags/fintech_dag.py for tasks to queue
[2024-12-21T21:22:26.948+0000] {logging_mixin.py:190} INFO - [2024-12-21T21:22:26.948+0000] {dagbag.py:588} INFO - Filling up the DagBag from /opt/airflow/dags/fintech_dag.py
[2024-12-21T21:22:30.888+0000] {processor.py:925} INFO - DAG(s) 'fintech_pipeline' retrieved from /opt/airflow/dags/fintech_dag.py
[2024-12-21T21:22:30.936+0000] {logging_mixin.py:190} INFO - [2024-12-21T21:22:30.935+0000] {dag.py:3239} INFO - Sync 1 DAGs
[2024-12-21T21:22:30.993+0000] {logging_mixin.py:190} INFO - [2024-12-21T21:22:30.993+0000] {dag.py:4180} INFO - Setting next_dagrun for fintech_pipeline to None, run_after=None
[2024-12-21T21:22:31.036+0000] {processor.py:208} INFO - Processing /opt/airflow/dags/fintech_dag.py took 4.105 seconds
[2024-12-21T21:23:01.665+0000] {processor.py:186} INFO - Started process (PID=2892) to work on /opt/airflow/dags/fintech_dag.py
[2024-12-21T21:23:01.667+0000] {processor.py:914} INFO - Processing file /opt/airflow/dags/fintech_dag.py for tasks to queue
[2024-12-21T21:23:01.671+0000] {logging_mixin.py:190} INFO - [2024-12-21T21:23:01.671+0000] {dagbag.py:588} INFO - Filling up the DagBag from /opt/airflow/dags/fintech_dag.py
[2024-12-21T21:23:05.712+0000] {processor.py:925} INFO - DAG(s) 'fintech_pipeline' retrieved from /opt/airflow/dags/fintech_dag.py
[2024-12-21T21:23:05.740+0000] {logging_mixin.py:190} INFO - [2024-12-21T21:23:05.738+0000] {dag.py:3239} INFO - Sync 1 DAGs
[2024-12-21T21:23:05.859+0000] {logging_mixin.py:190} INFO - [2024-12-21T21:23:05.858+0000] {dag.py:4180} INFO - Setting next_dagrun for fintech_pipeline to None, run_after=None
[2024-12-21T21:23:05.968+0000] {processor.py:208} INFO - Processing /opt/airflow/dags/fintech_dag.py took 4.324 seconds
[2024-12-21T21:23:36.348+0000] {processor.py:186} INFO - Started process (PID=2911) to work on /opt/airflow/dags/fintech_dag.py
[2024-12-21T21:23:36.354+0000] {processor.py:914} INFO - Processing file /opt/airflow/dags/fintech_dag.py for tasks to queue
[2024-12-21T21:23:36.372+0000] {logging_mixin.py:190} INFO - [2024-12-21T21:23:36.370+0000] {dagbag.py:588} INFO - Filling up the DagBag from /opt/airflow/dags/fintech_dag.py
[2024-12-21T21:23:40.165+0000] {processor.py:925} INFO - DAG(s) 'fintech_pipeline' retrieved from /opt/airflow/dags/fintech_dag.py
[2024-12-21T21:23:40.193+0000] {logging_mixin.py:190} INFO - [2024-12-21T21:23:40.193+0000] {dag.py:3239} INFO - Sync 1 DAGs
[2024-12-21T21:23:40.223+0000] {logging_mixin.py:190} INFO - [2024-12-21T21:23:40.223+0000] {dag.py:4180} INFO - Setting next_dagrun for fintech_pipeline to None, run_after=None
[2024-12-21T21:23:40.284+0000] {processor.py:208} INFO - Processing /opt/airflow/dags/fintech_dag.py took 3.978 seconds
[2024-12-21T21:24:10.951+0000] {processor.py:186} INFO - Started process (PID=2930) to work on /opt/airflow/dags/fintech_dag.py
[2024-12-21T21:24:10.955+0000] {processor.py:914} INFO - Processing file /opt/airflow/dags/fintech_dag.py for tasks to queue
[2024-12-21T21:24:10.964+0000] {logging_mixin.py:190} INFO - [2024-12-21T21:24:10.962+0000] {dagbag.py:588} INFO - Filling up the DagBag from /opt/airflow/dags/fintech_dag.py
[2024-12-21T21:24:13.753+0000] {processor.py:925} INFO - DAG(s) 'fintech_pipeline' retrieved from /opt/airflow/dags/fintech_dag.py
[2024-12-21T21:24:13.838+0000] {logging_mixin.py:190} INFO - [2024-12-21T21:24:13.837+0000] {dag.py:3239} INFO - Sync 1 DAGs
[2024-12-21T21:24:13.924+0000] {logging_mixin.py:190} INFO - [2024-12-21T21:24:13.923+0000] {dag.py:4180} INFO - Setting next_dagrun for fintech_pipeline to None, run_after=None
[2024-12-21T21:24:13.990+0000] {processor.py:208} INFO - Processing /opt/airflow/dags/fintech_dag.py took 3.062 seconds
[2024-12-21T21:24:44.499+0000] {processor.py:186} INFO - Started process (PID=2950) to work on /opt/airflow/dags/fintech_dag.py
[2024-12-21T21:24:44.502+0000] {processor.py:914} INFO - Processing file /opt/airflow/dags/fintech_dag.py for tasks to queue
[2024-12-21T21:24:44.510+0000] {logging_mixin.py:190} INFO - [2024-12-21T21:24:44.509+0000] {dagbag.py:588} INFO - Filling up the DagBag from /opt/airflow/dags/fintech_dag.py
[2024-12-21T21:24:47.800+0000] {processor.py:925} INFO - DAG(s) 'fintech_pipeline' retrieved from /opt/airflow/dags/fintech_dag.py
[2024-12-21T21:24:47.854+0000] {logging_mixin.py:190} INFO - [2024-12-21T21:24:47.853+0000] {dag.py:3239} INFO - Sync 1 DAGs
[2024-12-21T21:24:47.905+0000] {logging_mixin.py:190} INFO - [2024-12-21T21:24:47.905+0000] {dag.py:4180} INFO - Setting next_dagrun for fintech_pipeline to None, run_after=None
[2024-12-21T21:24:47.952+0000] {processor.py:208} INFO - Processing /opt/airflow/dags/fintech_dag.py took 3.467 seconds
[2024-12-21T21:25:18.583+0000] {processor.py:186} INFO - Started process (PID=2975) to work on /opt/airflow/dags/fintech_dag.py
[2024-12-21T21:25:18.585+0000] {processor.py:914} INFO - Processing file /opt/airflow/dags/fintech_dag.py for tasks to queue
[2024-12-21T21:25:18.590+0000] {logging_mixin.py:190} INFO - [2024-12-21T21:25:18.589+0000] {dagbag.py:588} INFO - Filling up the DagBag from /opt/airflow/dags/fintech_dag.py
[2024-12-21T21:25:22.260+0000] {processor.py:925} INFO - DAG(s) 'fintech_pipeline' retrieved from /opt/airflow/dags/fintech_dag.py
[2024-12-21T21:25:22.291+0000] {logging_mixin.py:190} INFO - [2024-12-21T21:25:22.290+0000] {dag.py:3239} INFO - Sync 1 DAGs
[2024-12-21T21:25:22.349+0000] {logging_mixin.py:190} INFO - [2024-12-21T21:25:22.349+0000] {dag.py:4180} INFO - Setting next_dagrun for fintech_pipeline to None, run_after=None
[2024-12-21T21:25:22.436+0000] {processor.py:208} INFO - Processing /opt/airflow/dags/fintech_dag.py took 3.869 seconds
[2024-12-21T21:25:52.706+0000] {processor.py:186} INFO - Started process (PID=2994) to work on /opt/airflow/dags/fintech_dag.py
[2024-12-21T21:25:52.711+0000] {processor.py:914} INFO - Processing file /opt/airflow/dags/fintech_dag.py for tasks to queue
[2024-12-21T21:25:52.721+0000] {logging_mixin.py:190} INFO - [2024-12-21T21:25:52.720+0000] {dagbag.py:588} INFO - Filling up the DagBag from /opt/airflow/dags/fintech_dag.py
[2024-12-21T21:25:55.835+0000] {processor.py:925} INFO - DAG(s) 'fintech_pipeline' retrieved from /opt/airflow/dags/fintech_dag.py
[2024-12-21T21:25:55.883+0000] {logging_mixin.py:190} INFO - [2024-12-21T21:25:55.882+0000] {dag.py:3239} INFO - Sync 1 DAGs
[2024-12-21T21:25:55.930+0000] {logging_mixin.py:190} INFO - [2024-12-21T21:25:55.929+0000] {dag.py:4180} INFO - Setting next_dagrun for fintech_pipeline to None, run_after=None
[2024-12-21T21:25:55.983+0000] {processor.py:208} INFO - Processing /opt/airflow/dags/fintech_dag.py took 3.304 seconds
[2024-12-21T21:26:26.654+0000] {processor.py:186} INFO - Started process (PID=3013) to work on /opt/airflow/dags/fintech_dag.py
[2024-12-21T21:26:26.656+0000] {processor.py:914} INFO - Processing file /opt/airflow/dags/fintech_dag.py for tasks to queue
[2024-12-21T21:26:26.662+0000] {logging_mixin.py:190} INFO - [2024-12-21T21:26:26.662+0000] {dagbag.py:588} INFO - Filling up the DagBag from /opt/airflow/dags/fintech_dag.py
[2024-12-21T21:26:29.584+0000] {processor.py:925} INFO - DAG(s) 'fintech_pipeline' retrieved from /opt/airflow/dags/fintech_dag.py
[2024-12-21T21:26:29.676+0000] {logging_mixin.py:190} INFO - [2024-12-21T21:26:29.675+0000] {dag.py:3239} INFO - Sync 1 DAGs
[2024-12-21T21:26:29.759+0000] {logging_mixin.py:190} INFO - [2024-12-21T21:26:29.758+0000] {dag.py:4180} INFO - Setting next_dagrun for fintech_pipeline to None, run_after=None
[2024-12-21T21:26:29.826+0000] {processor.py:208} INFO - Processing /opt/airflow/dags/fintech_dag.py took 3.191 seconds
[2024-12-21T21:27:00.252+0000] {processor.py:186} INFO - Started process (PID=3032) to work on /opt/airflow/dags/fintech_dag.py
[2024-12-21T21:27:00.255+0000] {processor.py:914} INFO - Processing file /opt/airflow/dags/fintech_dag.py for tasks to queue
[2024-12-21T21:27:00.264+0000] {logging_mixin.py:190} INFO - [2024-12-21T21:27:00.263+0000] {dagbag.py:588} INFO - Filling up the DagBag from /opt/airflow/dags/fintech_dag.py
[2024-12-21T21:27:03.645+0000] {processor.py:925} INFO - DAG(s) 'fintech_pipeline' retrieved from /opt/airflow/dags/fintech_dag.py
[2024-12-21T21:27:03.672+0000] {logging_mixin.py:190} INFO - [2024-12-21T21:27:03.672+0000] {dag.py:3239} INFO - Sync 1 DAGs
[2024-12-21T21:27:03.752+0000] {logging_mixin.py:190} INFO - [2024-12-21T21:27:03.751+0000] {dag.py:4180} INFO - Setting next_dagrun for fintech_pipeline to None, run_after=None
[2024-12-21T21:27:03.828+0000] {processor.py:208} INFO - Processing /opt/airflow/dags/fintech_dag.py took 3.609 seconds
[2024-12-21T21:27:34.108+0000] {processor.py:186} INFO - Started process (PID=3051) to work on /opt/airflow/dags/fintech_dag.py
[2024-12-21T21:27:34.111+0000] {processor.py:914} INFO - Processing file /opt/airflow/dags/fintech_dag.py for tasks to queue
[2024-12-21T21:27:34.122+0000] {logging_mixin.py:190} INFO - [2024-12-21T21:27:34.120+0000] {dagbag.py:588} INFO - Filling up the DagBag from /opt/airflow/dags/fintech_dag.py
[2024-12-21T21:27:37.148+0000] {processor.py:925} INFO - DAG(s) 'fintech_pipeline' retrieved from /opt/airflow/dags/fintech_dag.py
[2024-12-21T21:27:37.197+0000] {logging_mixin.py:190} INFO - [2024-12-21T21:27:37.196+0000] {dag.py:3239} INFO - Sync 1 DAGs
[2024-12-21T21:27:37.223+0000] {logging_mixin.py:190} INFO - [2024-12-21T21:27:37.223+0000] {dag.py:4180} INFO - Setting next_dagrun for fintech_pipeline to None, run_after=None
[2024-12-21T21:27:37.251+0000] {processor.py:208} INFO - Processing /opt/airflow/dags/fintech_dag.py took 3.168 seconds
[2024-12-21T21:28:07.572+0000] {processor.py:186} INFO - Started process (PID=3070) to work on /opt/airflow/dags/fintech_dag.py
[2024-12-21T21:28:07.573+0000] {processor.py:914} INFO - Processing file /opt/airflow/dags/fintech_dag.py for tasks to queue
[2024-12-21T21:28:07.576+0000] {logging_mixin.py:190} INFO - [2024-12-21T21:28:07.575+0000] {dagbag.py:588} INFO - Filling up the DagBag from /opt/airflow/dags/fintech_dag.py
[2024-12-21T21:28:09.579+0000] {processor.py:925} INFO - DAG(s) 'fintech_pipeline' retrieved from /opt/airflow/dags/fintech_dag.py
[2024-12-21T21:28:09.663+0000] {logging_mixin.py:190} INFO - [2024-12-21T21:28:09.662+0000] {dag.py:3239} INFO - Sync 1 DAGs
[2024-12-21T21:28:09.744+0000] {logging_mixin.py:190} INFO - [2024-12-21T21:28:09.744+0000] {dag.py:4180} INFO - Setting next_dagrun for fintech_pipeline to None, run_after=None
[2024-12-21T21:28:09.809+0000] {processor.py:208} INFO - Processing /opt/airflow/dags/fintech_dag.py took 2.246 seconds
[2024-12-21T21:28:40.364+0000] {processor.py:186} INFO - Started process (PID=3089) to work on /opt/airflow/dags/fintech_dag.py
[2024-12-21T21:28:40.368+0000] {processor.py:914} INFO - Processing file /opt/airflow/dags/fintech_dag.py for tasks to queue
[2024-12-21T21:28:40.380+0000] {logging_mixin.py:190} INFO - [2024-12-21T21:28:40.379+0000] {dagbag.py:588} INFO - Filling up the DagBag from /opt/airflow/dags/fintech_dag.py
[2024-12-21T21:28:43.342+0000] {processor.py:925} INFO - DAG(s) 'fintech_pipeline' retrieved from /opt/airflow/dags/fintech_dag.py
[2024-12-21T21:28:43.372+0000] {logging_mixin.py:190} INFO - [2024-12-21T21:28:43.371+0000] {dag.py:3239} INFO - Sync 1 DAGs
[2024-12-21T21:28:43.416+0000] {logging_mixin.py:190} INFO - [2024-12-21T21:28:43.416+0000] {dag.py:4180} INFO - Setting next_dagrun for fintech_pipeline to None, run_after=None
[2024-12-21T21:28:43.460+0000] {processor.py:208} INFO - Processing /opt/airflow/dags/fintech_dag.py took 3.126 seconds
[2024-12-21T21:29:13.865+0000] {processor.py:186} INFO - Started process (PID=3108) to work on /opt/airflow/dags/fintech_dag.py
[2024-12-21T21:29:13.866+0000] {processor.py:914} INFO - Processing file /opt/airflow/dags/fintech_dag.py for tasks to queue
[2024-12-21T21:29:13.871+0000] {logging_mixin.py:190} INFO - [2024-12-21T21:29:13.870+0000] {dagbag.py:588} INFO - Filling up the DagBag from /opt/airflow/dags/fintech_dag.py
[2024-12-21T21:29:17.480+0000] {processor.py:925} INFO - DAG(s) 'fintech_pipeline' retrieved from /opt/airflow/dags/fintech_dag.py
[2024-12-21T21:29:17.516+0000] {logging_mixin.py:190} INFO - [2024-12-21T21:29:17.515+0000] {dag.py:3239} INFO - Sync 1 DAGs
[2024-12-21T21:29:17.551+0000] {logging_mixin.py:190} INFO - [2024-12-21T21:29:17.551+0000] {dag.py:4180} INFO - Setting next_dagrun for fintech_pipeline to None, run_after=None
[2024-12-21T21:29:17.575+0000] {processor.py:208} INFO - Processing /opt/airflow/dags/fintech_dag.py took 3.720 seconds
