value,label
$2.5b aerospace manufacturer,5 years
/ plumber,10+ years
1,1 year
1099,6 years
12,10+ years
18e,10+ years
19k,4 years
1lt,10+ years
1sg,10+ years
1st class,8 years
1st colonial national bank,10+ years
1st grade teacher,10+ years
1st mate,6 years
1st vice general chairman,10+ years
21 dealer,10+ years
2lt military police,7 years
2nd pressman,5 years
2nd shift supervisor,10+ years
3rd key manager,4 years
3rd shift plant manager,2 years
4,4 years
"400 10th st ne,",6 years
495 productions,< 1 year
4k assistant teacher,3 years
4th grade teacher,10+ years
4th yr apprentice,4 years
6th grade math teacher,4 years
800park ave corp,10+ years
88m,7 years
911 dispatcher,10+ years
911 lapd/dispatcher,10+ years
92m,6 years
a,10+ years
a operator,10+ years
a&d clerk,5 years
a. manager,10+ years
a/p & a/r,6 years
a/p specialist,10+ years
a/r manager,10+ years
a/v technician,3 years
aa3,< 1 year
aafes,1 year
aba paraprofessional,2 years
abbey funeral home,4 years
abe director,10+ years
abh,4 years
able seaman,9 years
abom,7 years
academic advisor,7 years
academic advisor ii - lead,2 years
academic coordinator,10+ years
academic custodian,3 years
academic support,1 year
acccountant,6 years
acccounts receivable supervisor,7 years
accenture,5 years
access health team,6 years
accessioning clerk,4 years
accessories,9 years
accontant manager,8 years
accounatnt,8 years
account  executive,< 1 year
account administrator,10+ years
account advocate,1 year
account analyst,10+ years
account clerk,2 years
account consultant,10+ years
account coordinator,10+ years
account developer,10+ years
account development specialist,1 year
account director,4 years
account excecutive,2 years
account executive,1 year
account executive & logistics,2 years
"account executive, west coast",1 year
account manager,10+ years
account manager sales,4 years
account payable clerk,10+ years
account receivable,1 year
account receivable supervisor,1 year
account receivables,6 years
account representative,10+ years
account research analyst,10+ years
account services director,1 year
account specialist,10+ years
account specialists,10+ years
account supervisor,3 years
account tech,< 1 year
account tech 2,10+ years
accountans,8 years
accountant,10+ years
accountant 1,4 years
accountant 2,2 years
accountant ii,2 years
accountant iii,8 years
accountant manager,7 years
accountant technician,4 years
accountant/controller,1 year
accounting,10+ years
accounting - tax office,10+ years
accounting admistrator,9 years
accounting analyst,< 1 year
accounting and benefits manager,6 years
accounting assistant,5 years
accounting assistant ii,2 years
accounting assoc.,10+ years
accounting associate,10+ years
accounting clerk,10+ years
accounting coordinator,10+ years
accounting department,10+ years
accounting director,10+ years
accounting lead,10+ years
accounting manager,10+ years
accounting manager hr manager,2 years
accounting mgr,1 year
accounting office supervisor,6 years
accounting officer,10+ years
accounting specialist,1 year
accounting specialist 2,10+ years
accounting supervisor,10+ years
accounting tech,10+ years
accounting technical lead,10+ years
accounting technician,10+ years
accounting/bookeeper,1 year
accounting/human resources manager,10+ years
accounts,5 years
accounts coordinator,10+ years
accounts manager,8 years
accounts operations manager,4 years
accounts payable,10+ years
accounts payable analyst,< 1 year
accounts payable clerk,10+ years
accounts payable coordinator,8 years
accounts payable specialist,3 years
accounts payable supervisor,10+ years
accounts payable/hr,6 years
accounts receivable,10+ years
accounts receivable clerk,2 years
accounts receivable lead,1 year
accounts receivable manager,3 years
accounts receivable specialist,3 years
accounts receivables manager,1 year
accounts receiveable,1 year
accouting  dept,10+ years
accouting manager,2 years
acct,8 years
acct exec,10+ years
acct manager assist,2 years
acct rep,7 years
acct salesman,8 years
acct service mgr,10+ years
accts payable clerk,2 years
ace hardware,6 years
ach/eft share draft specialist,3 years
ach/payroll specialist,10+ years
achr,5 years
acme operations-bobcat of columbia,3 years
acosta,3 years
acting director,10+ years
acting human services administrator i,10+ years
active duty infantryman,3 years
active living grant writer,< 1 year
activities assistant,1 year
activity cordinator,4 years
activity coridnator,6 years
activity director,1 year
activity therapist,3 years
actor,10+ years
actuarial associate,4 years
actuarial specialist,3 years
actuary,3 years
acupuncturist,1 year
acuren inspection,10+ years
acute dialysis nurse,2 years
acxiom corp,10+ years
ad/it security administrator,4 years
"adamsmorioka, inc.",2 years
addictions counselor,3 years
addressable engineer,10+ years
adiminative assistant,3 years
adjunct faculty,5 years
adjunct instructor,3 years
adjunct professor,8 years
adjuster,3 years
adjuster- contract,7 years
adjustments,4 years
adm analyst,10+ years
adm assistant/hemodialysis certified tec,6 years
adm asst.,10+ years
adm dir ancillary services,10+ years
adm. sec.,10+ years
admin,10+ years
admin & hr director,6 years
admin assist /front desk receptionist,9 years
admin assistant,10+ years
admin asst,10+ years
admin asst.,3 years
admin school secretary,9 years
admin secretary,10+ years
admin services director,10+ years
admin specialist,10+ years
admin student accounts,2 years
admin tech 4 case manager,10+ years
admin. assist.,10+ years
admin. assistant,< 1 year
admin/hr,7 years
admininstrative assistant,10+ years
adminisrator,10+ years
administration,10+ years
administration aasistant,10+ years
administration assistant,10+ years
administration manager,2 years
administrative,10+ years
administrative  assistant,1 year
administrative aide,10+ years
administrative and accounting officer,10+ years
administrative asset/bookkeeper,10+ years
administrative assistanr,5 years
administrative assistant,10+ years
administrative assistant 1,4 years
administrative assistant i,10+ years
administrative assistant ii,2 years
administrative assistant iii,10+ years
administrative assistant iv,10+ years
administrative assistant/sales,10+ years
administrative assitant,10+ years
administrative asst,10+ years
administrative asst.,10+ years
administrative asst/chairman,10+ years
administrative asstistant,7 years
administrative clerk,5 years
administrative coordinator,1 year
administrative director - erps,10+ years
administrative intern,10+ years
administrative law judge,< 1 year
administrative law judge/hearing officer,10+ years
administrative manager,1 year
administrative office assistant,10+ years
administrative office manager,2 years
administrative office professional,10+ years
administrative officer,10+ years
administrative officers,2 years
administrative programs manager,10+ years
administrative secretary,3 years
administrative sergeant,4 years
administrative services,< 1 year
administrative services manager,1 year
administrative specialist,10+ years
administrative supervisor,10+ years
administrative support,1 year
administrative support coordinator,2 years
administrative support specialist,10+ years
administrative technician,10+ years
administrative typist ii,7 years
administrator,10+ years
administrator-director,6 years
administrtor,1 year
adminstration,3 years
adminstration manager,10+ years
adminstrative assistant,2 years
admission advisor,1 year
admission preparation program coordinato,2 years
admissions,4 years
admissions advisor,6 years
admissions and marketing director,6 years
admissions coordinator,2 years
admissions director,10+ years
admissions representative,2 years
admissions/career development specialist,5 years
admistration,4 years
admistrative aide,10+ years
admistrative asst.,10+ years
admit clerk,2 years
admitting registrar,6 years
admitting rep,3 years
admitting representative,< 1 year
admitting supervisor,10+ years
adoption specialist,1 year
adult probation officer,10+ years
adult protective services,9 years
advanced imaging,4 years
advanced practice nurse manager,< 1 year
advanced software engineer,10+ years
advanced support rep,2 years
advancement associate,3 years
advantage pumping llc,7 years
adveristing,10+ years
advertising,2 years
advertising/marketing coordinator,3 years
advisor,10+ years
advisor client benefits,6 years
aecom technologies,2 years
aemt,2 years
aerospace engineer,2 years
"aerospace solutions, llc",4 years
aesthetician/laser technician,< 1 year
aetna,10+ years
aetna inc,10+ years
afsm clerk,10+ years
after school day care,2 years
after school program manager,2 years
after shool program director,7 years
age craftsman,10+ years
agency controller,10+ years
agency manager,10+ years
agency services representative,10+ years
agent,10+ years
agent owner,10+ years
agent staff,2 years
agent/csr,10+ years
agent/owner,3 years
agent/receptionist,4 years
agent/rep,7 years
aging specialist,10+ years
agpa,10+ years
agricultural attache,9 years
agricultural engineer,5 years
agriculture inspector,4 years
agriculture specialist,10+ years
agronomist,< 1 year
aha,1 year
aidarex pharmaceuticals llc,7 years
aide,10+ years
aids healthcare foundation,2 years
air export agent,10+ years
air force civilian,10+ years
air traffic controller,10+ years
aircraft attendant,10+ years
aircraft engine inspector,10+ years
aircraft maintainer,10+ years
aircraft maintenance inspector,3 years
aircraft maintenance supervisor,< 1 year
aircraft mechanic,10+ years
aircraft painter,10+ years
aircraft systems engineer,10+ years
aircraft tech,2 years
aircraft technician,10+ years
airfield manager,10+ years
airfield safety officer,1 year
airline captain,10+ years
"airmark overhaul, inc",4 years
airport customer service,2 years
airport director,1 year
alamance community college,10+ years
alameda county sheriff's office,10+ years
alarm technician,6 years
albany medical hopital,5 years
albertsons,6 years
alcoa cleveland works,10+ years
alcohol & durg counselor,6 years
aleris international,10+ years
alfing corp.,10+ years
alivio medical center,5 years
all the trimmings,7 years
alliance for children everywhere,9 years
alliance printing,10+ years
allstate insurance company,2 years
alm,3 years
altabatessummitmedicalcenter,10+ years
altadena library,7 years
alternative school teacher,2 years
altrain dental assisting academy,1 year
altria,1 year
alzheimer's asoociation,2 years
amalgamated financial group,9 years
ambassdor 1,10+ years
ambulance supervisor,7 years
ambulatory service representative ii,< 1 year
amc supervisor,7 years
american builders supply,1 year
american express,3 years
american red cross,10+ years
american vision windows,3 years
americas property management corp,6 years
amerigas,10+ years
"amgen, inc",10+ years
aministrative assistant iii,10+ years
amonia refrigeration technician,2 years
analyst,10+ years
analyst / engineer,4 years
analyst 4,2 years
analyst 5,10+ years
"analyst, accounting",< 1 year
analyst-patient finanical services,10+ years
analytical lead,< 1 year
analytics engineer,1 year
analytics manager,6 years
analytics solution engineer,< 1 year
analyzer engineer,6 years
analyzer engineering specialist,10+ years
analyzer technician,10+ years
anatomy instructor,4 years
anchor general insurance,10+ years
anchorage capital group llc,2 years
andersen corporation,10+ years
anderson merchandisers,9 years
andres medical billing,8 years
anesthesia,8 years
anesthesia technician,10+ years
anesthesia/surgical tech,9 years
anesthesiologist,3 years
anesthesiologist assistant,2 years
anesthetist,4 years
animal keeper,3 years
announcer,10+ years
annuity,3 years
annuity specialist,5 years
ap,2 years
ap clerk,10+ years
ap manager,10+ years
ap supervision,10+ years
apartment manager,7 years
apex clearing corporation,10+ years
api inspector,< 1 year
api systems group,6 years
appeals coordinator,2 years
appeals officer,10+ years
applewood golf course,10+ years
appliance sales,8 years
appliance tech,2 years
application analyst,1 year
application developer,10+ years
application developer 3,7 years
application developer ii,10+ years
application development,10+ years
application development analyst iii,< 1 year
application engineer,10+ years
application support engineer,2 years
application support manager,10+ years
application test specialst,7 years
applications and market development mana,4 years
applications architect,10+ years
applications developer,< 1 year
applications engineer,10+ years
applicator,10+ years
applied imaging,10+ years
applied research laboratories,10+ years
appointment clerk,2 years
appointment coordinator manager,10+ years
appointment manager,10+ years
appraiser,10+ years
appraiser technician,10+ years
apprentice,3 years
apprentice electrician,1 year
apprentice lineman,2 years
apps systems engineer,9 years
apria healthcare,10+ years
aps specialist,5 years
aquaculture,2 years
ar analyst,2 years
ar associate,10+ years
ar department manager,10+ years
ar director,10+ years
ar manager,10+ years
ar specialist,1 year
ar supervisor,10+ years
ar/billing clerk,10+ years
arapahoe county sheriffs office,10+ years
arbon equipment,< 1 year
arbor/rescare,4 years
arborist,10+ years
arca,4 years
"arcadis-u.s., inc.",3 years
arcanum-bulter schools,5 years
archdiocese of new york,7 years
architect,10+ years
architectural designer,10+ years
architectural engineer,2 years
architecture and plans manager,2 years
archive division,10+ years
archividts,3 years
archivist,10+ years
area acquisitions manager,3 years
area administrative manager,10+ years
area coach,10+ years
area coordinator,1 year
area director,10+ years
area electrical supervisor,10+ years
area leader,10+ years
area maintenance supervisor,3 years
area manager,10+ years
area occupational health manager,10+ years
area operations manager,10+ years
area plant superintendant,10+ years
area psl operations manager,6 years
area safety manager,4 years
area sales manager,10+ years
area superintendent,9 years
area supervisor,10+ years
area supervisor operational,2 years
area vice president,10+ years
areospace engineer,10+ years
ariba,< 1 year
arizona nutritional supplements,4 years
armador,2 years
armed guard,1 year
armed mobile patrol guard,< 1 year
armed security officer,1 year
armed security officer  (nuclear),4 years
armstrong technical manager midwest,7 years
army,10+ years
aro/fork lift operator,8 years
array assembler,< 1 year
ars advertising,7 years
arson investigator,10+ years
art director,2 years
art handler/ installer,10+ years
art teacher,10+ years
artilleryman,6 years
artist,1 year
arway apron & unifrom rentals inc.,5 years
asambler,8 years
asambly,3 years
asc,10+ years
aseptic machine operator,6 years
ashley distribution,8 years
asia program associate,< 1 year
asl interpreter,8 years
asphalt operations manager,4 years
ass,10+ years
ass.store manager,7 years
assa abloy,5 years
assc. director supply chain integration,10+ years
assember ii,6 years
assemble and inspect,10+ years
assembler,10+ years
assembler  engineer,4 years
assembly,10+ years
assembly inspector,5 years
assembly line,7 years
assembly line associate,< 1 year
assembly line tech,3 years
assembly line worker,10+ years
assembly manager,10+ years
assembly mechanic,10+ years
assembly specialist,8 years
assembly team leader,10+ years
assembly tech,10+ years
assembly technician,3 years
assembly worker,2 years
assemblyman,10+ years
assessment specialist,3 years
assessor,10+ years
asset conversion reporting specialist,2 years
asset deli mgr,10+ years
asset management associate,5 years
asset management vice president,6 years
asset manager,4 years
asset manager - us,2 years
asset managment,10+ years
asset planner,10+ years
asset protection,3 years
asset protection manager,3 years
asset protection supervisor,4 years
asset softball coache,1 year
asset tech,10+ years
asset trader,2 years
assisant manager,9 years
assist office manager,< 1 year
assist vp of accounting,9 years
assistance store manager,5 years
assistant,< 1 year
assistant account manager,10+ years
assistant accountant,4 years
assistant administrator,3 years
assistant ag,2 years
assistant area director,< 1 year
assistant bakery manager,8 years
assistant bank manager,10+ years
assistant banquet manager,5 years
assistant branch manager,< 1 year
assistant cantroller,6 years
assistant chief,< 1 year
assistant city attorney,1 year
assistant city auditor,10+ years
assistant city prosecutor,6 years
assistant community association manager,2 years
assistant community manager,3 years
assistant controller,10+ years
assistant counsel,2 years
assistant county attorney,< 1 year
assistant cra manager,6 years
assistant customer service manager,3 years
assistant dean,5 years
assistant deputy superintendant,< 1 year
assistant dietary supervisor,10+ years
assistant director,10+ years
assistant director of communications,9 years
assistant director of financial aid,3 years
assistant director of mental health,1 year
assistant director of nursing,1 year
assistant director of wichita programs,2 years
assistant director public info,7 years
assistant district attorney,3 years
assistant driller,3 years
assistant engineer,2 years
assistant exec director,3 years
assistant executive director,1 year
assistant facility manager,2 years
assistant fire chief,10+ years
assistant firm screener,10+ years
assistant football coach,1 year
assistant fuel manager,9 years
assistant fullon leader,7 years
assistant general counsel,1 year
assistant general manager,< 1 year
assistant gm,10+ years
assistant golf professional,2 years
assistant grocery manager,9 years
assistant head teller,7 years
"assistant hr director, support staff",< 1 year
assistant information analyst,1 year
assistant manager,10+ years
assistant manager & sales agent,2 years
assistant manager - inspection services,3 years
assistant manager crew scheduling,10+ years
assistant manger,10+ years
assistant meat manager,< 1 year
assistant men's basketball coach,1 year
assistant merchandising coordinator,3 years
assistant nurse manager,< 1 year
assistant office manager,10+ years
assistant operations manager,10+ years
assistant operator,4 years
assistant plant manager,4 years
assistant plant manger,10+ years
assistant press operator,1 year
assistant princioal,9 years
assistant principal,10+ years
assistant prinipal,1 year
assistant produce manager,10+ years
assistant product manager,10+ years
assistant production manager,< 1 year
assistant professor,5 years
assistant professor of finance,4 years
assistant project admn,10+ years
assistant project manager,3 years
assistant property manager,1 year
assistant real estate manager,< 1 year
assistant registrar,10+ years
assistant sales manager,10+ years
assistant sales rep,1 year
assistant service manager,7 years
assistant shop manager,3 years
assistant signal manager,10+ years
assistant squad leader,10+ years
assistant state's attorney,10+ years
assistant store manager,10+ years
assistant superintendant,5 years
assistant superintendent,3 years
assistant superintentdent,< 1 year
assistant teacher,10+ years
assistant to senior directors,< 1 year
assistant treasurer,1 year
assistant treasurer-tax collector,10+ years
assistant us attorney,10+ years
assistant vice president,10+ years
"assistant vice president, global finance",10+ years
assistant vp - ux design,< 1 year
assistant warehouse manager,1 year
assistant winemaker,1 year
assitant director,10+ years
assitant director/ animal shelter,10+ years
assoc consultant,10+ years
assoc dir budget,2 years
assoc engineer,10+ years
assoc vp,8 years
assoc. director of ad services,8 years
assoc. faculty,2 years
assoc. professor,10+ years
assoc. system engineer,10+ years
associat overhaul technician,< 1 year
associate,4 years
associate account director,2 years
associate analyst,2 years
associate attorney,1 year
associate broker,10+ years
associate clinic director,10+ years
associate consultant,< 1 year
associate controller,2 years
associate counsel,2 years
associate creative director,< 1 year
associate designer,7 years
associate director,10+ years
associate director -  clinic operations,7 years
associate director of campus safety,10+ years
associate director of care management,< 1 year
associate director of communications,1 year
associate director of development,9 years
associate director of worship arts,3 years
"associate director, cumg",3 years
"associate director, housing",6 years
"associate director, tax",10+ years
"associate director,campaign management",2 years
associate electrical engineer,3 years
associate fiduciary,5 years
associate general counsel,4 years
associate governmental program analyst,2 years
associate judge,10+ years
associate level 1,1 year
associate management analyst,10+ years
associate manager,10+ years
associate manager consultant,2 years
associate marketing manager,2 years
associate merchant,3 years
associate partner,5 years
associate principal secretary,10+ years
associate privacy officer,10+ years
associate product manager,< 1 year
associate production controller,3 years
associate production operator,1 year
associate professor,4 years
associate professor of finance,10+ years
associate program director for staff dev,10+ years
associate project manager,1 year
associate psychologist,2 years
associate risk manager,4 years
associate scientist,1 year
associate sourcing manager,10+ years
associate staff specialist,10+ years
associate system analyst,10+ years
associate systems analyst,3 years
associate team leader - data integrity,5 years
associate transportation planner,2 years
associate veterinarian,1 year
associate vice president,1 year
associate vice president for research,4 years
associate vp,1 year
associate warden,10+ years
"associate, research consulting",1 year
association director of personal fitness,< 1 year
association executive,3 years
association manager,3 years
associte attorney,1 year
assoicate,2 years
assoicate planner,10+ years
asst branch mgr,10+ years
asst dean,3 years
asst director of information technology,10+ years
asst finance manager,10+ years
asst general counsel,10+ years
asst general manager,10+ years
asst logistics manager,10+ years
asst manager,10+ years
asst manager butcher,10+ years
asst manger,5 years
asst mgr,10+ years
asst office manager,9 years
asst principal,10+ years
asst prof,2 years
asst professor-tenure track,4 years
asst service mgr,10+ years
asst superintendent,10+ years
asst to the sr. assoc. dean,3 years
asst track coach,4 years
asst vice president claims,3 years
asst vice president/manager,1 year
asst vp,10+ years
asst. branch manager,3 years
asst. bureau chief,10+ years
asst. customer service manager,8 years
asst. dir. financial aid,10+ years
asst. director,10+ years
asst. director of support services,2 years
"asst. director, gift planning",9 years
asst. general manager,5 years
asst. general manger,10+ years
asst. golf professional,4 years
asst. manager,10+ years
asst. manager  trust compliance,10+ years
asst. manager - software,10+ years
asst. manger,< 1 year
asst. plant manager,10+ years
asst. professor,5 years
asst. public affairs officer,10+ years
asst. rec. coord.,10+ years
asst. supt. of educational services,2 years
asst. vice president,4 years
asst. warehouse manage,10+ years
asst.food service manager,10+ years
asst.supervisor,10+ years
asst.wastewater superintendent,10+ years
at&t,10+ years
athletic director,1 year
athletic director/coach/faculty,10+ years
athletic director/head football,5 years
athletic facilities,3 years
athletic trainer,10+ years
atlantic city fire dept,10+ years
ato,2 years
ats ii,10+ years
attendant,10+ years
attorney,10+ years
attorney - director of arbitration,10+ years
attorney / corporate counsel,2 years
attorney advisor,10+ years
attorney auditor,2 years
attorney contractor,2 years
attorney fed judicial law clerk,4 years
attorney ii,2 years
attorney search director,1 year
attorney/partner,4 years
aua,10+ years
audi brand specialist,2 years
audio engineer,2 years
audio visual production specialist,6 years
"audio,video installer",1 year
audiologist,1 year
audiology assistant,1 year
audit chief,10+ years
audit director,10+ years
audit manager,10+ years
audit supervisor,10+ years
auditor,10+ years
auditor/negotiator,4 years
audotor,1 year
austin infiniti,1 year
auto adjuster,1 year
auto body,< 1 year
auto body painter,4 years
auto body repair,< 1 year
auto body technician,7 years
auto claims adjuster,10+ years
auto claims coordinator,1 year
auto damage field supervisor,3 years
auto damage supervisor,10+ years
auto detailer,6 years
auto glass installer,6 years
auto glass tech,9 years
auto glass technician,3 years
auto mechanic,10+ years
auto physical damage appraiser,1 year
auto recyclers llc,1 year
auto tech,10+ years
auto tech.,5 years
auto technician,10+ years
automation /controls engineer,1 year
automation clerk,10+ years
automation manager,5 years
automation technician,10+ years
automotive bookkeeper,5 years
automotive repair technician,3 years
automotive tech,10+ years
automotive technician,10+ years
autotender,10+ years
av technician,2 years
avalon laboratories,3 years
avenge inc,< 1 year
avery dennison,10+ years
aviation interior mechanic,9 years
aviation resource management,10+ years
aviation safety inspector,7 years
avionics tech,< 1 year
avis budget group,1 year
avista,10+ years
avp,10+ years
"avp - loss mitigation manager, cpa",6 years
avp - marketing & communcations,10+ years
avp commercial lending,2 years
avp technology,10+ years
"avp, compliance manager",10+ years
"avp, sr. project manager",3 years
avp; opeations manager,10+ years
aw2 advocate,< 1 year
b e aerospace,10+ years
b&b automotive,6 years
baader technician,6 years
babysitter,6 years
babysitting,9 years
back jack dealer,10+ years
back office,2 years
back office leader,4 years
back room stock,10+ years
back server,2 years
backend developer,< 1 year
bae systems,10+ years
bagger,4 years
bail bond agent,4 years
bailiff,10+ years
baker,10+ years
baker mix,5 years
bakery,10+ years
bakery clerk,1 year
bakery manager,< 1 year
bakery supervisor,4 years
balancer,10+ years
balancing tech.,5 years
baler,3 years
bally technologies,1 year
baltimore county public schools,2 years
bank examiner,< 1 year
bank manager,10+ years
bank of america,10+ years
bank officer,10+ years
bank operations specialist,3 years
bank teller,1 year
banker,10+ years
bankers life,4 years
bankers life and casualty,6 years
banking center manager,5 years
banking operation manager,1 year
banking specialist ii,2 years
bankring center manage,10+ years
bankruptcy analyst,< 1 year
banner engineering,1 year
banquet chef,4 years
banquet manager,< 1 year
banquet server,10+ years
banquet svr,10+ years
banquets manager,10+ years
baptist health systems,10+ years
bar manager,1 year
bar manager/ bartender,4 years
bar staff and clean,6 years
bar tender,10+ years
barback,4 years
barber,10+ years
barber/hairdresser,8 years
baretender,< 1 year
barista,2 years
barista/cashier,8 years
barn manager,2 years
barnabas health,6 years
barona casino,10+ years
barrel handler,< 1 year
barry's ticket service,1 year
barsita,3 years
bartender,2 years
bartender cocktail,10+ years
bartender/ manager,3 years
bartender/ waitress,3 years
bartender/cook,8 years
bartender/manager,3 years
bartender/server,2 years
bartender/social media manager,< 1 year
baseball player,5 years
baseball scout,3 years
basketball coach,3 years
battalion chief,10+ years
battalion fire chief,10+ years
battelle national biodefense institute,3 years
bay transportion,10+ years
bb&t,< 1 year
"bbm financial services, inc.",< 1 year
bcba,2 years
bcbs of il,10+ years
bdc,< 1 year
bdc manager,4 years
beal bank usa,< 1 year
"beans r 4 u, inc",< 1 year
beaufort memorial hospital,5 years
beautician,10+ years
behavior analyst,5 years
behavior detection officer,10+ years
behavior specialist,6 years
behavior support program assistant,10+ years
behavior therapist,1 year
behavioral analyst,2 years
behavioral health associate,1 year
behavioral health specialist,2 years
behavioral health support specialist,2 years
behavioral health tech,10+ years
behavioral health therapist,3 years
behavioral interventionist,1 year
bell dispatcher,2 years
bellagio hotel,5 years
bellman,10+ years
benefit administration manager,10+ years
benefit director,10+ years
benefit program specialist,< 1 year
benefits administrator,5 years
benefits analyist,1 year
benefits consultant,< 1 year
benefits coordinator,4 years
benefits specialist,3 years
benefits specialist-insurance sales,6 years
benefits technical writer,4 years
beth israel deaconess medical center,4 years
bethlehem school district,10+ years
beverage server,10+ years
bfv supervisor/ e7,10+ years
bhs operator,2 years
bi specialist,2 years
bike shop manager,3 years
bilingual customer senior rep,< 1 year
bilingual secretary,10+ years
bilingual secretary ii,< 1 year
bill mcbride chevrolet and subaru,9 years
biller,10+ years
biller / follow up,3 years
billing,1 year
billing & contract specialist,< 1 year
billing /grocery clerk,10+ years
billing administrator,10+ years
billing analyst,10+ years
billing associate,< 1 year
billing clerk,10+ years
billing coordinator,3 years
billing department,8 years
billing dept,10+ years
billing manager,10+ years
billing office,3 years
billing rep,5 years
billing specialist,3 years
billing supervisor,9 years
billposter,10+ years
bim solution architect,3 years
bin ops,1 year
bindery,5 years
bindery helper,10+ years
bindery operator,8 years
bindery supervisor,3 years
bio botanica,10+ years
biomedical,7 years
biomedical engineer,10+ years
biomedical technician,10+ years
biostatistician iii,6 years
birch horton bittner cherot,10+ years
birmingham board of education,10+ years
biz dev manager,10+ years
blackjack dealer,10+ years
blackjack dealer and floor supervisor,7 years
blackrock,2 years
blast hole driller,9 years
blasting coordinator,9 years
blender,10+ years
blends manager,10+ years
blood bank supervisor,10+ years
blossom trails preschool,10+ years
bluehost,3 years
bny mellon,8 years
bny mellon financial,10+ years
bo's pallets inc,5 years
boat captain,7 years
boat tech,1 year
boathouse inc,1 year
bob j. johnson and associates,< 1 year
bobs discount furniture,1 year
bodily injury adjuster,3 years
body piercer,4 years
body tech,1 year
body technical,10+ years
bodyshop,5 years
bodyshop manager,10+ years
"boeckman ford, inc.",2 years
boeing,10+ years
boeing satellite systems,10+ years
boiler tech,10+ years
boiler turbine operator,7 years
boilermaker,1 year
boisclair corp,10+ years
bond technician,10+ years
bondsman,3 years
bones surgeon,10+ years
bonneville power admin.,10+ years
book keeper,5 years
book keeping,10+ years
bookeeper,10+ years
bookkeeper,10+ years
bookkeeper/accountant,5 years
bookkeeper/accounting specialist,10+ years
bookkeeping manager,6 years
bookstore director,10+ years
booz allen hamilton,1 year
border patrol agent,10+ years
borgata,5 years
boston scientific,7 years
bottle water driver,2 years
bottling supervisor,6 years
bottomline technologies,10+ years
bowling green r-1 school district,3 years
box cutter,< 1 year
box office manager,1 year
bpm,10+ years
bpm senior consultant,2 years
bradys run veterinary hospital,2 years
branch account manager,< 1 year
branch administrator,2 years
branch banker 4,1 year
branch banker team leader,8 years
branch chief,10+ years
branch director,10+ years
"branch manage, officer",10+ years
branch manager,10+ years
branch manager assistant,2 years
"branch manager, vp",4 years
branch manager-greaternew orleans,< 1 year
branch managerf,10+ years
branch manger,10+ years
branch mgr,< 1 year
branch office administrator,10+ years
branch operations supervisor,6 years
branch regional representative,10+ years
branch rental manager,4 years
branch service manager,7 years
branch service specialist,5 years
branch specialist,4 years
branch supervisor,2 years
branch support,2 years
branch team leader,6 years
branch vice-president,10+ years
brand analyst,3 years
brand coordinator,< 1 year
brand manager,5 years
brand professional,1 year
brand strategist,2 years
bravelife coordinator/social worker,8 years
brazer assembler,7 years
brazoria county sheriff's dept.,10+ years
breach banker,4 years
break relief,10+ years
breakpack order-filler,10+ years
brechan ent. inc,10+ years
brewer,2 years
bridal salon manager,2 years
bridge engineer,3 years
bridge operator,2 years
bridgestone apm,5 years
bridgestone tire solutions,10+ years
bridgestone/firestone inc,10+ years
brm,10+ years
broadband technician,3 years
broadcast engineer,10+ years
broadcast journalist,< 1 year
broadway louie's,10+ years
broker,10+ years
broker and appraiser,10+ years
broker assistant,10+ years
broker associate,10+ years
broker in charge,7 years
broker/director,10+ years
broker/owner,10+ years
brokerage coordinator,4 years
brokerage opeations,5 years
bronze memorial coordinator,4 years
brookdale senior living,2 years
brown's glass,9 years
bsa,10+ years
bsa analyst ii,2 years
bsa specialist,1 year
bsn rn,10+ years
bssa,10+ years
buchbinder tunick & co. llp,10+ years
buckeye cablesystems,2 years
budget administrator,10+ years
budget analyst,10+ years
budget and purchasing officer,7 years
budget manager,1 year
budget officer,10+ years
budget specialist,10+ years
budget/contract associate,10+ years
build leader,4 years
builder/cook,10+ years
building and land technology,< 1 year
building engineer,10+ years
building inspector,10+ years
building inspector/zoning officer,10+ years
building maintenance,10+ years
building maintenance manager,10+ years
building mantenance worker 3,5 years
building official code enforcement,8 years
building paraprofessional,2 years
building repairer,10+ years
building service,2 years
building superintendent,2 years
buisness coordinator,< 1 year
bulk mail technician,10+ years
bulk picker,< 1 year
bulk plant operator sr,5 years
bulk replen,1 year
bulk rig driver,10+ years
bureau chief,4 years
burke county sheriffs office,7 years
burnett dairy coopertive,8 years
bus aid,4 years
bus aide,5 years
bus aide/caregiver,3 years
bus attended,4 years
bus driver,10+ years
bus driver/custodian,5 years
bus maintainer,2 years
bus mgr,3 years
bus operater,4 years
bus operator,10+ years
bus operator/ records specialis,2 years
bus opertor,10+ years
bus sevicer,3 years
bus. development director,6 years
busdriver,4 years
business,5 years
business / data analyst,2 years
business account executive,2 years
business administrator,4 years
business advisor,9 years
business advocate,4 years
business agent,10+ years
business analyst,10+ years
business analyst i,5 years
business analyst ii,3 years
business analyst iii,< 1 year
business analyst manager,4 years
business and planning analyst ii,2 years
business anlyst,7 years
business application advisor,3 years
business assistant,8 years
business assistant manager,1 year
business associate 2,10+ years
business banker,10+ years
business banking officer,10+ years
business banking relationship manager,1 year
business change manager,10+ years
business commercial rep,6 years
business consultant,10+ years
business consultant manager,3 years
business continuity manager,2 years
business dev manager,9 years
business development,2 years
business development & marketing,2 years
business development analyst,6 years
business development and ops mgr,9 years
business development director,2 years
business development execuive,3 years
business development executive,1 year
business development lead,1 year
business development leaders,10+ years
business development manager,10+ years
business development managers,< 1 year
business development officer,2 years
business development program director,2 years
business development specialist,< 1 year
business development. mgr,10+ years
business director,10+ years
business executive,2 years
business financial manager,2 years
business intelligence administrator,10+ years
business intelligence engineer,3 years
business intelligence manager,2 years
business lead,6 years
business loan officer,8 years
business loan underwriting lead,3 years
business management associate,2 years
business manager,10+ years
business mgmt coach,10+ years
business mgr,9 years
business mgr/accounts payable,4 years
business office administrator,4 years
business office associate,7 years
business office manager,3 years
business officer,10+ years
business operation manager,7 years
business operations manager,8 years
business portfolio manager,10+ years
business process analyst,10+ years
business quality analyst,10+ years
business relationship manager,1 year
business resiliency manager,< 1 year
business sales manager,8 years
business service manager iv,< 1 year
business services assistant,10+ years
business services lead,2 years
business solutions rep,5 years
business specialist,4 years
business support,10+ years
business support associate 2,3 years
business support consultant,8 years
business system liaison,10+ years
business systems analyst,10+ years
business systems consultant,5 years
business technician,1 year
business transaction leader,< 1 year
business unit manager,3 years
business value consultant,3 years
busser,10+ years
busser/food runner,3 years
butcher,10+ years
"butler & allen, p.a.",10+ years
butler marine of charleston,6 years
buyer,10+ years
buyer ii,1 year
buyer's technician,10+ years
"buyer, jeweler",10+ years
buyer/ planner,10+ years
buyers,6 years
bypass agent,4 years
c.e.o,5 years
c.e.s.w,3 years
c.n.a.,5 years
c/o,10+ years
cab driver,10+ years
cabelas,3 years
cabinet builder,2 years
cabinet maker,10+ years
cable assembler,1 year
cable installer,10+ years
cable splicer,10+ years
cabling installer/ voice technician,< 1 year
cad design engineer,5 years
cad designer,10+ years
cad drafter,3 years
cadd designer,10+ years
cadd project manager,10+ years
cadd tech,2 years
caddo parish  sheriff office,10+ years
cadeteria cashier,10+ years
cadillac jack,6 years
cae ii,< 1 year
caf/scaf operator,< 1 year
cafe supervisor,< 1 year
cage cashier,3 years
cage shift mgr,4 years
cake decorator,1 year
cake decorator bakery dept,10+ years
cal tech,10+ years
calendar clerk,10+ years
calibration technician,3 years
california interscholastic federation,6 years
california sierra express,10+ years
call center general manager,10+ years
call center manager,10+ years
call center mgr,4 years
call center operator,10+ years
call representative,1 year
call service representative,< 1 year
calliduscloud,4 years
calvin college,10+ years
cambridge education,3 years
cambridge schools,1 year
camelot business associate,< 1 year
camera operator,10+ years
campaign manager,3 years
campaign support analyst,< 1 year
campus monitor,7 years
"cannon trading co, inc.",10+ years
canon business solutions,6 years
canvasser,4 years
cao,10+ years
cap 1 associate,6 years
cape cod healthcare,10+ years
capin vyborny llc,8 years
capital hospice,7 years
capital inspector citgo refinig cc,1 year
capital markets middle office analyst,5 years
capital project manager,2 years
caps,3 years
capt,10+ years
captain,10+ years
captain - o3e,10+ years
captain check airman,10+ years
captain nurse,5 years
captain/bartender,4 years
captian,< 1 year
captioner,7 years
car-washer,10+ years
carburetor tech,10+ years
card dealer,5 years
card game dealer,3 years
card service rep,10+ years
cardiac cath lab technologist,< 1 year
cardiac sonographer,10+ years
cardinal health,10+ years
cardiologist,3 years
cardiology,2 years
cardiovascular perfusionist,< 1 year
cardiovascular tech,10+ years
cardiovascular technologist,2 years
care advocate,< 1 year
care coach,4 years
care coordinator,2 years
care giver,10+ years
care management assistant,2 years
care manager i,1 year
care nurse,6 years
care provider,1 year
care taker,3 years
care transition coordinator rn,1 year
career coach,< 1 year
career counselor,10+ years
career development facilitator,3 years
career pathway & transitions navigator,10+ years
career planner,5 years
career transition specialist,1 year
careertech teachers,10+ years
caregiver,10+ years
caregiver/nac,8 years
caregiver/rn,3 years
caregivers of new jersey,5 years
carey of houston,5 years
cargo agent,3 years
carmab,10+ years
carman,10+ years
caro center,10+ years
carpenter,10+ years
carpenter / cleaner  (i have two jobs),3 years
carpenter a,< 1 year
carpenters,10+ years
carpentor,1 year
carpet installer,4 years
carpet tech,5 years
carrier,10+ years
carrier assistant,1 year
carrier support,7 years
carson valley inn,3 years
carstin brands,2 years
carthage college,< 1 year
casa supervisor,1 year
cascade engineering,10+ years
case administrator,10+ years
case advocate,10+ years
case aide,2 years
case intake specialist,9 years
case manager,10+ years
case manager home health,10+ years
case manager i,7 years
case manager rn,9 years
case manager supervisor,7 years
case manager/rn,3 years
case managers,10+ years
case worker,10+ years
caseworker,10+ years
cash application analyst,2 years
cash office/asm,10+ years
cash receipts,2 years
cash recovery specialist,10+ years
cash vault custodian,10+ years
cashier,10+ years
cashiering manager,1 year
casino pit manager,7 years
casino table games,10+ years
casting associate,6 years
casting director,10+ years
casualty claims adjuster,2 years
cat scan technician,2 years
catalog connsignment coordinator,2 years
catastrophe adjuster,2 years
catastrophe claims adjuster,10+ years
catcher,2 years
category advisor,5 years
category leadership analyst,1 year
category management,< 1 year
category manager,4 years
category marketing manager,< 1 year
catering associate,5 years
catering cordinator,5 years
catering manager,< 1 year
catering manager & driver,6 years
catering sales manager,2 years
catering sales mgr,10+ years
catering specialist,1 year
catering supervisor,10+ years
catering/line cook,10+ years
cawthorn deskevich gavin pc,< 1 year
cbc machinist,10+ years
cbp agriculture specialist,10+ years
cbp officer,1 year
cbpo,10+ years
cbs corporation,< 1 year
cca,1 year
cco,10+ years
ccp collections specialist,< 1 year
cdl a  18 wheel driver,2 years
cdl class a driver,1 year
cdl delivery driver,< 1 year
cdl driver,2 years
cdl transportation,1 year
cdl truck driver,4 years
cedar county prosecuting attorney,1 year
cedarcrestone,2 years
celestica oregon llc,10+ years
cellular technology limited,5 years
cemex,9 years
center director,10+ years
center leader,10+ years
center manager,1 year
center of the plate/ protein specialist,2 years
center operations technician,3 years
center sales ageny,1 year
center store manager,10+ years
centinela hospital medical center,10+ years
centra health,7 years
central claims representative,< 1 year
central distribution aid tech ii,10+ years
central loan processing paralender,2 years
central office technician,10+ years
central region env manager,3 years
central regional hospital,10+ years
central service technician,10+ years
centralized imaging,6 years
centralized scheduler,10+ years
ceo,10+ years
ceo / owner,5 years
ceo/chairman,1 year
ceo/executive director,8 years
ceo/general manager,9 years
ceo/owner,10+ years
ceo/president,10+ years
ceo/property management,10+ years
cerner corporation,7 years
certification engineer,3 years
certified applicator,7 years
certified automotive technician,2 years
certified chemical operator,10+ years
certified coder/abstractor,7 years
certified dental assistant,10+ years
certified dialysis technician,3 years
certified industrial electrician,3 years
certified integration technician,6 years
certified manager,10+ years
certified medical assistant,10+ years
certified medical assitant,< 1 year
certified medical coder,10+ years
certified medical tech,10+ years
certified nurse aide,10+ years
certified nurse assistant,1 year
certified nurse asst,10+ years
certified nurse midwife,3 years
certified nurse-midwife,< 1 year
certified nurseing asssistant,10+ years
certified nurses assistant,9 years
certified nursing  assistant,2 years
certified nursing assistant,8 years
certified nursing assistant (cna),5 years
certified occupational therpy assistant,2 years
certified ophthalmic assistant,7 years
certified peer specialist,4 years
certified personal care assistant,< 1 year
certified personal coach,4 years
certified pharmacy tech,9 years
certified pharmacy technician,10+ years
certified registered sterile technician,10+ years
certified rehabilitation counselor,10+ years
certified salesman,4 years
certified structural technician,10+ years
certified teacher,3 years
certified veterinary technician,7 years
certify medical assistant,7 years
cet rx tech,10+ years
cfa,2 years
cfo,10+ years
cfo/coo,5 years
cgi,9 years
chain manufacturer,< 1 year
chair person,10+ years
chairman & coo,5 years
champion homes,9 years
channel manager,8 years
channel partners,5 years
"channel security engineer, north america",5 years
chaplain,5 years
chaplain asist.,10+ years
chaplin,2 years
charge entry specialist,5 years
charge nurse,10+ years
charge nurse for a team of nurses,10+ years
charge rn,10+ years
charged nurse,8 years
charlottesville city schools,4 years
charm sciences,10+ years
charter healthcare group,1 year
chassis cordinator,5 years
chassix,10+ years
chaueffer,8 years
chauffeur,9 years
check out clerk,2 years
checker,1 year
checker/clerk,10+ years
cheese department,5 years
cheese team leader,6 years
cheesemonger,< 1 year
chef,10+ years
chef concierge,4 years
chef de cusine,1 year
chef manager,10+ years
chemical compounder,2 years
chemical engineer,3 years
chemical engineer ii,3 years
"chemical engineer, project manager",8 years
chemical operator,1 year
chemical operator iii,10+ years
chemical process safety leader,4 years
chemist,10+ years
chesterfield pediatrics,< 1 year
chevron,5 years
chieef engineer,8 years
chief,10+ years
chief / e-7,10+ years
chief academic officer,2 years
chief accountant,5 years
chief administrative officer,10+ years
chief attorney,3 years
chief broadcast engineer,4 years
chief building engineer,< 1 year
chief clerk,10+ years
chief clinical chemist,2 years
chief compliance officer,10+ years
chief ct technologist,2 years
chief customer officer,2 years
chief deputy assessor,10+ years
chief development officer,3 years
chief electrician,10+ years
chief engineer,10+ years
chief estimator,9 years
chief financial officer,10+ years
chief financial officer & treasurer,1 year
chief fiscal administrative officer,2 years
chief healthcare officer,2 years
chief housing inspector/zoning officer,5 years
chief information officer,10+ years
chief inspector,10+ years
chief instructor,10+ years
chief legislative affairs g1,10+ years
chief lims engineer,10+ years
chief logistics officer,6 years
chief merchandising officer,2 years
chief nuclear technologist,10+ years
chief nurse executive & compliance offic,5 years
chief nursing officer,2 years
chief nursing officer/vp,10+ years
chief of logistics,10+ years
chief of operations,10+ years
chief of police,10+ years
chief of procurement,10+ years
chief of protocol,10+ years
chief of staff,10+ years
chief of staff/senior aide ii,4 years
chief of supply and distribution,6 years
chief of victim services,2 years
chief operating officer,1 year
chief operations officer,10+ years
chief operator,10+ years
chief petty officer,10+ years
chief pilot,7 years
chief policy advisor,6 years
chief policy unit,7 years
chief probation officer,< 1 year
chief psychologist,4 years
chief purchaser/estimator,< 1 year
chief strategy officer,10+ years
chief surveyer,2 years
chief technical officer,7 years
chief technologist,10+ years
chief technology officer,10+ years
"chief, terps",10+ years
chief-recreation services,10+ years
child care,10+ years
child care assiant,1 year
child care worker and teacher aide,10+ years
child development coordinator,10+ years
child protection investigator,10+ years
child protective investigator,< 1 year
child protective specialist 4,10+ years
child support enforcement officer,2 years
child support specialist,10+ years
child truck line,7 years
child welfare specialist iii,4 years
children's hospital,1 year
children's nutrtion coordinator,1 year
childs landscape,10+ years
chiller operator,10+ years
chino commercial bank,7 years
chiropractor,1 year
choice pools,8 years
chs health coordinator,10+ years
cinician,2 years
cio,10+ years
cip compliance specialist,4 years
circulation assistant,5 years
circulation manager,10+ years
ciso and vp of stategy,< 1 year
citi bank,5 years
citrus county school district,10+ years
city administrator,2 years
city carrier,10+ years
city carriers,9 years
"city clerk, clerk of council",10+ years
city driver,10+ years
city letter carrier,10+ years
city manager,10+ years
city of balcones heights fire dept.,10+ years
city of capitola,8 years
city of charlestown,10+ years
city of dallas,1 year
city of dallas police department,10+ years
city of delaware,10+ years
city of hutchinson,2 years
city of independence,10+ years
"city of los angeles, ladwp",10+ years
city of mesa,8 years
city of nashua new hampshire,10+ years
"city of nogales, arizona",4 years
city of placentia police department,10+ years
"city of richmond, virginia",10+ years
city of savannah,10+ years
city of youngstown police department,5 years
city utilities dept.,10+ years
civil,10+ years
civil affairs officer,10+ years
civil engineer,10+ years
civil engineer iii,9 years
civil process server,10+ years
civil servant,7 years
civil service - it specialist,5 years
civilian analyst gs13,6 years
"clagget & sons, inc.",10+ years
claim adjusted,4 years
claim adjuster,3 years
claim associate,< 1 year
claim auditor,10+ years
claim representative,10+ years
claim specialist,10+ years
claims,10+ years
claims adjuster,10+ years
claims adjuster intermediate,2 years
claims analyst,2 years
claims associate,6 years
claims business leader,10+ years
claims examiner,10+ years
claims expert,10+ years
claims manager,4 years
claims processing manager,10+ years
claims processor,10+ years
claims representative,2 years
claims rrepresentative ii,< 1 year
claims supervisor,10+ years
claims team manager,2 years
clancy's auto body,1 year
clarity medical systems inc,< 1 year
clark construction,6 years
clark davis associates,< 1 year
clark realty management,7 years
class a cdl driver,9 years
class a driver,10+ years
class a fitter welder,3 years
class a fuel transport driver,1 year
classic auto group,9 years
classified representative,< 1 year
classroom assistant,1 year
classroom teacher,10+ years
cleaire advanced emissions,7 years
clean room technician,10+ years
clean up team,1 year
cleaner,1 year
cleaner/ bus aide,10+ years
clerical,10+ years
clerical associate,4 years
"clerical support, patient access",2 years
clerical/administration,< 1 year
clerk,10+ years
clerk 3,10+ years
clerk typist,10+ years
clerk v data entry,10+ years
clicinal liaison,1 year
client account manager,10+ years
client adviser,9 years
client advisor bmw,2 years
client advocate,10+ years
client associate,10+ years
client care manager,7 years
client data supervisor,2 years
client director,2 years
client insights consultant,8 years
client manager,1 year
client mis manager,7 years
client operations manager,8 years
client recruitment specialist,1 year
client relations,5 years
client relations advocate,< 1 year
client relations manager,1 year
client relationship manager,5 years
client service,10+ years
client service executive,6 years
client service lead,< 1 year
client service manager,10+ years
client service professional,< 1 year
client service rep,10+ years
client service specialist ii,10+ years
client services,4 years
client services coordinator,10+ years
client services director,5 years
client services executive,3 years
client services executive administrator,7 years
client services manager,7 years
client services specialist,2 years
client solutions consultant,< 1 year
client specialist,1 year
client success manager,5 years
client support specialist,1 year
client tech specialist,10+ years
climber,2 years
clinic coordinator,2 years
clinic director,10+ years
clinic manager,1 year
clinic nurse,1 year
clinic nurse manager,2 years
clinic supervisor,6 years
clinica manager. rn,10+ years
clinical administrator/rn,10+ years
clinical analyst,6 years
clinical applications supervisor,10+ years
clinical care coordinator,10+ years
clinical chemist,5 years
clinical claims review nurse,3 years
clinical coordinator,10+ years
clinical data analyst,2 years
clinical data lead,10+ years
clinical data manager,7 years
clinical director,6 years
clinical director/therapist,4 years
clinical documentation specialist/rn,8 years
clinical educator,8 years
clinical educator registered nurse,6 years
clinical engineering manager,9 years
clinical health educator,10+ years
clinical informatics specialist,2 years
clinical iv registered nurse,10+ years
clinical lab assistant,10+ years
clinical lab scientist,10+ years
clinical laboratory assistant 2,2 years
clinical laboratory scientist,10+ years
clinical leader,10+ years
clinical learning coordinator,10+ years
clinical manager,10+ years
clinical manger,< 1 year
clinical nurse educator,< 1 year
clinical nurse manager,10+ years
clinical nurse specialist,10+ years
clinical operations manager,3 years
clinical outreach coordinator,< 1 year
clinical pharmacist,6 years
clinical practice manager,10+ years
clinical quality improvement advisor,< 1 year
clinical regustered nurse,4 years
clinical research coordinator,3 years
clinical resource director,10+ years
clinical scheduler,2 years
clinical scientist,10+ years
clinical services specialists,7 years
clinical site manager,4 years
clinical social worker,4 years
clinical studies director,10+ years
clinical study manager,< 1 year
clinical supervisor,4 years
clinical supervisor for substance use,< 1 year
clinical supervisor/lvn,5 years
clinical team assistan,1 year
clinical therapist,1 year
clinical unit manager,5 years
clinical utilization review specialist,7 years
clinician,10+ years
clms process iii,10+ years
closer,10+ years
closing coordinator,10+ years
closing director,10+ years
closing manager,2 years
closing paralegal,1 year
closing specialist,7 years
closing technician,4 years
cloud advisor,5 years
cloud engineer,< 1 year
cloud solution architect,2 years
cloud solutions executive,< 1 year
cloud systems architect,< 1 year
cls,7 years
club manager,10+ years
cm lead,3 years
cma,10+ years
cmo,2 years
cmt,8 years
cmt/crma,10+ years
cmv driver,5 years
cna,10+ years
cna /central supply,10+ years
cna homehealth care,9 years
cna ii,2 years
cna tech,10+ years
cna/hha,3 years
cnc  programmer operator,10+ years
cnc lead machinist,3 years
cnc machinest,4 years
cnc machininst,< 1 year
cnc machinist,6 years
cnc maintenance,10+ years
cnc manager,9 years
cnc mill machinist,5 years
cnc operation and quality control,10+ years
cnc operator,2 years
cnc supervisor,10+ years
cnc technician,10+ years
cnusd,9 years
co manager,1 year
co owner,3 years
co-director,7 years
co-founder,1 year
co-manager,< 1 year
co-managwr,5 years
co-owner,1 year
co-worker/finance manager,10+ years
coach,10+ years
coach driver,10+ years
coach operator,10+ years
coach/teacher,2 years
coach/trainer,6 years
coal miner,< 1 year
coastal association management,10+ years
coc coordinator,10+ years
cocktail waitress,5 years
coconut creek casino,2 years
coctail server,6 years
code enforcement,10+ years
coder,10+ years
coder 3,2 years
coder ii,2 years
coder physician,2 years
coding assistant,10+ years
coding specialist ii,4 years
coffee  repair tec,10+ years
coffee distributing corp,8 years
cognitive trainer,< 1 year
coin presser,10+ years
coin vault clerk,3 years
coldfusion developer,< 1 year
cole schotz meisel forman & leonard,4 years
collaboration solution architect,2 years
collaboration tech services specialist,2 years
collateral underwriter,5 years
collection  manager,9 years
collection manager,2 years
collection specialist,1 year
collection specialist 2,10+ years
collections,10+ years
collections analyst,4 years
collections assistant manager,10+ years
collections officer,9 years
collections supervisor,10+ years
collections tech,10+ years
collector,10+ years
collector's assistant,3 years
college and career coordinator,2 years
college instructor,< 1 year
college professor,3 years
"collins building services, inc",6 years
collision tech,10+ years
color assistant,< 1 year
color manager,10+ years
colorado community college system,6 years
colorado mosquito control,10+ years
columbia colstor,10+ years
columbia distributing,6 years
columbia university medical center,10+ years
com center support specialist,10+ years
combo pipe welder,< 1 year
comercial manager,2 years
comm . truck driver,6 years
comm loan administrator iii,3 years
command master chief,10+ years
command security,2 years
command sergeant major,10+ years
commander,10+ years
commercial account executive,1 year
commercial account manager,1 year
commercial account representative,3 years
commercial auto transport,10+ years
commercial banker,10+ years
commercial credit  rep,10+ years
commercial credit officer,4 years
commercial credit risk underwriter,2 years
commercial dept. manager,10+ years
commercial diver,2 years
commercial driver,10+ years
commercial front-end driver,1 year
commercial insurance advisor,1 year
commercial insurance broker,8 years
commercial lender,3 years
commercial lines account manager,10+ years
commercial loan officer,10+ years
commercial manager,10+ years
commercial parts pro,2 years
commercial parts specialist,10+ years
commercial real estate,6 years
commercial roofing manager,10+ years
commercial route tech,9 years
commercial sales,1 year
commercial sales manager,4 years
commercial service technician,7 years
commercial tire technition,5 years
commercial truck driver,2 years
commercial underwriter,10+ years
commerical lender,10+ years
comminucations specialist,8 years
commissioner oh highway department,10+ years
commissioning specialist,10+ years
committee of interns and residents,1 year
commodity management,1 year
commodity manager,10+ years
common area attendant,4 years
commonwealth financial network,5 years
communication manager,3 years
communication operator 2,10+ years
communication specialist,< 1 year
communication supervisor,10+ years
communication technician,10+ years
communications,10+ years
communications assistant,< 1 year
communications coordinator,1 year
communications director,10+ years
communications engineer,< 1 year
communications manager,10+ years
communications specialist,1 year
communications supervisor,10+ years
communications technician,10+ years
communicator iii,9 years
community affairs,4 years
community director,2 years
community engagement leader,3 years
community engagement specialist,2 years
community health/public health rn,10+ years
community liaison,4 years
community manager,1 year
community mortgage corp,4 years
community service officer,2 years
community worker,5 years
company driver,5 years
company lead esthetician and educator,1 year
company operations,10+ years
compensation manger,1 year
compensation specialist,10+ years
complex care manager,< 1 year
complex fee processing associate,4 years
compliance,10+ years
compliance accountant,10+ years
compliance analyst,3 years
compliance and recovery coordinator,3 years
compliance assistant,4 years
compliance auditor,2 years
compliance consultant,10+ years
compliance foreman,7 years
compliance manager,2 years
compliance officer,10+ years
compliance review specialist,5 years
compliance specialist,10+ years
compliance specialist ii,6 years
component design engineer,10+ years
compression operator,3 years
compressor mechanic,3 years
comptroller,10+ years
computer analyst sr.,10+ years
computer consultant,2 years
computer engineer,10+ years
computer engner,4 years
computer field engineer,10+ years
computer operations supervisor,10+ years
computer operator,10+ years
computer operator 4,2 years
computer programmer,10+ years
computer programmer ii,10+ years
computer specialist,10+ years
computer support analyst,3 years
computer systems,10+ years
computer tech,10+ years
computer techician,10+ years
computer technican,< 1 year
computer technician,10+ years
computer technician geek squad,< 1 year
conceirge,1 year
conceptual artist,1 year
concierge,10+ years
concierge travel consultant,10+ years
concrete finisher,10+ years
concrete polisher,2 years
concrete safety manager,9 years
conductor,10+ years
confidential secretary to judge,6 years
configuration management,8 years
configuration management analyst,1 year
configuration specialist,10+ years
confirmation specialist,8 years
conflicts analyst,1 year
congregation kol ami,10+ years
connoisseur media,1 year
conservation planning and training coor.,3 years
consolidator,2 years
constituent services representative,9 years
construction,10+ years
construction consultant,4 years
construction coordinator,5 years
construction inspector,2 years
construction laborer,10+ years
construction laborer and truck driver,10+ years
construction manager,2 years
construction official,10+ years
construction project manager,3 years
construction representative,10+ years
construction site superintendent,10+ years
construction superintendant,< 1 year
construction superintendent,10+ years
construction supervisor,10+ years
construction worker,< 1 year
construction/maintenance mgr,2 years
construction/repair specialist,4 years
constrution manager,10+ years
consultant,10+ years
consultant rep,8 years
consulting,10+ years
consulting associate,3 years
consulting engineer,8 years
consulting manager,2 years
consulting partner,2 years
consulting rn,8 years
consumer accounting supervisor,3 years
consumer advocate ii,10+ years
consumer analyst,4 years
consumer consultant,6 years
consumer development manager,4 years
consumer insights analyst,< 1 year
consumer relations rep,1 year
consumer safety inspector,10+ years
contact representative,1 year
content associate,3 years
content coordinator,2 years
content strategist,4 years
content writer,3 years
contingent worker,5 years
continual improvement manager,2 years
contra costa county,8 years
contract admin specialist,10+ years
contract administrator,10+ years
contract administrator (for verizon),< 1 year
contract attorney,< 1 year
contract auditor,4 years
contract cleaning work,5 years
contract compliance manager,7 years
contract compliance officer,3 years
contract consultant,< 1 year
contract engineer,3 years
contract manager,10+ years
contract negotiator,3 years
contract oversight specialist,10+ years
contract processor,6 years
contract research analyst,10+ years
contract sales manager,2 years
contract specialist,10+ years
contract us marshal detention officer,10+ years
contracting analyst,10+ years
contracting officer,10+ years
contracting specialist,10+ years
contractor,< 1 year
contractor sales,10+ years
contracts admin 3,1 year
contracts attorney,2 years
contracts manager,10+ years
contracts specialist,10+ years
control room operator,10+ years
controler,10+ years
controller,10+ years
controls engineer,3 years
controls technician,4 years
conventions director,4 years
conversion specialist,10+ years
coo,10+ years
coo and cfo,2 years
coo and general counsel,2 years
cook,10+ years
cook helper,10+ years
cook i,2 years
cook ii,4 years
cook/da,5 years
cook/domestic engineer,4 years
cool,4 years
coord customer care,2 years
coord mang,8 years
coordinating manager,10+ years
coordinator,10+ years
coordinator administrator,5 years
coordinator billing,5 years
coordinator ii,7 years
coordinator of betac,10+ years
coordinator of ministries,10+ years
copier technician,3 years
copy and print supervisor,3 years
cordinator,4 years
corp director of retail,10+ years
corporal,10+ years
corporate accounts manager,2 years
corporate assistant manager trainer,3 years
corporate chef,10+ years
corporate circulation director,1 year
corporate claim manager,2 years
corporate collections admin specialist,< 1 year
corporate concierge,2 years
corporate director of sales,< 1 year
corporate ehs manager,8 years
corporate engineer,10+ years
corporate finance,9 years
corporate fraud analyst,3 years
corporate housing rep,4 years
corporate hr director,1 year
corporate manager,6 years
corporate marketing director,10+ years
corporate metallurgist,2 years
corporate office manager,10+ years
corporate qa manager,10+ years
corporate recruiter,4 years
corporate representative,1 year
corporate security,10+ years
corporate service manager,2 years
corporate services,10+ years
corporate task force general manager,2 years
corporate travel agent,10+ years
corporate underwriting manager,4 years
corpsman,7 years
correction officer,10+ years
correctional  officer,10+ years
correctional captain,10+ years
correctional counselor,10+ years
correctional health nurse i,7 years
correctional industries shop foreman,10+ years
correctional lieutenant,10+ years
correctional officer,10+ years
correctional officer i,5 years
correctional officer iii,2 years
correctional sergeant,10+ years
correctional supervisor,3 years
corrections,10+ years
corrections agent,10+ years
corrections control operator,5 years
corrections deputy,7 years
corrections officer,10+ years
corrections sergeant,3 years
corrections shift supervisor-1,10+ years
corrections/rescue,10+ years
correspondence & information specialist,3 years
correspondence clerk,3 years
correspondence specialist,8 years
corrosion monitoring supervisor,4 years
corrosion specialist,10+ years
corrpro,7 years
corvette mechanic,10+ years
cosco fire protection,7 years
cosmetic essence innovation,< 1 year
cosmetologist,5 years
cosmotologist,10+ years
cost accountant,1 year
cost analyst,5 years
cost estimator/field supervisor,10+ years
cost estimator/planner,9 years
costco,5 years
costume coordinator,1 year
costumer relations,2 years
costumer service,< 1 year
costumer service rep,10+ years
cota,10+ years
cota/l,3 years
counsel,10+ years
counseling psychologist,8 years
counselor,10+ years
counselor a,10+ years
counselor iv,10+ years
counselor/ program manager,7 years
counter attendant,2 years
counter manager,1 year
counter sales mangr,10+ years
country support manager,3 years
countryside therapy group,< 1 year
county maintenance/city cso officer,6 years
county nurse manager,10+ years
couny executive director,10+ years
courier,10+ years
courier/driver,6 years
courrer,10+ years
court clerk,10+ years
court executive 2b,10+ years
court house deputy,3 years
court manager,10+ years
court officer,7 years
court reporter,10+ years
court reportert,10+ years
court security officer,10+ years
court service officer,1 year
court services officer ii,10+ years
court services supervisor 2,10+ years
court social worker,3 years
court visitor,10+ years
courtesy,9 years
courtesy bus driver,10+ years
courtesy clerk,1 year
courtroom deputy,10+ years
courtroom recorder operator,10+ years
cousin corporation of america,3 years
covidien,7 years
cpa,2 years
cpa / manager,10+ years
cpa tax,10+ years
cpo,8 years
cpt1,6 years
cq analyst,10+ years
cra ii,2 years
cracker barrel old country store,6 years
craft service professional,2 years
crane,7 years
crane operator,10+ years
crane operator/forman,10+ years
crane opperator,10+ years
crane supervisor,10+ years
creative,2 years
creative director,2 years
creative manager,10+ years
creative pro,8 years
creative services lead,7 years
credit account & collections supervisor,8 years
credit admin. officer,10+ years
credit analyst,4 years
credit bureau specialist,7 years
credit manager,10+ years
credit officer,< 1 year
credit rep,10+ years
credit review specialist,4 years
credit risk officer,10+ years
credit services rep i,10+ years
credit specialist,10+ years
credit trx analyst,2 years
creek nation community hospital,6 years
creel printing,7 years
crescent center drugs,10+ years
crestwood,5 years
crew chief,10+ years
crew dispatcher,10+ years
crew lead sanitation,6 years
crew leader,10+ years
crew leader tech,2 years
crew leading,10+ years
crew member,3 years
crew supervisor,10+ years
crew worker,10+ years
crewing coordinator/packer,10+ years
crib supervisor,3 years
crime prevention coordinator,10+ years
criminal investigator,6 years
criminal typist,10+ years
crisis assessment specialist,10+ years
crisis clinician,5 years
crisis counselor,10+ years
crisis therapist,8 years
critical care paramedic,3 years
crm administrator,3 years
crna,10+ years
cross coverage rep,3 years
cross-country truck driver,2 years
crossing guard,10+ years
crosslink,6 years
crouse hospital,10+ years
crystal automall,4 years
csa,10+ years
csc lead,10+ years
cscs,10+ years
csfo/business manager,10+ years
csi,10+ years
csl,10+ years
csm,< 1 year
csm support anayst,10+ years
cso iv,8 years
csr,10+ years
csr 2,1 year
csr 3,4 years
csr closing supervisor,2 years
csr2,< 1 year
csri,3 years
css,4 years
css2,5 years
csso 1,9 years
cssr,10+ years
cst,3 years
csx gec public projects assistant,9 years
csx transportation,10+ years
ct agricultural experiment station,5 years
ct tech,10+ years
ct technologist,10+ years
cta i,< 1 year
cte director/asst. principal,10+ years
cto,10+ years
cuba travel services,1 year
culinary,1 year
culinary manager,1 year
culinary trainee,7 years
cultural liaison,3 years
curing and aging,3 years
currency processor assistant,6 years
curriculum compliance teacher,10+ years
curriculum consultant,< 1 year
curriculum development manager,10+ years
curriculum specialist,2 years
curtis mallet-prevost,5 years
cust service advacate,10+ years
cust.service rep,10+ years
custodia,< 1 year
custodial engineer,10+ years
custodial foreman,7 years
custodial maintenance,4 years
custodial supervisor,10+ years
custodial worker,10+ years
custodian,10+ years
custodian 1,3 years
custodian 2,10+ years
custodian 3,2 years
custodian ii,1 year
custodian/it,7 years
custodion,10+ years
custody assistant,7 years
custom applicator,< 1 year
custom mold designer,4 years
custom patrol officer/supervisor,< 1 year
custom protection officer,10+ years
custom solution specialist,1 year
customee service rep,2 years
customer & materials mananger,10+ years
customer account executive,7 years
customer advisor,3 years
customer advocate,10+ years
customer assistance representative,3 years
customer assitance specalist,2 years
customer care,5 years
customer care rep,9 years
customer care representative,10+ years
customer care specialist,< 1 year
customer data analyst,3 years
customer data technician,10+ years
customer engineer,2 years
customer experience,2 years
customer experience and retail integrati,< 1 year
customer experience manager,10+ years
customer liaison,2 years
customer master coordinator,10+ years
customer relations,1 year
customer relations manager,1 year
customer relations specialist,3 years
customer relationship manager,1 year
customer resolution manager,10+ years
customer sales rep,5 years
customer satisfaction,< 1 year
customer segmentation analyst,1 year
customer service,10+ years
customer service advisor,< 1 year
customer service advocate,4 years
customer service agent,10+ years
customer service analyst,3 years
customer service and sales,2 years
customer service associate i,1 year
customer service consultant,< 1 year
customer service engineer,3 years
customer service iii,3 years
customer service manager,10+ years
customer service professional,5 years
customer service rep,10+ years
customer service rep 2,< 1 year
customer service rep i,1 year
customer service representative,2 years
customer service specialist,10+ years
customer service sr associate,1 year
customer service supervisor,10+ years
customer service support,10+ years
customer service supprt,8 years
customer service tech,7 years
customer service tech 2,1 year
customer service tech ii,2 years
customer service trainer,4 years
customer service/bookkeeper,10+ years
customer servive,< 1 year
customer setvice manager,5 years
customer solutions,10+ years
customer solutions agent,2 years
customer specialist,10+ years
customer success advisor,3 years
customer success manager,< 1 year
customer success specialist,< 1 year
customer support,< 1 year
customer support analyst,10+ years
customer support associate,< 1 year
customer support manager,10+ years
customer support specialist,5 years
customer tailor,3 years
customer technical support,1 year
customs and border protection officer,10+ years
customs officer,8 years
cutter,1 year
cutter/ receiver,10+ years
cutting attendant,2 years
cvs pharmacy,7 years
cw5,10+ years
cyber security engineer,< 1 year
cyber security specialist,1 year
cybersecurity,2 years
cybersecurity engineer,10+ years
cybersecurity operations manager,5 years
cybersecurity oversite and controls,10+ years
cybersecurity specialist,1 year
cycle count lead,7 years
cycle counter,5 years
cys services coordinator,8 years
cytotechnologist,10+ years
d & f industries inc.,10+ years
da manager of law offices,10+ years
dade paper co,10+ years
dairy mgr,4 years
"dallas oil service, inc.",10+ years
dance instructor/admin,3 years
dancer,7 years
data admin,5 years
data analyst,2 years
data analyst tech iii,4 years
data base administrator,10+ years
data center operations manager,2 years
data center technician lead,3 years
data collection specialist,6 years
data communications specialist,10+ years
data conversion specialist,6 years
data coordinator,10+ years
data engineer,3 years
data entry,10+ years
data entry clerk,10+ years
data entry clerk iii,< 1 year
data entry operator,10+ years
data entry specialist,5 years
data foresic analyst,2 years
data governance manager,3 years
data management supervisor,3 years
data processing manager,10+ years
data processing manager i,10+ years
data processor,10+ years
data quality auditing manager,2 years
data reconciliation associate,1 year
data recovery technician,2 years
data room,10+ years
data security trainer,< 1 year
data systems coordinator,< 1 year
data technician,5 years
database administration advisor,2 years
database administrative,8 years
database administrator,10+ years
database admionistrator,7 years
database design engineer,6 years
database developer,< 1 year
database services specialist,2 years
database supervisor,10+ years
database team lead,2 years
datacenter operations technician,2 years
david bohnett foundation,10+ years
davidson funeral home,10+ years
davita,2 years
day habilitation manager,6 years
day porter,1 year
day support specialist,4 years
daycare provider,1 year
db custom,3 years
dba 5,4 years
dbl limited,6 years
dbu construction,6 years
dd budget manager,10+ years
deactivations specialist,3 years
dealer,10+ years
dealer assistance coordinator,10+ years
dealer portfolio manager,< 1 year
dealer registration manager,10+ years
dean,10+ years
dean of academic affairs,5 years
dean of enrollment,2 years
dean of students,10+ years
death investigator,10+ years
debit returns assoc.,10+ years
debt collector,5 years
deburrer,10+ years
dec materials associate,10+ years
deckhand,4 years
decorating material associate,10+ years
dectection investigative assoc,< 1 year
deeder/closing officer,4 years
default counseling supervisor,6 years
default servicng specialist,2 years
default specialist ii,8 years
defender direct,10+ years
defense contractor,10+ years
defense finance and accounting services,4 years
dehydration operator,10+ years
del monte foods,10+ years
deli,10+ years
deli clerk,1 year
deli manager,10+ years
deli sales associate,2 years
deli/seafood manager,10+ years
delivert driver,6 years
delivery,1 year
delivery coordinator,5 years
delivery director,10+ years
delivery driver,10+ years
delivery driver  support team,< 1 year
delivery expert,3 years
delivery guy,3 years
delivery man,4 years
delivery professional,1 year
delivery specialist,2 years
delivery support,< 1 year
delivery support specialist,10+ years
deliverykey stone automotive inc.,5 years
deluxe media services,9 years
demand analyst,10+ years
demand planning manager,10+ years
demo clerk,3 years
dennis shipping,6 years
dental  assistant,10+ years
dental asistant,8 years
dental assiant,2 years
dental assist,5 years
dental assistance,4 years
dental assistant,10+ years
dental asst,10+ years
dental asst.,10+ years
dental biller,10+ years
dental ceramic,5 years
dental hygenist,10+ years
dental hygiene instructor,6 years
dental hygienist,10+ years
dental lab technician,< 1 year
dental mangager,9 years
dental office,4 years
dental receptionist,< 1 year
dental scheduler,7 years
dental tech,10+ years
dental technician,10+ years
dentist,2 years
dentist-owner,10+ years
dep dir compliance,5 years
department assistant,10+ years
department chair,3 years
department head,10+ years
department head circulation,10+ years
department manager,10+ years
department manager - transportation,2 years
department manger,9 years
department oead,10+ years
department of corrections,10+ years
department of defense,10+ years
department of justice,10+ years
department of the board of education,10+ years
department of the navy,10+ years
department of veterans affairs,7 years
departmental personnel officer,8 years
deployment specialist,8 years
deportation officer,10+ years
deposit operations,6 years
deposit operations project coordinator,2 years
deposit risk specialist,3 years
"dept chair, professional tennis mgmt",10+ years
dept head of receiving & shipping,10+ years
dept manager,10+ years
dept mgr,10+ years
dept mgr admin,10+ years
dept of defense,10+ years
dept of homeland security uscis,8 years
dept of state,7 years
dept secretary,10+ years
dept. clerk,10+ years
dept. manager,4 years
dept. mgr.,10+ years
dept. of labor and workforce development,9 years
dept. of transportation,7 years
dept. sheriff,7 years
dept. supervisor,8 years
deputy,10+ years
deputy assistant director,4 years
deputy chief clerk,10+ years
deputy chief of police,10+ years
deputy cio,10+ years
deputy city clerk,10+ years
deputy clerk,10+ years
deputy commissioner,3 years
deputy corrections,10+ years
deputy director,10+ years
deputy director of provider services,5 years
"deputy director, hr",4 years
deputy finance director,10+ years
deputy general counsel,5 years
deputy legal director,< 1 year
deputy marshal,5 years
deputy police chief,10+ years
deputy probation officer,5 years
deputy sheriff,10+ years
deputy sheriff cadet,< 1 year
deputy sheriff corrections,3 years
deputy sherrif,10+ years
deputy warden,10+ years
derringer & mcglone dental care,5 years
desert research institute,10+ years
design center manager,10+ years
design consultant,< 1 year
design coord,4 years
design engineer,10+ years
design technologist,< 1 year
designer,1 year
designer 2,< 1 year
designer/animator,< 1 year
designer/detailer,7 years
desk clerk,2 years
deskside support technician,1 year
desktop special deliver,6 years
desktop support manager,10+ years
desktop technician,5 years
detailer,10+ years
detective,10+ years
detective bureau,9 years
detective sergeant first class,10+ years
detective sgt,10+ years
detention officer,7 years
detention officer trainee,< 1 year
detention services manager,10+ years
detentions,10+ years
determination support,2 years
dev team manager,2 years
developer,2 years
development coordinator,4 years
development director,4 years
development fund manager,10+ years
development manager,2 years
development manager/architect,10+ years
development technician,10+ years
developmental disabilities aid,10+ years
devine intermodal,10+ years
devops engineer,3 years
dg3 north america,6 years
dhs program coordinator,10+ years
diagnostic mechanic,10+ years
diagnostic tech,10+ years
diagnostic technician,10+ years
diagnostic ultrasonographer,10+ years
dialysis tech,3 years
dialysis technican,< 1 year
dick's sporting goods,3 years
die maker,5 years
die repair,1 year
die repair supervisor,6 years
die setter,10+ years
diemaker,10+ years
diesel mechanic,3 years
diesel tech,10+ years
diesel technician,10+ years
diesel technician 3,4 years
dieset utility team member,10+ years
diet aide,7 years
dietadry aide,10+ years
dietary food service,10+ years
dietary manager,2 years
dietary staff,3 years
dietitian,10+ years
digital analyst,4 years
digital audience specialist ii,10+ years
digital comms,< 1 year
digital consumer manager,8 years
digital content strategist,1 year
digital creative manager,10+ years
digital director,1 year
digital imaging,8 years
digital imaging senior supervisor,7 years
digital marketing,2 years
digital marketing coordinator,2 years
digital marketing manager,1 year
digital production associate,1 year
digital sales manager,4 years
digital sales specialist,1 year
digital service manager,2 years
digital strategist,3 years
dining director,< 1 year
dining room supervisor,10+ years
dipatch coordinator,1 year
dir administrative technology,10+ years
dir hris/comp,10+ years
dir of credit,10+ years
dir of engineering,10+ years
dir of marketing,< 1 year
dir training,10+ years
dir. of clinical documentation integrity,10+ years
dir. of data and assessment,3 years
direct care,6 years
direct care staff,10+ years
direct staff,< 1 year
direct support,10+ years
direct support assistant,9 years
direct support personal,1 year
direct support profesional,1 year
direct support professional,9 years
direct support proffesional,10+ years
direct support provider,< 1 year
direct support staff,2 years
direction driller,7 years
director,10+ years
director - district manager,10+ years
director - finance,4 years
director and owner,10+ years
director audio/visual,3 years
director budget & finance,10+ years
director business development,3 years
director business development sf bay are,< 1 year
director commercial operations,10+ years
director corporate library,1 year
director development,8 years
director dietary services,4 years
director digital services,1 year
director emergency services,< 1 year
director facilities & materials mgmt,10+ years
director financial aid,4 years
director foodservice,10+ years
director global marketing,10+ years
director government sales & operations,2 years
director human resources,3 years
director information services,< 1 year
director internal audit,3 years
director is salea,8 years
director lab operations,4 years
director labor strategy alignment & gove,9 years
director lwcd,10+ years
director marketing,5 years
director maternal child health,10+ years
director medication management,5 years
director network operations,< 1 year
director o,2 years
director od training,2 years
director of,< 1 year
director of accounting,10+ years
director of accounting special projects,3 years
director of acquisitions,9 years
director of administration,5 years
director of admissions,10+ years
director of advancement,< 1 year
director of analytical development,5 years
director of annual giving,8 years
director of applications & analytics,4 years
director of ar-hr-payroll-benefits,10+ years
director of architecture,10+ years
director of audience development,10+ years
director of automation development,5 years
director of before and aftercare program,3 years
director of benefits,10+ years
director of bereavement services,3 years
director of business development,2 years
director of business office,3 years
director of business operations,2 years
director of business process management,5 years
director of business services,10+ years
director of cadiorvascular,1 year
director of campus transformation,2 years
director of career services,7 years
director of case management,4 years
director of catering,10+ years
director of client services,9 years
director of clinical services,2 years
director of coaching,1 year
director of coatings and automation,< 1 year
director of college counseling,5 years
director of communications,< 1 year
director of compensation,< 1 year
director of construction,7 years
director of corporate development,7 years
director of creative services,10+ years
director of crisis,4 years
director of critical care,10+ years
director of curriculum,2 years
director of customer service,10+ years
director of customer service & training,< 1 year
director of design & creative,1 year
director of design & fabrication,10+ years
director of development,4 years
director of development and corporate re,3 years
director of digital marketing,1 year
director of dining services,5 years
director of ecommerce,1 year
director of economic development,1 year
director of education,3 years
"director of elas, assessment and data",2 years
director of elections,10+ years
director of engineering,1 year
director of events,2 years
director of events and travel management,8 years
director of family reimbursement,9 years
director of field management,10+ years
director of finance,1 year
director of finance & operations,1 year
director of finance and operations,5 years
director of financial aid,1 year
director of fire operations,9 years
director of fiscal services,4 years
director of fnw,10+ years
director of food and nutrition services,10+ years
director of food service,< 1 year
director of food services,5 years
director of global referrals-relocation,10+ years
director of global sales,10+ years
director of guest services,< 1 year
director of health systems,< 1 year
director of healthcare services,10+ years
director of housekeeping,10+ years
director of hr,1 year
director of hr - athletics,10+ years
director of human resources,7 years
director of i.t.,1 year
director of information technology,4 years
director of inside sales,1 year
director of insurance,2 years
director of internal audit,10+ years
director of international admissions,7 years
director of internet technology,10+ years
director of it,10+ years
director of it - cso,10+ years
director of it - infosec,9 years
director of learning,3 years
director of legislative and legal affair,2 years
director of lender relations,4 years
director of logistics,< 1 year
director of maintenance,10+ years
director of manufacturing,10+ years
director of manufacturing engineering,< 1 year
director of marketing,7 years
director of marketing communications,4 years
director of meaningful day,7 years
director of membership & marketing,1 year
director of ministries,10+ years
director of monitoring,2 years
director of mortgage compliance,< 1 year
director of music,1 year
director of new business,10+ years
director of nursing,1 year
director of nutritional services,10+ years
director of online learning,4 years
director of operation,10+ years
director of operations,10+ years
director of operations & organizing,7 years
"director of operations, vsm",1 year
director of outlets,2 years
director of patient care services,6 years
director of pharmacy,2 years
director of physician contracting,2 years
director of planning,4 years
director of planning & control,10+ years
director of plant operations,5 years
"director of player personnel, football",< 1 year
director of pr,3 years
director of practice management,3 years
director of procurement,4 years
director of production,< 1 year
director of professional practice & educ,1 year
director of project management,7 years
director of public relations,7 years
director of public work,4 years
director of public works,10+ years
director of publishing,6 years
director of quality,1 year
director of quality assurance,10+ years
director of racquets,3 years
director of railroad engineering,10+ years
director of recruiting,10+ years
director of regional operations,10+ years
director of rehab services,1 year
director of retail,3 years
director of revenue cycle,3 years
director of safety and hr,10+ years
director of sales,10+ years
director of sales & marketing,< 1 year
director of sales and marketing,4 years
"director of sales, pharmaceuticals",2 years
director of security,10+ years
director of slot operations,2 years
director of social services,3 years
director of social work,10+ years
director of software engineering,3 years
director of special education,2 years
director of sports and entermain of mexi,10+ years
director of staffing,10+ years
director of stop loss services,10+ years
director of store operations,10+ years
director of store planning,3 years
director of strategic account,3 years
director of strategy,2 years
director of student finance,5 years
director of student ministries,1 year
director of student services,10+ years
director of supply chain,5 years
director of surgery,7 years
director of surgical technology,8 years
director of systems engineering,1 year
director of table games,2 years
director of talent,1 year
director of talent acquisition,10+ years
director of technical services,10+ years
director of technology,3 years
director of the anatomy laboratory,10+ years
director of title one,2 years
director of training,7 years
director of transportations,10+ years
director of transportion,10+ years
director of utilities,6 years
director of ux,2 years
"director of yoga, somatics and therapeut",6 years
director operations,10+ years
director panel operations,2 years
director perinatal services,10+ years
director research operations,2 years
director risk management,6 years
director total quality mgmt,3 years
"director, alumni relations",< 1 year
"director, business development",< 1 year
"director, clinical informatics",4 years
"director, commercial lines marketing",4 years
"director, comsulting",9 years
"director, dean's office",10+ years
"director, digital marketing",3 years
"director, digital strategy, ocde",2 years
"director, engagements",3 years
"director, enterprise applications",4 years
"director, finance",3 years
"director, finance & administration",8 years
"director, financial information systems",4 years
"director, general accounting",10+ years
"director, global it enterprise architect",10+ years
"director, global strategy",10+ years
"director, global support operations",1 year
"director, government cost compliance",10+ years
"director, group billing",10+ years
"director, human resources",1 year
"director, infrastructure engineering",9 years
"director, marketing",1 year
"director, military mrketing & sales",3 years
"director, multiple listing service",10+ years
"director, northern command center",3 years
"director, oda program administrator",7 years
"director, online marketing services",2 years
"director, pricing analysis",10+ years
"director, professional services",5 years
"director, proj mgmt and qa",9 years
"director, radio systems",6 years
"director, renewal communications",7 years
"director, sales",< 1 year
"director, sales & marketing",5 years
"director, senior audit manager",3 years
"director, senior business program manage",10+ years
"director, supply chain management",10+ years
"director, systems development",9 years
"director, talent management",< 1 year
"director, treasury operations",10+ years
"director, volunteer services",10+ years
director-owner,6 years
director/partner,8 years
director/plant manager,1 year
directorcompliance,< 1 year
directorof nationl account,9 years
"directors, sales & business development",1 year
dirt foreman,8 years
disabilities consultant,3 years
disability claims examiner,10+ years
disability examiner,10+ years
disc jockey,< 1 year
disclosures,1 year
dish network llc,3 years
dish tv installer,2 years
"dish, l.l.c.",7 years
disneyland,10+ years
dispacher,10+ years
dispatch,3 years
dispatch / manager,3 years
dispatch call taker,10+ years
dispatch manager,1 year
dispatch operations director,10+ years
dispatch supervisor,10+ years
"dispatch, trainer",10+ years
dispatcher,10+ years
dispatcher / office assistant,3 years
dispatcher/driver,10+ years
dispatcher/supervisor,10+ years
dispatching analyst,10+ years
dispensing technician,< 1 year
dispute resolution coordinator,10+ years
distributer,1 year
distribution,10+ years
distribution & fulfillment clerk,8 years
distribution channel manager,3 years
distribution group leader,9 years
distribution handler,10+ years
distribution manager,3 years
distribution operator,10+ years
distribution system op,10+ years
distribution warehouse supervisor,10+ years
distributions,< 1 year
distric manager,7 years
district administrator,2 years
district conservationist,10+ years
district equipment manager,10+ years
district general manager,3 years
district hr manager,10+ years
district installation manager,10+ years
district manager,10+ years
district managet,1 year
district sales consultant,9 years
district sales coordinator,7 years
district sales manager,10+ years
district sales representitive,10+ years
"district service manager ny,nj,ct",6 years
district supervisor,10+ years
distrtict sales manager,10+ years
dive travel marketing,3 years
diver/tender,< 1 year
diversifield printers inc.,10+ years
diversity manager,10+ years
diversity program manager,10+ years
division administrator,10+ years
division controller,2 years
division director,3 years
division director of case management,8 years
division manager,10+ years
division sales director,10+ years
division secretary,10+ years
divisional manager,8 years
divisional operations manager,< 1 year
"dixon engineering, inc.",10+ years
dm,6 years
dmv  specialist,10+ years
dna-people's legal services,4 years
dnp,3 years
dock,7 years
dock manager,8 years
dock supervisor,10+ years
dock worker,1 year
dock worker/truck driver,10+ years
dockworker,7 years
doctor,2 years
doctor of chiropractic,10+ years
document adminstrator,< 1 year
document management analyst,2 years
document processor,5 years
document specialist,2 years
document support technician,10+ years
documentation lead,4 years
documentation specialist i,7 years
dod contractor,2 years
dod recruitment manager,1 year
dodd technologies,9 years
dog groomer,10+ years
dog groomer/trainer,7 years
dollar thrifty automotive group inc,< 1 year
domestic sales,1 year
dominion enterprises,3 years
dominion virginia power,10+ years
don,8 years
door attendant,5 years
door man,10+ years
doorman,10+ years
doorman porter,10+ years
doorman/porter,10+ years
dot compliance officer,6 years
double pallet jack,< 1 year
dough prepper,5 years
dp construction,10+ years
dp manager,10+ years
dps officer ii,4 years
dr jacqueline heller,< 1 year
dr pepper snapple,1 year
dr pepper snapple group,3 years
draft tech,6 years
drafter,10+ years
drafter/designer/engineering tech,8 years
drafter/owner,3 years
drafting manager,7 years
drafting/project manager,10+ years
draftsman,8 years
drever,< 1 year
drill operator,6 years
driller,10+ years
driller oil field,7 years
driller's helper,< 1 year
driller/supervisor,10+ years
drive,10+ years
driver,10+ years
driver / supervisor,5 years
driver and forman,1 year
driver helper,< 1 year
driver make delivery,10+ years
driver manager,6 years
driver mechanic,10+ years
driver sales rep,1 year
driver superintendent,10+ years
driver supervisor,5 years
driver trainer,10+ years
driver/ courier,10+ years
driver/ service tech,6 years
driver/customer service,10+ years
driver/line cook,< 1 year
driver/musician/singer,3 years
driver/owner operator,< 1 year
driver/porter,3 years
driver/production,10+ years
driver/sales,10+ years
driver/warehouse,10+ years
drivers sales rep,10+ years
driving instructor,10+ years
drivy,10+ years
druver,2 years
dry wall repair tech,2 years
dry wall texurer,10+ years
drywall finisher,10+ years
dsa,1 year
dsd clerk,4 years
dsd receiver,10+ years
dsm,5 years
dsp,2 years
dsp ll,5 years
dte,10+ years
dtiver,< 1 year
dual rate associate,10+ years
dual rate dealer/supervisor,7 years
due diligence consultant,10+ years
dues supervisor,10+ years
duffield hauling,3 years
dui testing coordinator,10+ years
duke emergy,3 years
duke university,10+ years
duralee farbics,6 years
dyncorp international llc,5 years
e 4 specialist,4 years
e 7,10+ years
"e, h & s manager",8 years
e-5,9 years
e-6 gunners mate,10+ years
e-7,10+ years
e-commerce manager,4 years
e-commerce respresentitive,2 years
e.a.,4 years
e4,< 1 year
e4 logistics wtb,7 years
e5,10+ years
e5 petty officer,6 years
e5 senior mechanic,6 years
e6,10+ years
e6 cyber analyst,9 years
e7,10+ years
e8/smsgt,10+ years
early childhood supervisor,8 years
early intervention teacher,10+ years
earned value analyst,2 years
east brunswick public schools,< 1 year
east central university,3 years
east coast branch manager,< 1 year
east ky supervisor,10+ years
east regional sales manager,10+ years
east west bank,3 years
eastern territory director,10+ years
eastern university,4 years
eaton,10+ years
eaton electric inc,10+ years
ebanking support analyst,3 years
ebiner law office,10+ years
ebusiness engineer iii,7 years
ebusiness marketing,1 year
ecob specialist 2,10+ years
ecommerce,< 1 year
ecommerce developer/analyst,8 years
ecommerce manager,10+ years
ecommerce systems manager,< 1 year
ecommerce/dq coordinator,10+ years
economist,1 year
ecs federal inc,7 years
ecs federal inc.,2 years
ecse paraprofessionals,10+ years
ed bozarth chevrolet,6 years
ed charge analyst,< 1 year
ed tech,8 years
ediscovery technician,10+ years
editor,10+ years
editorial aide,10+ years
editorial page editor,3 years
education,1 year
education consultant,2 years
education coordinator,4 years
education manager,8 years
education program administrator,5 years
education specialist,10+ years
education specialist iii,4 years
education supervisor,7 years
education supervisor/director,< 1 year
educational consultant,10+ years
educational interpreter,10+ years
educational technology specialist,10+ years
educator,10+ years
eeo specialist,10+ years
effectiveness manager,10+ years
ehs,2 years
ehs coordinator,6 years
ehs manager,2 years
ehs mgr global fulfillment,5 years
ehs professional,3 years
ehs supervisor,< 1 year
eht high school,8 years
ekg tech,10+ years
el  specialist,10+ years
el cortez hotel and casino,5 years
el monte rv,8 years
el paso county sheriffs office,10+ years
elecrtrical foreman,10+ years
elect sys tech supervisor,10+ years
electical engineer,10+ years
electical tech,10+ years
elections specialist,< 1 year
electophyics engineering scientist,10+ years
electrial engineer,2 years
electrian,10+ years
electric line tech iii,7 years
electric manager,10+ years
electric meter technician 2,10+ years
electric power lineman,7 years
electric system operator,< 1 year
electric technician,5 years
electrical,10+ years
electrical  supervisor,10+ years
electrical and instrumentation design,2 years
electrical apprentice,3 years
electrical assembly,2 years
electrical engineer,10+ years
electrical field services,10+ years
electrical foreman,10+ years
electrical inspector,10+ years
electrical lineman,10+ years
electrical supervisor,10+ years
electrical technician,4 years
electrical worker,10+ years
electrical/instrumentation,3 years
electrican,2 years
electrician,10+ years
electrician foreman,6 years
electrician helper,1 year
electricians,5 years
electro tech,1 year
electrocardiograph technician,1 year
electrolux major appliances,3 years
electromechanic,3 years
electronic bench tech,10+ years
electronic engineer,1 year
electronic engineer 1,5 years
electronic service rep,4 years
electronic tech,1 year
electronic tech iii,10+ years
electronic technician,10+ years
electronic warfare systems techician ii,9 years
electronics engineer,9 years
electronics leader,9 years
electronics mechanic,9 years
electronics repair technician,4 years
electronics tech,10+ years
electronics technician,3 years
electronics test technician,< 1 year
electrophysiology tech,4 years
elegibility coordinator,5 years
elem school counselor,10+ years
elementary academic/instructional coach,10+ years
elementary educator,6 years
elementary school principal,< 1 year
elementary teacher,9 years
elevator,10+ years
elevator mechanic,10+ years
elevator tech,10+ years
eliassen group,< 1 year
eligibility analyst,10+ years
eligibility specialist,6 years
eligibility worker,9 years
eligibility worker ii,9 years
elite medicare advisor,3 years
elite servicing agent,10+ years
elite trainer,10+ years
elizabeth wellborn p.a.,1 year
ell para educator,7 years
emergency communications,10+ years
emergency management specialist,< 1 year
emergency manager,7 years
emergency room technician,8 years
emigrant savings bank,10+ years
"emmanuel & associates, pc",9 years
emmaus inc.,9 years
emory university,6 years
empire,10+ years
empleado,2 years
employed,8 years
employee,9 years
employee benefits specialist,7 years
employee development,2 years
employee education specialist,10+ years
employee injury manager,10+ years
employee relations officer,4 years
employee resource manager,10+ years
employee support specialist,< 1 year
employee training coordinator,3 years
employment and training specialist,10+ years
employment program representative,10+ years
employment specialist,3 years
ems billing coordinator,3 years
ems supervisor,6 years
emt,3 years
end user computing specialist,10+ years
endicott interconnect,10+ years
endurance international group,< 1 year
energy conservation engineer,2 years
energy consultant,< 1 year
energy supply specialist,8 years
enforcement agent,10+ years
eng manager,10+ years
eng tech,10+ years
eng. techinician,10+ years
engagement manager,1 year
engagement specialist,< 1 year
engeineering,10+ years
engineer,10+ years
engineer 1,10+ years
engineer 2 plumber,3 years
engineer group leader,7 years
engineer ii,10+ years
engineer in charge,9 years
engineer iv,1 year
engineer manager,10+ years
engineer officer,10+ years
engineer sr.,< 1 year
engineer team lead,10+ years
engineer tech,10+ years
engineer technician,3 years
engineer v,1 year
engineer work equipment,10+ years
engineering,2 years
engineering administrative assistant,3 years
engineering administrator,10+ years
"engineering analyst, sr.",10+ years
engineering assistant,10+ years
engineering coordinator,7 years
engineering design manager,10+ years
engineering hr recruiter,< 1 year
engineering manager,10+ years
engineering publication,10+ years
engineering sales director,10+ years
engineering team manager,2 years
engineering tech,10+ years
engineering technician,10+ years
engineering technision level 5,6 years
"engineering technology associates, inc",2 years
enginner,10+ years
enginnering,6 years
english and dram teacher,6 years
english instructor,10+ years
english language arts,6 years
english language arts field specialist,1 year
english professor,10+ years
english teacher,< 1 year
engraving operator,10+ years
enlisted,1 year
ennis inc.,10+ years
enrollment &completion advisor,< 1 year
enrollment analyst,7 years
enrollment coordinator,10+ years
enrollment manager,3 years
enrollment representative,5 years
enrollment speacialist,8 years
enrollment specialist,10+ years
enterprise account executive,< 1 year
enterprise applications analyst,< 1 year
enterprise architect,7 years
enterprise data architect,8 years
enterprise deployment technician,3 years
enterprise engineer,< 1 year
enterprise holdings,5 years
enterprise sales,2 years
enterprise service assurance technician,9 years
enterprise service center,4 years
enterprise software company,2 years
entertainer,3 years
entry clerk,10+ years
entry specialist,10+ years
env manager,2 years
env. health & safety manager,5 years
environmental,10+ years
environmental director,6 years
environmental engineer,9 years
environmental health and safety director,< 1 year
environmental health manager,10+ years
environmental health scientist,10+ years
environmental helath and safety manager,1 year
environmental management services,2 years
environmental manager,4 years
environmental program manager,10+ years
environmental protection specialist,10+ years
environmental protection specilist,4 years
environmental scientist,2 years
environmental service,5 years
environmental service supervisor,10+ years
environmental services asst. director,2 years
environmental services manager,10+ years
environmental services supervisor/cna,5 years
environmental technician,2 years
"environmental, health and safety manager",10+ years
eo 2,10+ years
equal employment manager,10+ years
equestrian director,1 year
equifax,1 year
equiment mechanic,1 year
equipment analyst,< 1 year
equipment engineer,1 year
equipment maintenance technician,2 years
equipment manager,10+ years
equipment operater,10+ years
equipment operator,10+ years
equipment operator/laborer,10+ years
equipment orpator,10+ years
equipment services associate,3 years
equipment specialist,1 year
equipment tech,4 years
equiptment operator,2 years
equity analyst,4 years
equity associate,2 years
er admissions,10+ years
er represenative,2 years
er tech,10+ years
erp architect,10+ years
erp/mrp administrator,3 years
erwin penland,10+ years
es,3 years
es supervisor,1 year
escalated dispute specialist,10+ years
escalation engineer,1 year
escalation specialist,2 years
escalations specialist,2 years
escrow assistant,7 years
escrow closer,10+ years
escrow closing assistant,3 years
escrow officer,10+ years
escrow processor,1 year
esd,10+ years
ese lead teacher,10+ years
ese specialist,4 years
eservices specialist/server,4 years
esl instructor,2 years
ess counselor,2 years
essential discovery,< 1 year
esthetician,10+ years
estimating manager,10+ years
estimations and production manager,10+ years
estimator,10+ years
estimator / project manager,10+ years
estimator project manager,6 years
estimator/appraiser/office manager,10+ years
estimator/project manager,10+ years
estimator/projectmanger,< 1 year
et1,5 years
evacuation supervisor,1 year
evaluations coordinator,< 1 year
evaluator,2 years
evelyn douglin center,10+ years
evening dispatch supervisor,10+ years
event & program coordinator,10+ years
event manager,1 year
event manager/producer,< 1 year
event planner,4 years
event specialist,< 1 year
events coordinator,4 years
events coordinator/manager,5 years
events director,6 years
events manager,4 years
evergreen packaging,10+ years
evers,3 years
eviction coordinator,4 years
evidence control specialist,3 years
evp,10+ years
evp - client solutions,6 years
evp of sales,10+ years
evp-strategy,6 years
evp/clo,10+ years
evs,9 years
evs director,9 years
evs manager,7 years
ew iii customer service mentor,9 years
ew-cyber subject matter expert,3 years
ewp,4 years
ex. director of spec ed & stud serv,3 years
examiner,5 years
excelencia corporation,2 years
"excentium, inc.",5 years
exceptions qc auditor,10+ years
excise tax analyst,10+ years
exclusive financial specialist,10+ years
excutive assistant,10+ years
excutive charge,10+ years
exec assist to pres/hr administrator,10+ years
exec assistant,2 years
exec assistant and office mgr,10+ years
exec director,10+ years
executive,10+ years
executive accounting assistant,3 years
executive admin,1 year
executive administration,10+ years
executive administrative assistant,< 1 year
executive administrator,10+ years
executive asset protection,1 year
executive assistant,10+ years
executive assistant general counsel,4 years
executive assistant ii,2 years
executive assistant office manager,1 year
executive assistant to ceo,7 years
executive assistant to gm/ceo & cos,8 years
executive assistant/office mgr,10+ years
executive assistany,3 years
executive asst,1 year
executive chauffeur,5 years
executive chef,10+ years
executive client advisor,3 years
executive compensation consultant,10+ years
executive council agent,2 years
executive counsel,2 years
executive creative director,2 years
executive director,10+ years
executive director us,10+ years
"executive director, finance",1 year
"executive director, marketing",10+ years
executive legal assistant,4 years
"executive management 2, inc",9 years
executive officer,10+ years
executive producer,10+ years
executive project manager,10+ years
executive recruiter,< 1 year
executive sales,10+ years
executive sales administrator,2 years
executive salesman,3 years
executive secretary,10+ years
executive speech writer,< 1 year
executive team leader,3 years
executive technical director,4 years
executive vice president,10+ years
executive vice president org affairs,10+ years
executive vice president/coo,10+ years
executive wingman,5 years
"executive, quantitative operations",2 years
executivie assistant to bone marrow,6 years
exercise specialist,6 years
expedite,10+ years
expeditor,10+ years
expo coordinator/digital media manager,< 1 year
export compliance officer,6 years
export customer service,8 years
export document examiner,3 years
export manager,10+ years
export specialist,10+ years
extended stay hotel,2 years
external sales manager,< 1 year
extruder operator,10+ years
extrusion operator,2 years
extrusion tech ii,7 years
eye physicians of florida,2 years
eye q vision care,9 years
"ezcorp online, inc.",2 years
f&b managment,5 years
fa,1 year
faa/ontario air traffic control tower,10+ years
fab tech,4 years
fabrication forman,8 years
fabrication op,9 years
fabricator,6 years
fabricator/welder/maintenance,8 years
fac. manager,10+ years
facilites manager,4 years
facilities,10+ years
facilities cleaning,1 year
facilities maintenance,10+ years
facilities management specialist,10+ years
facilities manager,10+ years
facilities mechanic,6 years
facilities operations specialist,9 years
facilities operator,4 years
facilities plant ops,2 years
facilities superintendent,2 years
facilities supervisor,9 years
facilities system specialist,10+ years
facilities tech,3 years
facilities technician,2 years
facilities technician skilled,10+ years
facility,10+ years
facility buyer,10+ years
facility director,8 years
facility engineer,8 years
facility inspector,10+ years
facility locate assigner,10+ years
facility maintenance,7 years
facility manager,< 1 year
facility operator 2,4 years
facility specialist lead,10+ years
facility technician,10+ years
factory,10+ years
factory worker,10+ years
"factset research systems, inc.",6 years
faculty,5 years
faculty assistant,1 year
faculty physician,5 years
fai coordinator,< 1 year
fairleigh dickinson university,2 years
fairview developmental center,10+ years
falmouth hospital,10+ years
family adocate,< 1 year
family case manager,4 years
family educator,< 1 year
family engagement specialist,10+ years
family financial counselor,9 years
family nurse practitioner,2 years
family physician,7 years
family reunification specialist,2 years
family service counselor,< 1 year
family service specialist,< 1 year
family services counselor,2 years
family services specialist,4 years
family specialsit iii,3 years
"fareman,carpenter",5 years
farm manager,10+ years
farm mananger,10+ years
farm supervisor,1 year
farrowing manager,1 year
fb supervisor,10+ years
fc analytics officer,1 year
fc loan specialist,< 1 year
fccc&t and also edward jones,2 years
federal agent,10+ years
federal business centers,4 years
federal employee,4 years
federal energy regulatory commission,2 years
federal garment sales manager,3 years
federal government,10+ years
federal law enforcement senior officer,10+ years
federal officer,10+ years
federal police officer,6 years
federal rserve bank of dallas,6 years
federal security officer,10+ years
fedex,9 years
fedex courier,10+ years
fedex freight,10+ years
feeder driver,10+ years
feild laborer,< 1 year
fellow doctor,7 years
fema,2 years
ferrum college,6 years
fiber test engineer,6 years
fibro source,< 1 year
field analyst,2 years
field applications engineer,7 years
field auditor,4 years
field consultant,7 years
field director,10+ years
field energy consultant,2 years
field engineer,< 1 year
field engineer manager,5 years
field engineering specialist,8 years
field inspector,6 years
field manager,10+ years
field operation,5 years
field operations manager,8 years
field operations supervisor,5 years
field operator,1 year
field ops,9 years
field ops supervisor senior,10+ years
field rep.,9 years
field representative,9 years
field sales,4 years
field service,10+ years
field service engineer,3 years
field service manager,< 1 year
field service mechanic,1 year
field service representative,< 1 year
field service representative iii,10+ years
field service specialist,1 year
field service supervisor,1 year
field service tech,1 year
field service tech 3,10+ years
field service tech.,1 year
field service technician,10+ years
field services supervisor,2 years
field services tech,< 1 year
field specialist,1 year
field super intendant,4 years
field supervisor,10+ years
field supervisor manager,5 years
field supevisor,9 years
field tech,10+ years
field tech officer,10+ years
field technichian,10+ years
field technician,10+ years
field techntion,10+ years
field wireless tech,10+ years
fieldnengineer,2 years
fifth third bank,2 years
file clerk,3 years
fill-clerk,< 1 year
filling machine operator,3 years
film editor,2 years
fin rep iii,4 years
fin. mgr,10+ years
final assembly,2 years
final inspection,1 year
final technician,10+ years
finance,10+ years
finance & hr support specialist,10+ years
finance & insurance manager,10+ years
finance & operations manager,2 years
finance accounting analyst,10+ years
finance admin,5 years
finance administrator,10+ years
finance agent,3 years
finance analyst,4 years
finance associate,< 1 year
finance branch chief,2 years
finance budget manager,10+ years
finance clerk,2 years
finance director,10+ years
finance lead,4 years
finance manager,2 years
"finance manager, lab services",10+ years
finance officer,7 years
finance senior,3 years
finance specialist,10+ years
finance supervisor,4 years
finance tech,1 year
"finance, hr & operations director",5 years
financial accounting,2 years
financial adisor,10+ years
financial administrator,10+ years
financial adviser,10+ years
financial advisor,10+ years
financial advocate,10+ years
financial aid administrator,3 years
financial aid advisor,6 years
financial aid director,4 years
financial analyst,2 years
financial analyst i payroll,5 years
financial analyst/manager,4 years
financial anayst,10+ years
financial architect,2 years
financial assistance clerk,6 years
financial associate,< 1 year
financial center manager,10+ years
financial center operations manager,10+ years
financial coach,1 year
financial consultan,1 year
financial consultant,10+ years
financial controller,2 years
financial crimes consultant,10+ years
financial crimes specialist 3,6 years
financial director,10+ years
financial management analyst,1 year
financial manager,10+ years
financial ministry assistant,10+ years
financial officer,10+ years
financial position,10+ years
financial products rep,8 years
financial represenative,< 1 year
financial representative,1 year
financial returns specialist,10+ years
financial secretary,10+ years
financial service representative,< 1 year
financial services,10+ years
financial services assistant,4 years
financial solution advisor,3 years
financial specialist,10+ years
financial specialists - instructor,10+ years
financial support supervisor,2 years
finanical advisor,1 year
finch paper llc,10+ years
finish mill,1 year
finisher,10+ years
finishing,4 years
finishing saw operator,4 years
finishing tech.,10+ years
fire alarm manager,7 years
fire alarm tech,3 years
fire alarm technician,4 years
fire captain,10+ years
fire chief,1 year
fire controlman,10+ years
fire division manager,10+ years
fire driver,< 1 year
fire engineer,10+ years
fire fighter,10+ years
fire fighter/ e-5,7 years
fire fighter/paramedic,10+ years
fire inspector,10+ years
fire lieutenant,10+ years
fire protection,1 year
fire safety,10+ years
fire specialist,10+ years
fire support nco,10+ years
fire suppression foreman,3 years
fire/medic,10+ years
firefighter,10+ years
firefighter paramedic,6 years
firefighter/ emt/i,10+ years
firefighter/emt,10+ years
firefighter/paramedic,10+ years
fireman,10+ years
firestone,10+ years
firm administrator,8 years
first niagara,< 1 year
first officer,3 years
first premier properties,2 years
first press operator,6 years
first responder,10+ years
first sergeant,10+ years
fiscal coordinator,10+ years
fiscal officer i,10+ years
fiscal technician,3 years
fiscal technician senior,10+ years
fiscal technicican,10+ years
fitness professional,7 years
fitter,< 1 year
fixed director,5 years
fixed operations director,4 years
fleet administrator,10+ years
fleet coordinator,6 years
fleet delivery/sales,6 years
fleet dispatcher,10+ years
fleet maintance manager,< 1 year
fleet maintenance manager,3 years
fleet manager,10+ years
fleet mobile hydraulic mechanic,7 years
fleet service agent,3 years
fleet service clerk,10+ years
fleet supervisor,7 years
fleet tech,8 years
fleetwood condos,10+ years
fleming's steakhouse,8 years
flex administrator,4 years
flex pac,10+ years
flexiblelifeline systems,6 years
flight attendant,10+ years
flight coordinator,2 years
flight nurse,2 years
flight operations,8 years
flight opts senior crew scheduler,3 years
flight rn nurse,2 years
flight technician,< 1 year
flight training device technician,2 years
flightline expeditor,10+ years
floor care,1 year
floor care tech,9 years
floor hand,2 years
floor manager,1 year
floor manager/waitress,6 years
floor supervisor,5 years
flooring associate,< 1 year
floorman,3 years
floral department manager,6 years
floral design,< 1 year
floral designer,8 years
florals by the sea & olin marler charter,4 years
florida department of health & own biz,8 years
florida hospital carrollwood,2 years
florida international university,< 1 year
florida power & light,10+ years
flow hand,1 year
fmp,10+ years
folklife operater,10+ years
fomer,5 years
food & beverage director,1 year
food & beverage manager,9 years
food administrate supervisor,5 years
food and beverage manager,3 years
food and beverage service,10+ years
food runner,10+ years
food safety manager,10+ years
food server,1 year
food service,10+ years
food service clerk,5 years
food service director,1 year
food service lead,8 years
food service manager,2 years
food service supervisor,10+ years
food service worker,< 1 year
food services director,8 years
food services of america,7 years
food sevices,3 years
food srervice director,7 years
food supervisor,10+ years
foodservice,9 years
foofservice,10+ years
force development flight chief,10+ years
force inc.,< 1 year
ford motor company,10+ years
fore man,10+ years
foreclosure specialist,3 years
foreman,10+ years
foreman electrician,10+ years
foreman superviser,10+ years
foreman union iron worker,10+ years
foreman/ plumber,10+ years
foremen,10+ years
"forensic auditor, expenses",10+ years
forensic chemist,< 1 year
forensic scientist,10+ years
forestry,8 years
fork lift op,10+ years
fork lift operator / hazardous materials,7 years
fork lift opertor,10+ years
forklift,10+ years
forklift driver,10+ years
forklift mechanic,10+ years
forklift operater,2 years
forklift operator,1 year
forklift operrator,10+ years
forklift-driver,10+ years
forman,10+ years
formen,10+ years
formen/proyect manager,10+ years
former,10+ years
forming operator,10+ years
formulations chemist,2 years
fort worth independent school district,5 years
fortlif,< 1 year
forum energy,3 years
foundation director,1 year
foundation manager,2 years
founder,10+ years
founding kindergarten teacher,< 1 year
fountain worker,10+ years
fourth hand,2 years
fowlers pool service and supply,10+ years
foxwoods resort casino,10+ years
fps nyc clin 3004 bldg #ny0282 #fpny05,4 years
frac supervisor,1 year
frame,4 years
frame attnd,10+ years
framer,4 years
framing foreman,< 1 year
framing manager,5 years
framing/foreman,10+ years
franchise consultant,3 years
franchise services director,10+ years
franchisee,10+ years
fraud analyst,10+ years
fraud investgations sr. manager,6 years
fraud investigator,2 years
fraud manager,8 years
fraud specialist,1 year
fred hutchinson cancer research ctr,2 years
free lance photographer,7 years
freelance accountant,2 years
freelance writer,4 years
freeport mcmoran copper and gold,1 year
freight associate,< 1 year
freight broker,1 year
freight car repairer,5 years
freight conductor,4 years
freight manager,4 years
freight supervisor,2 years
french teacher,4 years
fresh production associate,2 years
frisco police department,3 years
frito - lay,10+ years
frito-lay,10+ years
front desk,10+ years
front desk agent,2 years
front desk host,10+ years
front desk manager,3 years
front desk supervisor,4 years
front end,3 years
front end & mail center coordinator,10+ years
front end assistant,3 years
front end manager,10+ years
front end specialist,10+ years
front end web developer,< 1 year
front office,10+ years
front office assistant,< 1 year
front office coordinator,6 years
front office manager,< 1 year
front office staff,10+ years
front office supervisor,7 years
front-end supervisor,2 years
frontend/ floor mgr.,< 1 year
frost bank,10+ years
frozen,1 year
frozen foods manager,10+ years
frozen/ dairy associate,10+ years
fruit and vegetable supervisor,5 years
fruniture repair tech,2 years
fryer operator,8 years
fsa,2 years
fse iii,10+ years
fset statewide trainer,1 year
fsqa technician,10+ years
fsr engineer,3 years
fudiciary trust officer,10+ years
fuel diesel installation,4 years
fuel dissasembly,4 years
fuel shop supervisor,10+ years
fuel transport driver,2 years
fuel transport truck driver,2 years
fuel transportation,< 1 year
fuel truck driver,5 years
ful resource mgr,6 years
fulfillment associate,1 year
fulfillment specialist,2 years
full time,5 years
full time dual rate dealer,5 years
full time framer,1 year
full time ground ops,< 1 year
full-time instructor,10+ years
full-time supervisor,10+ years
fullcase pick,10+ years
"fulltime-director, advising & counseling",10+ years
functional analyst,10+ years
fund manager,4 years
funder,< 1 year
funding specialist,4 years
funeral apprentice,10+ years
funeral director,10+ years
furnace operator,7 years
furnace technician,10+ years
furniture,10+ years
furniture represenative,10+ years
furniture sales,2 years
furniture technician,8 years
futures specialist,8 years
g.m.,10+ years
g4 maintenance sergeant major,10+ years
gail's harley-davidson,2 years
galehouse tree farms,9 years
game software engineer,3 years
gaming supervisor,9 years
gap inc,2 years
garbageman,5 years
garden associate,8 years
gardner,< 1 year
garner and trees maintenance specialist,4 years
gas attendant,10+ years
gas inspector,10+ years
gas mechanic,5 years
gas operations field support,10+ years
gate manager,10+ years
gb sales,5 years
gcc coordinator,10+ years
ge,5 years
ge capital - carecredit,2 years
geek squad double agent field,3 years
geek squad mecp basic certifed autotech,4 years
geico corporation,9 years
gen sales mgr,7 years
gen supt,10+ years
genentech,10+ years
general adjuster,5 years
general agent,10+ years
general agent manager,10+ years
general atomics - asi,7 years
general construction,7 years
general counsel,10+ years
general dynamics advanced information sy,2 years
general education teacher,3 years
general electric,6 years
general engineer,2 years
general foreman,10+ years
general forman,7 years
general goods stocker,4 years
general hub manager,8 years
general labor,10+ years
general laborer,1 year
general maintenance tech 2,3 years
general managager,< 1 year
general manager,10+ years
general manager - sales,9 years
general manager administrative assistant,< 1 year
general manager of student media,2 years
general manager\ owner,10+ years
general managers,5 years
general manger,10+ years
general merchandise manager,< 1 year
general mgr,10+ years
general mgr.,< 1 year
general partner,6 years
general sales manager,10+ years
general sales mngr,10+ years
general services manager,10+ years
general superintendent,10+ years
general surgeon,6 years
general tool company,10+ years
genereal manager,3 years
genesis healthcare,8 years
genesys corp,< 1 year
genral labor,2 years
gentex corp,5 years
geologist,10+ years
georgetown hospital,8 years
georgia pacific,< 1 year
gereral manager,5 years
"get fresh sales, inc",10+ years
gfk,1 year
gibson dunn llp,7 years
gis manager,9 years
gl&ar specialist,9 years
glaser,3 years
glass coatings and concepts,10+ years
glass intalltion tech,5 years
glass tech,10+ years
glass technician,10+ years
glazer,10+ years
glazier,10+ years
glen oaks nursing home,5 years
global account manager,2 years
global customer & commercial leadership,10+ years
global design lead,4 years
global environment fund,4 years
global lifecycle marketing manager,< 1 year
global manager sales training,9 years
global marketing automation lead,5 years
global operations manager,10+ years
global pmo manager,1 year
global sales director,5 years
global sourcing manager,8 years
global support manager,10+ years
gm,10+ years
gm manager,3 years
gm of product support,10+ years
gme coordinator,4 years
go supervisor,10+ years
golden eagle of arkansas,10+ years
golden state overnight,< 1 year
golf course maintenance,4 years
golf pro,3 years
golf professional,2 years
goodman manufacturing,5 years
gourmet food server,10+ years
government account mgr,4 years
government contractor,2 years
government relations lobbyist,5 years
gps analyst,10+ years
gps exec,8 years
grace church,10+ years
grader operator,5 years
graduate assistant,4 years
graduate program administrator,10+ years
graduate research assistant,1 year
graduate student,8 years
graduate teaching assistant,3 years
graduate teaching fellow,6 years
grain grader,5 years
grain merchandiser,< 1 year
grant accountant,10+ years
grant admin,10+ years
grant and contract specialist,< 1 year
grant county extension county director,8 years
grant finance manager,8 years
grant manager,1 year
grant writer,3 years
grants accountant,5 years
grants manager,3 years
grants officer,10+ years
grants supervisor,8 years
graphic  designer,3 years
graphic artist,10+ years
graphic design,10+ years
graphic designer,1 year
graphic. designer,10+ years
great plains annuity and life,1 year
greenhouse manager,3 years
greenway ford,8 years
greeter,10+ years
grey aviation advisors & solutions,1 year
griffin masonry,5 years
"griffiths, castle, goyette & dekker",10+ years
grill attendant,10+ years
grill cook,8 years
grocery,10+ years
grocery assistant team leader,8 years
grocery associate,1 year
grocery clerk,10+ years
grocery maager,2 years
grocery manager,10+ years
grocery receiving,10+ years
grocery team leader,7 years
groomer,10+ years
grooming maintenance manager,5 years
groundhand,4 years
groundmaintenance,8 years
grounds,4 years
grounds crew,5 years
grounds department manager,4 years
grounds foreman,10+ years
grounds manager,10+ years
grounds specialist,7 years
group creative director,2 years
group desk coordinator,10+ years
group fitness instructor & membership sp,2 years
group health cooperative-scw,4 years
group home technician,10+ years
group insurance underwriter,10+ years
group lead,5 years
group leader,10+ years
group manager,< 1 year
group processor,10+ years
group sales,10+ years
group supevisor,10+ years
gs 12,7 years
gs-11,< 1 year
gs-12,4 years
gs-13 step 5,10+ years
gs-14 director,10+ years
gs11,5 years
gsk,10+ years
gsm,10+ years
guard,10+ years
guard management inc. (gmi),< 1 year
guess service,2 years
guest care coordinator / pastoral asst,6 years
guest coordinator,< 1 year
guest experience leader,5 years
guest room attendant,10+ years
guest service agent,2 years
guest service manager,10+ years
guest services,10+ years
guest services coordinator,10+ years
guidance counselor,10+ years
guide & asst. mananger,3 years
guilford county schools,6 years
gulf coast medical center,10+ years
gunners mate,10+ years
gunsmith,2 years
"gustin, cothern & tucker, inc.",10+ years
gwa,5 years
gysgt,10+ years
h.p. hood llc,10+ years
hab tech,5 years
habilitation counselor,10+ years
hahnemann hospital,4 years
hair club for men,< 1 year
hair colorist,9 years
hair dresser,10+ years
hair stalys,3 years
hair stylist,10+ years
hair stylist and makeup artist,7 years
hairstylist,10+ years
halcyon solutions,2 years
haldeman ford,< 1 year
halifax co. schools,2 years
halifax hospinal,3 years
hall coordinator,10+ years
halliburton,10+ years
hampton-clarke veritech,2 years
hanbleceya,< 1 year
handyman,10+ years
handymen,10+ years
hanson bridgett llp,5 years
hardlines merchandizer,3 years
hardware specialist / project manager,2 years
harrah's,10+ years
harrison energy partners,10+ years
harrison pd,10+ years
hasco graphics,3 years
haul truck operator (miner),2 years
have technician,3 years
hawaii department of education,2 years
hb.reese,10+ years
hcmc,2 years
hcr manorcare,10+ years
hdr/ foreman,10+ years
head age group coach,7 years
head auto mechanice,10+ years
head barista/manager,9 years
head cashier,1 year
head cashier/customer service/bookkeepin,9 years
head chef,4 years
head chemical operator,10+ years
head coustian,3 years
head custodial,10+ years
head custodian,4 years
head facility svpers,10+ years
head fitness trainer,5 years
head football coach,10+ years
head grower,5 years
head laborer,3 years
head maitanece,2 years
head mechanic,10+ years
head men's and women's golf coach,4 years
head nurse,4 years
head of admin - us office,3 years
head of client reporting,< 1 year
head of digital creative,3 years
head of engineering,1 year
head of gni business development,10+ years
head of growth,2 years
head of hostess,10+ years
head of infrastructure,< 1 year
head of maintenance,4 years
head of marketing,3 years
head of operations integration,2 years
head of product,< 1 year
head of retail banking/deposit operation,9 years
head of school/ceo,10+ years
head of support north america,< 1 year
head of technology,8 years
head security,6 years
head server,5 years
head stylist,2 years
head teacher,< 1 year
head tennis professional,4 years
head veterinary technician,4 years
headclerk,7 years
healing justice program coordinator,2 years
health & safety / trainer,2 years
health & safety manager,10+ years
health & wellness director (nurse),4 years
health advocate,6 years
health and safety manager,10+ years
health and safety officer/ manager,5 years
health care administrator,10+ years
health care analyst,2 years
health care integratoir,1 year
health care nco,10+ years
health care provider,9 years
health care representative,1 year
health care worker,10+ years
health center manager,2 years
health communication specialist,5 years
health educator,< 1 year
health facility quality examiner,5 years
health information,10+ years
health information associate,1 year
health information specialist,1 year
health ins spec,9 years
health inspector,7 years
health insurance agent,3 years
health plan service specialist,10+ years
health program manager,3 years
health promotions coordinator,6 years
health service specialist,< 1 year
health services administrator,7 years
health services director,< 1 year
health specialist,3 years
health systems specialist,5 years
health tech,10+ years
health unit coordinator,10+ years
healthcare coordinator,6 years
healthcare director,10+ years
healthcare it level ii,2 years
healthcare receivables specialist ii,10+ years
healthcare recruiter,2 years
healthcare services group,1 year
healthcare technician iv,8 years
healthcare worker,10+ years
healthservices rep iii,3 years
healthsouth,10+ years
healthsouth henderson,5 years
hearing aid specialist,2 years
hearing consultant,< 1 year
hearing coordinator,4 years
hearing examiner ii,10+ years
hearing instrument specialist,< 1 year
heath information management associate,< 1 year
heating tech,10+ years
heavy duty equipment mechanic,2 years
heavy equipement operator,2 years
heavy equipment mechanic,1 year
heavy equipment operator,1 year
heavy equipment operator / lowboy,10+ years
heavy equipment technician,< 1 year
heavy mobile equipment supervisor,10+ years
held desk,< 1 year
help desk,2 years
help desk attendant,7 years
help desk ii,1 year
help work,10+ years
helper,1 year
hemet unified school district,10+ years
hertz rent a car,10+ years
hev 01 driver,10+ years
hewes marine,< 1 year
hewlett packard,10+ years
hha,1 year
hi group analysts,4 years
high school counslor,10+ years
high school science teacher,10+ years
high voltage chief lineman,10+ years
highway maintainer,5 years
highway maintenance,10+ years
highway patrol,< 1 year
highway worker,10+ years
hillcrest con ctre,4 years
hilo driver,10+ years
hilton worldwide,< 1 year
him clerk,< 1 year
hims supervisor,9 years
hispanic services director,10+ years
histo technoligist,< 1 year
histological technician,10+ years
histologist,10+ years
historian,10+ years
historic preservationist,10+ years
historical conservator,1 year
histotechnologist,4 years
hitachi transport system america,7 years
hm,3 years
hmer,10+ years
hobble creek trading,5 years
hockey rink manager,10+ years
holiday inn select downtown,6 years
holy trinity episcopal academy,8 years
home aid,< 1 year
home atendant,10+ years
home attendance,10+ years
home attendant,5 years
home builder,8 years
home care,1 year
home care aide,2 years
home care assistant,4 years
home care services,3 years
home department coor,9 years
home health aid,6 years
home health aide,1 year
home health care provider,7 years
home instructor / teacher assistant,10+ years
home lending sales manager,< 1 year
home loan processor,2 years
home maker,< 1 year
home mortgage consultant,< 1 year
home mortgage rep,5 years
home provider,2 years
home visitor,5 years
homegoods,8 years
homehealth,7 years
homeland security,10+ years
homemaker,4 years
homeowner claims adjuster,3 years
homepro,< 1 year
homesales,10+ years
homestead program director,4 years
honeywell int,5 years
honeywell international,5 years
horizon lines,6 years
horry county government,8 years
hospice liaison,< 1 year
hospice social worker,3 years
hospira,6 years
hospital administration,1 year
hospital administrator,10+ years
hospital affairs director,2 years
hospital billing manager,10+ years
hospital development,10+ years
hospital manager,10+ years
hospital police officer,4 years
hospitality assistant,10+ years
hospitality director,3 years
hospitality/customer service/valet,1 year
host,1 year
host host provider,9 years
hostess,10+ years
hostess / esthetician,4 years
hostess/server,2 years
hostler driver,2 years
hotel erwin venice beach,1 year
hotel manager,9 years
house keeper,10+ years
house keeping,10+ years
house manager,10+ years
house supervisor,10+ years
house technician,8 years
housekeeper,10+ years
housekeeping,10+ years
housekeeping director,5 years
housekeeping manager,< 1 year
housekeeping supervisor,10+ years
houseman,10+ years
housing case manager,3 years
housing clerk,10+ years
housing manager,9 years
houskeeper,10+ years
houskeeping aide,6 years
hqs inspector,2 years
hr,10+ years
hr administrative coordinator,8 years
hr analyst,6 years
hr and payroll,10+ years
hr assistance,1 year
hr assistant,10+ years
hr assistant/training coordinator,2 years
hr assistsnt,1 year
hr associate,3 years
hr attorney,5 years
hr business analyst,1 year
hr business partner,1 year
hr coordinator,2 years
hr director,1 year
hr generalist,10+ years
hr manager,10+ years
hr manager / shipping manager,8 years
hr manager/field administrator,3 years
hr representative,1 year
hr specialist,10+ years
"hr, employee benefits account manger",3 years
hr/lr specialist,10+ years
hr/payroll,1 year
hr/training,6 years
hrbp,2 years
hris manager,10+ years
hrms manager,3 years
"hs&e compliance resources, inc.",10+ years
hs-2,10+ years
hsbc securities,2 years
hse auditor,2 years
"hse manager, na",3 years
htfd2,3 years
hub specialist,9 years
human biosciences inc,10+ years
human resource,10+ years
human resource assistant,7 years
human resource coordinator,1 year
human resource coordinator-special event,9 years
human resource generalist,2 years
human resource manager,10+ years
human resource specialist,1 year
human resource supervisor,8 years
human resources,10+ years
human resources  generalist,3 years
human resources administrator,10+ years
human resources assistant,10+ years
human resources assistant director,2 years
human resources business partner,10+ years
human resources coordinator,10+ years
human resources director,10+ years
human resources executive,4 years
human resources generalist,< 1 year
human resources manager,10+ years
human resources officer,10+ years
human resources recruiter,10+ years
human resources rep,3 years
human resources senior manager,10+ years
human resources specialist,10+ years
human resources supervisor,2 years
human resources technician,4 years
human rights investigator,10+ years
human services assistant,10+ years
human services case worker,10+ years
human services specialist 2,10+ years
humanities research computing specialist,6 years
humanresources generalist,10+ years
humble isd,10+ years
humc,2 years
huron consulting group,4 years
hvac,7 years
hvac boiler officer,10+ years
hvac electrical technician,7 years
hvac mechanic,2 years
hvac service tech,10+ years
hvac tech,3 years
hvac technician,1 year
hvac/r tech,2 years
hy connect,2 years
hydraulic mechanic,3 years
hydraulic service,6 years
hydro tech,9 years
hygienist,10+ years
hyperbaric coordinator,6 years
hyundai motor mfg. alabama,8 years
i and e tech,3 years
i d officer,10+ years
i&c design lead,2 years
i&e tech,4 years
i.t. administrator,2 years
i.t. consultant,< 1 year
i.t. manager,10+ years
ia branch director,10+ years
ibm,10+ years
ibm corporation,10+ years
ica,3 years
icd audit and operations officer,10+ years
icf international,7 years
icm commissions analyst,4 years
icu nurse,2 years
icu rn,5 years
icu technician,1 year
id tech,10+ years
identity management,10+ years
iemt,10+ years
ig inventory analyst,10+ years
ihs,4 years
ikea,7 years
illinois department of transportation,9 years
ils technician,2 years
imaging operator 2,9 years
imaging services manager,10+ years
imaging technologist,7 years
immigration,5 years
immigration service assistant,10+ years
immigration service officer,1 year
implementation consultant,2 years
implementation specialist,10+ years
import agent,< 1 year
import assistant,10+ years
import coordinator,1 year
import manager,10+ years
import supervisor,10+ years
in home care,< 1 year
in the news inc,10+ years
inbound,3 years
incentive compensation manager,9 years
incentory specialist,2 years
incident investigator,9 years
incident manager,< 1 year
income maintenace case worker,10+ years
independant contractor,2 years
independant courier,10+ years
independence place,2 years
independent adjuster,5 years
independent contractor,10+ years
independent hairdresser,1 year
independent support coordinator,1 year
indirect account executive,< 1 year
inductor/closer,10+ years
industrial design intern,1 year
industrial designer,5 years
industrial engineer,2 years
industrial hygienist,2 years
industrial mechanic,10+ years
industrial specialist,< 1 year
infant teacher,2 years
infantryman,6 years
infection control nurse supervisor,5 years
infinia corporation,4 years
inflight supervisor,2 years
info mgmt coordinator,6 years
infoquest consulting group inc,9 years
inforation systems analyst,10+ years
informatics rn,4 years
information & referral specialist,7 years
information analyst,9 years
information assurance manager,10+ years
information business analyst,10+ years
information management officer,10+ years
information security,10+ years
information security analyst,4 years
information security specialist,2 years
information security specialist level 4,1 year
information system security officer,10+ years
information systems analyst,5 years
information systems analyst ii,4 years
information systems coordinator,10+ years
information systems security officer,< 1 year
information systems specialist,10+ years
information tech specialist 4,10+ years
information technician,10+ years
information technolgy specialist,10+ years
information technology,8 years
information technology director,10+ years
information technology engineer,5 years
information technology manager,3 years
information technology specialist,10+ years
information technology specialist i,10+ years
infrastructure analyst iii,4 years
infrastructure engineer,10+ years
infrastructure manager,1 year
infusion technician,3 years
ink tech,10+ years
ink teck,10+ years
innovation specialist,< 1 year
innovation specialist ii,10+ years
inova health system,7 years
inpatient coding manager,3 years
inserter,5 years
inside journey wireman,< 1 year
inside sales,1 year
inside sales coordinator,10+ years
inside sales executive,7 years
inside sales manager,4 years
inside sales rep,3 years
inside sales rep.,1 year
inside sales representative,3 years
inside sales/ asst manager,10+ years
inside technician,1 year
inside wireman,3 years
insight global,4 years
insights analyst,3 years
inspecter,10+ years
inspection support representative,< 1 year
inspection.,< 1 year
inspector,10+ years
inst.tech,5 years
install,8 years
install supervisor,10+ years
install tech,2 years
installation,2 years
installation & service manager,10+ years
installation coordinator,4 years
installation manager,10+ years
installation service manager,3 years
installation specialist,10+ years
installation supervisor,3 years
installer,< 1 year
installer construction,10+ years
institutional client service specialist,1 year
institutional research,2 years
instructional assistant,10+ years
instructional assnt.,10+ years
instructional coach,10+ years
instructional design,3 years
instructional designer,1 year
instructional facilitator,10+ years
instructional healthcare assistant,10+ years
instructional interventionist,2 years
instructional lead consultant,2 years
instructional officer,10+ years
instructional specialist,10+ years
instructional system specialist,10+ years
instructor,10+ years
instructor / core supervisor,2 years
instructor assistant special education,< 1 year
instructor coordinator,10+ years
instructor manager,3 years
instructor of mathematics,1 year
instructor of saxophone,1 year
instructor/culinary specialist,10+ years
instrument electrician,10+ years
instrument fitter,< 1 year
instrument tech,10+ years
instrument technician,3 years
instrumentation assembler ii,7 years
instrumentation technician,5 years
insulation,5 years
insulation design engineer,10+ years
insulator,1 year
insurance /patient rep,10+ years
insurance adjuster,5 years
insurance agenct,1 year
insurance agent,1 year
insurance assistant,5 years
insurance biller,1 year
insurance billing,10+ years
insurance billing coordinator,1 year
insurance broker,4 years
insurance clerk,10+ years
insurance consultant,10+ years
insurance coordinator,5 years
insurance rep,10+ years
insurance representative,10+ years
insurance sales,2 years
insurance sales rep,5 years
insurance specialist,2 years
insurance underwriter,1 year
insurance verification,< 1 year
insurance verifier,< 1 year
insurane adjuster,1 year
int'l logistics manager,4 years
intake & admissions supervisor,10+ years
intake coordinator,10+ years
intake specialist,7 years
intake supervisor,< 1 year
intaleition,3 years
integrated care coordinator residential,10+ years
integrated claims supervisor,10+ years
integration developer,2 years
intel,1 year
intel analyst,10+ years
intelligence analyst,2 years
intelligence specialist,6 years
intensive in-home counselor,3 years
inter-con security system,4 years
interaction designer,10+ years
interactive college of technology,10+ years
intergration technician,3 years
interim clinical director,1 year
interior designer,1 year
interior technologies,7 years
interlocking repair man,9 years
intermediate operations analyst,< 1 year
intermodal service employee,10+ years
intermodal trans spec ii,10+ years
internal marketing rep,8 years
internal revenue agent,5 years
international account manager,2 years
international assoc of fire fighters,8 years
international game technology,6 years
international operations,< 1 year
international relocation specialist,3 years
international sales manager,8 years
international scholar advisor,4 years
international security agent,1 year
international trader,10+ years
internet account executive,9 years
internet sales,< 1 year
internet sales manager,4 years
internet sales specialist,3 years
interport logistics,3 years
interpreter,1 year
interventional radiology technologist,8 years
intl. acct mgr.,10+ years
intuit,10+ years
intuit tax advisor,4 years
inventory,2 years
inventory analyst,10+ years
inventory associate,10+ years
inventory auditor,10+ years
inventory clerk,2 years
inventory control,10+ years
inventory control assistant,10+ years
inventory control coordinator,5 years
inventory control lead,10+ years
inventory control specialist,1 year
inventory control/service billing,1 year
inventory controller,10+ years
inventory coordinator,10+ years
inventory management systems associate,4 years
inventory manager,10+ years
inventory stock specialist,10+ years
investigation,10+ years
investigative assistant,10+ years
investigative legal research assistant,7 years
investigative research specialist,< 1 year
investigator,10+ years
investigator support asst.,10+ years
investment associate,1 year
investment broker,10+ years
investment consultant,5 years
investment counselor,6 years
investment manager,7 years
investment operations manager,1 year
investor relations vp,3 years
invoice especialist,10+ years
invoicing clerk,4 years
ios developer,2 years
ipc systems,10+ years
irl,10+ years
iron mountain,10+ years
ironworker,2 years
ironworkers,10+ years
ironworkers local 11,10+ years
is assurance manager,1 year
is manager,10+ years
is program manager,6 years
is supervisor,10+ years
is/it liason/ trainer,10+ years
isabella geriatric center,4 years
ise ii,7 years
isso,< 1 year
it,3 years
it  system administrator,10+ years
it & equipment manager,10+ years
it \ web service support,10+ years
it admin,5 years
it administrator,3 years
it advisor,4 years
it analyst,4 years
it analyst 2,5 years
it analyst iii,6 years
it appications development manager,< 1 year
it application analyst,10+ years
it application manager,10+ years
it application specialist,8 years
it applications analyst,3 years
it applications developer,2 years
it architect,10+ years
it audit manager,< 1 year
it automation engineering manager,< 1 year
it banking officer supervisor,10+ years
it business analyst,5 years
it business process architect,10+ years
it computer analyst,< 1 year
it consultant,1 year
it consultant (at&t),5 years
it coordinator,2 years
it development manager,3 years
it director,10+ years
it disaster sharepoint administrator pm,2 years
it engineer,4 years
it engineer process,10+ years
it engineering manager,10+ years
it fellow,10+ years
it field service supervisor,5 years
it field technician,< 1 year
it help desk,1 year
it infracture support,3 years
it infrastructure analyst,6 years
it logistics technician,< 1 year
it manager,10+ years
it managment,10+ years
it maneger,7 years
it mgr,10+ years
it officer,10+ years
it operations analyst iii,< 1 year
it operations manager,2 years
it procurement,6 years
it professional,10+ years
it program manager,1 year
it project leader,8 years
it project manager,10+ years
it sales,6 years
it security administrator,1 year
it security project manager,2 years
it security sme,4 years
it senior tech programmansger,4 years
it service experience specialist,1 year
it software,10+ years
it specialist,10+ years
it sr anaylst,5 years
it supervisor,10+ years
it support,10+ years
it support analyst,10+ years
it support specialist,2 years
it systems & security program manager,7 years
it systems administrator,2 years
it systems engineer,2 years
it systems supervisor,2 years
it tech,10+ years
it tech specialist/lead,10+ years
it tech support,2 years
it tech/trainer,3 years
it technical specialist,10+ years
it technician,10+ years
it vendor analyst,3 years
itc manager,9 years
itinerant teacher of the visually impair,10+ years
its: help desk ii,10+ years
itss ii,8 years
itsystems engineer,5 years
itt/goulds pumps,10+ years
iu health arnett,5 years
iwner,10+ years
j c ehrlich ci inc,4 years
"j2 for alaskan cmd, lieutenant colonel",10+ years
j2ee developer v,8 years
jail administrator/captain,10+ years
jail deputy,8 years
jal public schools,10+ years
janitor,10+ years
janitorial,10+ years
java architect,2 years
java developer,2 years
java programmer,< 1 year
jb hunt transport,7 years
jci,< 1 year
jco,6 years
jeweler,< 1 year
jewerly captain,8 years
jimmerson hansen,4 years
job coach,2 years
job developer,3 years
job lead/foremen,10+ years
jockey,10+ years
johnson & johnson,8 years
johnson controls,7 years
jones day,10+ years
jos,10+ years
joureyman eletrician,7 years
journalist,10+ years
journey man,3 years
journey plant operator,7 years
journeyman,10+ years
journeyman  wireman,10+ years
journeyman electrican,7 years
journeyman electrician,1 year
journeyman ironworker,10+ years
journeyman lineman,10+ years
journeyman lineman/ foreman,4 years
journeyman meatcuter,10+ years
journeyman millwright,10+ years
journeyman plumber,10+ years
journeyman roofer,5 years
journeyman system operator,9 years
journeyman tree trimmer,3 years
journeymen electrician,3 years
journeyperson,10+ years
jp morgan chase & co,2 years
jpmorgan chase,2 years
jr hvac tech,3 years
jr quality engineer,10+ years
judge,10+ years
judicial assistant,< 1 year
judicial law clerk,< 1 year
judicial services specialist,< 1 year
judiciary clerk 3,10+ years
junior accountant,10+ years
junior data analyst,3 years
junior estimator,< 1 year
jurneyman,10+ years
juvenile counselor 2,10+ years
juvenile officer,10+ years
juvenile probation officer,2 years
k-2 teacher,2 years
kaiser,6 years
kaiser permamente,9 years
kaiser permanente,4 years
kaiser permanente foundation hospital,10+ years
"kalitta air, llc",1 year
kan-seal,2 years
kbk wealth management,7 years
kdsi,1 year
keller & company cpa,6 years
kencom,4 years
"kennametal,inc",10+ years
kennecott utah coper,1 year
"kennedy transport, llc",3 years
kennel officer,8 years
"kenworth of south louisiana, llc",10+ years
key account manager,10+ years
key bar manager,10+ years
key carrier,10+ years
key holder,1 year
keyes motors,6 years
keyholder,9 years
keynes brothers inc.,5 years
"kforce, inc",< 1 year
kg teacher,10+ years
kiewit,3 years
killeen isd,6 years
kindergarten teacher,10+ years
kinsley construction inc.,7 years
kitchen cosultant,6 years
kitchen design,10+ years
kitchen designer,10+ years
kitchen lean,3 years
kitchen manager,6 years
kitchen sales,2 years
kitchen service,10+ years
kitchen supervisor,10+ years
kitchen worker,9 years
kleinfelder,6 years
klm searches,6 years
knowledge and records officer,2 years
knowledge management specialist,3 years
knowledge manager,2 years
kodiak oil & gas corp.,2 years
kodiak support services,9 years
konica minolta,10+ years
kpmg llp,4 years
kraft foods,10+ years
krauss funeral home,4 years
l&d,5 years
l&r distributors,5 years
l&r precision tooling inc.,6 years
l'oreal usa,10+ years
l.danker inc,1 year
l.vn / d.s.d,< 1 year
lab aide,10+ years
lab analyst,4 years
lab animal technician,10+ years
lab assistant,10+ years
lab clerk,9 years
lab director,10+ years
lab engineer 2,< 1 year
lab firector,4 years
lab manager,10+ years
lab medical technologist,10+ years
lab supervisor,7 years
lab support,9 years
lab tech,10+ years
lab tech ii,10+ years
lab technician,10+ years
lab. technician,5 years
labor,10+ years
labor custodian,10+ years
labor driver,< 1 year
labor forman,5 years
labor/operator,< 1 year
laboratory assistant,8 years
laboratory director,1 year
laboratory equipment specialist,1 year
laboratory information manager,2 years
laboratory manager,3 years
laboratory scientist,10+ years
laboratory supervisor,< 1 year
laboratory technician,5 years
laboratory technique,9 years
labore,5 years
laborer,10+ years
laborer custodial,10+ years
laborer foreman,4 years
laboror,8 years
labororer,8 years
lacoste,2 years
ladc,1 year
ladleman,10+ years
lagrone design,4 years
lakeshore inc,4 years
lakeview cheese co.,3 years
land administrator,5 years
land analyst ii,10+ years
land development cord.,3 years
land development manager,1 year
land manager,3 years
land surveyor,10+ years
land technician,< 1 year
landscape architect,5 years
landscape designer,< 1 year
landscape manager,10+ years
landscaper,5 years
language arts teacher,10+ years
language instructor,5 years
lapping guru,6 years
large regional law firm,2 years
larry h miller,4 years
laser lab manager,10+ years
laser operator,1 year
laser operator/punch press operator,3 years
lasertech,2 years
lash artist,< 1 year
lathe,10+ years
latin teacher,< 1 year
laundry,10+ years
laundry assistant,7 years
laundryman,8 years
law clerk,< 1 year
law enforcement,10+ years
law enforcement support tech,10+ years
law enforcement support technician,10+ years
law firm administrator,1 year
law partner,10+ years
law professor,10+ years
law school relationship manager,2 years
lawlibrarian,10+ years
lawn specialist,< 1 year
lawn technician,5 years
"lawson products, inc",4 years
lawyer,1 year
lcsw,8 years
lead,1 year
lead 2,1 year
lead account coordinator,3 years
lead administrative assistant,3 years
lead adminstrator/ academic advisor,2 years
lead architect,5 years
lead assembler,7 years
lead associate,10+ years
lead automotive technician,10+ years
lead baker,10+ years
lead banqts set up,10+ years
lead barista,2 years
lead biostatistician,2 years
lead body tech,< 1 year
lead building engineer,10+ years
lead business analyst,1 year
lead buyer,10+ years
lead carpenter,7 years
lead carpet tech.,4 years
lead case manager,10+ years
lead cashier,4 years
lead cinematic artist,2 years
lead cla,10+ years
lead claim specialist,5 years
lead clerk,7 years
lead client success manager,1 year
lead collision tech.,2 years
lead color blender,10+ years
lead compliance specialist,10+ years
lead computer operator,10+ years
lead consuler,3 years
lead consultant,1 year
lead cook,2 years
lead copywriter,3 years
lead custodian,4 years
lead customer service,10+ years
lead customer service rep,7 years
lead dental assistant,10+ years
lead developer,10+ years
lead digital producer,10+ years
lead driver,4 years
lead dsd,8 years
lead engineer,10+ years
lead estimator,1 year
lead exit booth agent,10+ years
lead foreman,1 year
lead glazier,3 years
lead graphic designer,4 years
lead housekeeping/laundry,10+ years
lead hr & payroll analyst,3 years
lead hr generalist,< 1 year
lead hrbp,3 years
lead installer,10+ years
lead interactive developer,4 years
lead it asset analyst,10+ years
lead it tech,2 years
lead java developer,3 years
lead lab-tech,6 years
lead line maintenance technician,5 years
lead maintenance,3 years
lead man,4 years
lead man dep.,10+ years
lead manufacturing supervisor,10+ years
lead measurement technician,4 years
lead mechanic,10+ years
lead mechanical specialist,10+ years
lead medical assistant,8 years
lead neurodiagnostic technologist,10+ years
lead neuromonitoring technician,2 years
lead operation supervisor,6 years
lead operator,1 year
lead painter,10+ years
lead paiter,10+ years
lead paratransit driver,10+ years
lead pastor,10+ years
lead patient access liaison,10+ years
lead patient access representative,10+ years
lead person,5 years
lead pharmacy technician,10+ years
lead phlebotomist,10+ years
lead physical therapist,8 years
lead press operatior,10+ years
lead processor,2 years
lead product developer,10+ years
lead programmer,7 years
lead programmer analyst,8 years
lead programming analyst,< 1 year
lead project manager,4 years
lead public information asst,10+ years
lead quality technician,3 years
lead radiology technician,< 1 year
lead reset merchandiser,8 years
lead resnet technician,8 years
lead rim specialist,3 years
lead rough in crews,2 years
lead safety technician,2 years
lead sales manager,1 year
lead scientist,10+ years
lead security manager,< 1 year
lead security member,5 years
lead server,10+ years
lead slitter operator,10+ years
lead sous chef,1 year
lead specialist,2 years
lead sr. adjuster,10+ years
lead station agent,5 years
lead sterile processing tech,2 years
lead supervisor,10+ years
lead support clerk,10+ years
lead systesms designer,2 years
lead tax tech,10+ years
lead teacher,7 years
lead tech,1 year
lead tech engineer,5 years
lead tech/safety chair,10+ years
lead technical service representative,1 year
lead technician,1 year
lead technologist,9 years
lead technologist in radilology,10+ years
lead teller,2 years
lead teller ops,6 years
lead teller ops specialist,5 years
lead testing engineer,10+ years
lead tinter,1 year
lead toddler teacher,2 years
lead transitional living coordinator,5 years
lead transportation officer,7 years
lead transportation security officer,7 years
lead truck driver/router,10+ years
lead voucher examiner,3 years
lead weight technician,10+ years
lead xray tech,10+ years
leader,10+ years
leader bank,7 years
leadman,1 year
lean tech,10+ years
learning & development manager,3 years
learning and development facilitator,6 years
learning consultant,6 years
learning delivery consultant,1 year
learning disabilites teacher consultant,9 years
learning manager,10+ years
learning specialist,< 1 year
learning support specialist,4 years
lease #1 operator,10+ years
lease administrator,1 year
lease operator,5 years
lease processor,3 years
leasing agent,3 years
leasing consultant,1 year
leasing director,8 years
leasing manager,1 year
leasing professional,2 years
leasing sales manager,10+ years
leather installer,4 years
leave and absence specialist,5 years
lebor,5 years
lecturer,3 years
legal,10+ years
legal administrator,9 years
legal analyst,4 years
legal and compliance manager,9 years
legal assistance,10+ years
legal assistant,10+ years
legal assistant manager,10+ years
legal case technician,7 years
legal coordinator,8 years
legal executive assistant,9 years
legal process technician,< 1 year
legal processing assistant ii,10+ years
legal receptionist,2 years
legal representative,6 years
legal research deputy,10+ years
legal researcher,10+ years
legal secretary,10+ years
legal secretary ii,8 years
legal services corporation,10+ years
legal specialist,10+ years
legislative affairs,9 years
legislative analyst,10+ years
legislative assistant,8 years
legislator,5 years
lehigh valley health network,10+ years
lehigh valley hospital-ssfm,5 years
lemcon usa corporation,9 years
lending development specialist,1 year
lending manager,8 years
lending officer,10+ years
lending specialist,4 years
letter carrier,10+ years
levelland ems,10+ years
levi strauss & co,3 years
liability adjuster,< 1 year
liaison,1 year
liason,10+ years
liberty mutual insurance,1 year
librarian,10+ years
librarian assistant and counselor,6 years
library assistant,4 years
library branch manager,1 year
library media specialist,10+ years
library page,10+ years
library specialist 3,10+ years
library support assistant,3 years
library support associate,3 years
library technician 3,5 years
library technology manager,9 years
lic mammo and x-ray tech,7 years
license and permit administor,9 years
licensed agent,4 years
licensed clinical psychologist,1 year
licensed clinical social worker,10+ years
licensed funeral director,10+ years
licensed insurance rep,10+ years
licensed massage therapist,2 years
licensed mental health technician,9 years
licensed nurse,5 years
licensed optician,10+ years
licensed pest control technician,1 year
licensed plumber,7 years
licensed practical nurse,< 1 year
licensed practicle nurse,3 years
licensed pricatical nurse,9 years
licensed sales professional,10+ years
licensed surveyor,2 years
licensed veterinary technician,8 years
licensed vocational nurse,10+ years
licensened envir. health specialist,10+ years
licensing,10+ years
licensing officer,10+ years
licensing registration examiner,4 years
lieutenant,10+ years
lieutenant - sheriff's office,10+ years
lieutenant colonel,10+ years
lieutenant colonel/ navigator/,10+ years
lieutenant paramedic,10+ years
lieutenant/training academy,10+ years
life care centers,6 years
life customer service assistant,2 years
life insurance agent,7 years
life renewal auditor,10+ years
life safety educator,6 years
lifeline line home health,5 years
lifespan,1 year
lifesteps inc,3 years
"lifeties, inc.",5 years
lifewatch services,5 years
lift maintenance manager,10+ years
lift operator,10+ years
lightrail mechanic,6 years
limited supply specialist,10+ years
lincoln financial group,8 years
lindbergh school district,8 years
lindsey limousine,5 years
line cook,3 years
line haul driver,5 years
line inspector,10+ years
line lead,2 years
line leader,1 year
line locate tech,10+ years
line man,4 years
line manager,8 years
line mechanic,6 years
line operator,10+ years
line technician,2 years
line tender,9 years
line worker,10+ years
linehaul driver,2 years
lineman,10+ years
linguist,10+ years
liquid petroleum salesman,5 years
liquid video technologies inc,8 years
lis coordinator,10+ years
liskow and lewis,2 years
listing coordinator,8 years
literacy district aide,3 years
literacy facilitator,1 year
literacy leader,1 year
lithotripsy tech,10+ years
litigation manager,10+ years
litigation paralegal,10+ years
litigation secretary,1 year
litigation specialist,10+ years
live operator,1 year
live stock,10+ years
live-in care giver,2 years
lm,3 years
lma,10+ years
lmt,3 years
lmt & yoga & fitness instructor,8 years
load planner,7 years
loader,10+ years
loader operator,10+ years
loader/operator,10+ years
loading supervisor,10+ years
loadmaster,3 years
loan administration,9 years
loan administrator,10+ years
loan analyst,3 years
loan auditor,2 years
loan buyer,10+ years
loan closer,1 year
loan consultant,4 years
loan coordinator,10+ years
"loan dept manager, avp",2 years
loan documentation specialist,3 years
loan manager,10+ years
loan officer,2 years
loan officer assistance,< 1 year
loan officer asst,6 years
loan officer manager,10+ years
loan officere,< 1 year
"loan operations project analyst, vp",10+ years
loan originator,4 years
loan processor,< 1 year
loan reviewer,1 year
loan servicing,3 years
loan servicing specialist,9 years
local account manager,< 1 year
local delivery specialist,10+ years
local manger,10+ years
locamotive engineer,10+ years
located technician,2 years
location manager,2 years
lock operator,3 years
lockheed martin,10+ years
locksmith,2 years
locksmith i,1 year
locomotive conductor,9 years
locomotive engineer,10+ years
locomotive mechanic,10+ years
logging firman,10+ years
logisitics manager,6 years
logistic management specealist,< 1 year
logistic manager,8 years
logistic specialist,3 years
logistician,5 years
logistics,10+ years
logistics analyst,10+ years
logistics and quality manager,10+ years
logistics and warehouse manager,3 years
logistics coordiantor,1 year
logistics coordinator,10+ years
logistics management analyst sr,10+ years
logistics management specialist,1 year
logistics manager,10+ years
logistics mgr,10+ years
logistics operations,10+ years
logistics specialist,10+ years
logistics supervisor,10+ years
logistics-field service,10+ years
lone star distribution,4 years
long island rail road,6 years
long term sub,1 year
longshoreman,10+ years
longshoremen,10+ years
longstreet,10+ years
lord & taylor,1 year
loring ward,4 years
los angeles department of water and powe,7 years
los angeles superior court,10+ years
los angeles unified school district,10+ years
los osos pet hospital,10+ years
loss mitigation specialist,8 years
loss prevention,< 1 year
loss prevention supervisor,10+ years
loudon county government,8 years
lounge bartender,3 years
low voltage technician,< 1 year
"lowe's companies, inc.",10+ years
lower level manager,10+ years
lowes home improvements,3 years
lp service tech.,< 1 year
lpn,< 1 year
lpn nurse,10+ years
lrcc,5 years
lsp team lead,10+ years
lt commander,10+ years
ltd senior claims manager,3 years
ltos,8 years
ltso,10+ years
lubbock heart hospital,9 years
lucky super market,10+ years
lumber grader,5 years
lunchroom cook,< 1 year
lvn,< 1 year
lvn case manager,4 years
lvn charge nurse,1 year
lvn vocational nurse,< 1 year
m&s enterprises,10+ years
ma,3 years
ma instructor,< 1 year
mac cosmetics,4 years
mac operator,7 years
machanic,10+ years
machienist,10+ years
machind operator,10+ years
machine builder,10+ years
machine lead,10+ years
machine operation,8 years
machine operations,10+ years
machine operator,10+ years
machine opperator,10+ years
machine preparer,3 years
machine repair,10+ years
machine shop supervisor,9 years
machine specialist,9 years
machine tech,10+ years
machine technician,10+ years
machineist,10+ years
machineist mate,8 years
machineoperator,1 year
machinery operator,10+ years
machines,3 years
machinest,10+ years
machining tech,8 years
machinist,10+ years
machinist / supervisor,2 years
machinist 3,4 years
machinist iii,10+ years
machinist operator,6 years
machinists,6 years
madison dearborn partners,2 years
madison villa apts.,10+ years
magnolia road,1 year
mail carrier,10+ years
mail clerk,10+ years
mail handler,10+ years
mail handlet,10+ years
mail processing clerk,3 years
mailcarrier,10+ years
mailhandler,10+ years
mailroom and data entry clerk,< 1 year
main supervisor,10+ years
maine east high school,10+ years
mainframe support analyst,6 years
maint / e&i tech,10+ years
maint splicer,10+ years
maint supv,3 years
maint tech,< 1 year
maint. tech 3,10+ years
maint.mechanic,10+ years
maintainer,10+ years
maintanace manager,9 years
maintanance asst.,< 1 year
maintance,10+ years
maintance supervisor,5 years
mainteance,10+ years
mainteance mechanic,10+ years
mainteance tec.,6 years
maintenace engineer,3 years
maintenance,10+ years
maintenance & printing,10+ years
maintenance (handyman),5 years
maintenance admin,10+ years
maintenance and cleaning services,< 1 year
maintenance and construction,1 year
maintenance assistant,10+ years
maintenance coordinator,10+ years
maintenance craftsman,10+ years
maintenance director,10+ years
maintenance electrician,2 years
maintenance engineer,2 years
maintenance foreman,2 years
maintenance lead,10+ years
maintenance manager,10+ years
maintenance manger,10+ years
maintenance mechanic,10+ years
maintenance mechanic/carpenter,< 1 year
maintenance mgr,10+ years
maintenance officer,10+ years
maintenance planner,7 years
maintenance safety specialist,10+ years
maintenance section chief,10+ years
maintenance semi mechanic,2 years
maintenance splicer,10+ years
maintenance staff,8 years
maintenance superintendent,< 1 year
maintenance superviser,7 years
maintenance supervisior,3 years
maintenance supervisor,10+ years
maintenance supervisor/scheduler,7 years
maintenance surpervisor,10+ years
maintenance tech,10+ years
maintenance tech iii,1 year
maintenance tech.,10+ years
maintenance technician,10+ years
maintenance tecnician,10+ years
maintenance worker,10+ years
maintence,10+ years
maintenence,10+ years
maitance,10+ years
maitenance technician,5 years
major,10+ years
malarkey roofing,10+ years
malware researcher,6 years
mammographer,10+ years
mammography technologist,2 years
managar,9 years
managee,10+ years
management,10+ years
management analyst,10+ years
management analyst 3,10+ years
management analyst iii,10+ years
management and program analyst,10+ years
management assistant,10+ years
management consultant,10+ years
management consultant manager,2 years
management consulting analyst,< 1 year
management consulting manager,10+ years
management supervisor,< 1 year
management trainee,1 year
managemnt analyst,4 years
manager,10+ years
manager - audit,3 years
manager - client care,9 years
manager - strategic accounts,1 year
manager / csr,5 years
manager ad sales,4 years
manager assistent,4 years
manager bar tender,9 years
manager case management/nurse,7 years
manager communication systems,10+ years
manager controlling the americas,10+ years
manager customer relations,10+ years
manager customer service,10+ years
manager email quality assurance,2 years
manager environmental,10+ years
manager finance,10+ years
manager financial analysis,10+ years
manager ii,10+ years
"manager ii, customer care",7 years
manager iii,10+ years
manager international sales,10+ years
manager life financial reporting,10+ years
manager major incident recovery,10+ years
manager media production,< 1 year
manager medical group,10+ years
manager of account services,2 years
manager of administrative services,10+ years
manager of business administration,10+ years
manager of business process,10+ years
manager of capital projects,2 years
manager of case management,1 year
manager of clinical practice,2 years
manager of community engagement,10+ years
manager of data analytics,9 years
manager of financial reporting,2 years
manager of information technology,10+ years
manager of internet services,9 years
manager of knowledge management,10+ years
manager of logistics,10+ years
manager of merchandising,2 years
manager of operations,10+ years
manager of planning,7 years
manager of population health,2 years
manager of project coordinators,10+ years
manager of projects,5 years
manager of sales analytics,7 years
manager of transit studies,4 years
manager of vilet department,8 years
manager operations programs support,10+ years
manager operator,10+ years
manager project management,7 years
manager proposals,4 years
manager supply chain,10+ years
manager system administration,4 years
manager water treatment,10+ years
"manager, accounting",2 years
"manager, business analyst",10+ years
"manager, business development",5 years
"manager, clinical data management",2 years
"manager, clinical engineering",< 1 year
"manager, consumer communications",10+ years
"manager, corporate claims",10+ years
"manager, data centers",7 years
"manager, demand planning",10+ years
"manager, ehs programs",< 1 year
"manager, engineering",3 years
"manager, financial systems",5 years
"manager, fiscal operations",9 years
"manager, funeral director",8 years
"manager, global logistics",1 year
"manager, group department",6 years
"manager, hr",10+ years
"manager, it application",1 year
"manager, new business",1 year
"manager, nurse",2 years
"manager, professional services",8 years
"manager, purchasing & asset management",1 year
"manager, real estate m&a",10+ years
"manager, safety and training",10+ years
"manager, sap data governance",4 years
"manager, technical support",10+ years
"manager, warehouse",6 years
manager- hair sylist,5 years
manager- organization change management,1 year
manager- system engineering,5 years
manager-10022 shoe,2 years
manager/ loan offier,10+ years
manager/bartender,< 1 year
managerial,2 years
managerial asst.,10+ years
managing associate director,10+ years
managing clerk/paralegal supervisor,6 years
managing consultant,10+ years
managing director,10+ years
managing director - media & telecom m&a,4 years
managing director/portfolio mgr.,6 years
managing editor,1 year
managing excecutive,9 years
managing member,2 years
managing membr,4 years
managing optometrist,1 year
managing partner,10+ years
managing partner - ceo,10+ years
managing principal,4 years
managing staff attorney,8 years
mananger,9 years
manassas city police,10+ years
manchester bar,8 years
mangaer,5 years
mangaer font end,7 years
manger,10+ years
manicurist,10+ years
manifest coordinator,10+ years
manpower,2 years
manteance mechanic,2 years
mantenance,10+ years
mantenimiento,8 years
manufacture's representative,10+ years
manufacturing,1 year
manufacturing coordinator,< 1 year
manufacturing engineer,< 1 year
manufacturing engineer ii,9 years
manufacturing engineer tech,10+ years
manufacturing engineering specialist,3 years
manufacturing manager,1 year
manufacturing specialist,< 1 year
manufacturing supervisor,2 years
manufacturing tech,1 year
manufacturing technician,< 1 year
marcotte ford,10+ years
marcus & millichap,8 years
marek bros.sys.,10+ years
marine machinery repairer,10+ years
marine mammal specialist,< 1 year
marine supervisor,10+ years
market analyst,3 years
market center administrator,3 years
market development manager,2 years
market development specialist,2 years
market director,10+ years
market leader,4 years
market manager,10+ years
market president,10+ years
market sales manager,4 years
marketer,< 1 year
marketing,10+ years
marketing & advertising rep,< 1 year
marketing & game operations coordinator,< 1 year
marketing - product manager,10+ years
marketing analyst,2 years
marketing and human resources coordinato,2 years
marketing automation manager,< 1 year
marketing automation specialist,8 years
marketing brand specialist,3 years
marketing communications associate,9 years
marketing consultant,6 years
marketing coordinator,< 1 year
marketing director,10+ years
marketing manager,10+ years
marketing manager / lead,5 years
marketing manger,9 years
marketing project manager,3 years
marketing rep,10+ years
marketing specialist,< 1 year
marketing technology coordinator,9 years
marriage and family therapist,9 years
marriott international,3 years
marsh inc,10+ years
marta,7 years
marten transport ltd,10+ years
marvin windows,10+ years
maryland general hospital,10+ years
mason,10+ years
mason contractor,< 1 year
mass communicator,5 years
massage envy,5 years
massage therapist,10+ years
master control,10+ years
master control operator,2 years
master data manager,9 years
master dyer,10+ years
master mechanic,2 years
master scheduler,10+ years
master sergeant,10+ years
"master sergeant, rss, s3 ops sgm",10+ years
master stylist,1 year
master tech,2 years
master tech/diesel tech,10+ years
master technician,10+ years
master underwriter,10+ years
mate,5 years
material & inventory supervisor,5 years
material analyst,10+ years
material buyer/planner i,5 years
material control,10+ years
material controller,10+ years
material coordinator,3 years
material handler,10+ years
material handler/inventory control,10+ years
material handling,10+ years
material handling lead,1 year
material handling supervisor,10+ years
material manager,10+ years
material mgmt lead,2 years
material planner,7 years
material planner ii,7 years
material processer,10+ years
material receiving tech,8 years
material scheduler,< 1 year
material specialist,10+ years
material transportation driver,10+ years
materials,1 year
materials coordinator,< 1 year
materials engineer,4 years
materials handler,10+ years
materials management specialist,8 years
materials management technician,< 1 year
materials manager,1 year
materials program lead,4 years
materials specialist,< 1 year
math teacher,10+ years
math teacher and consultant,3 years
math teacher specialist,10+ years
mathematics teacher,1 year
matreial coordinator,1 year
maverick label,3 years
maxwell kates,10+ years
mayfield dairy farms,1 year
mayo clinic,10+ years
mazak,7 years
maã§on,10+ years
mccalla raymer llc,3 years
mccann industries,10+ years
mckenna bmw,6 years
mclane food service,3 years
mco,5 years
md,7 years
md1 manager,< 1 year
mds consultant,1 year
meals on wheels site manager,9 years
measurement account manager,1 year
measurement research associate,3 years
measurement tech,3 years
measurement tech 111,6 years
measurement technician,10+ years
meat clerk,10+ years
meat cutter,10+ years
meat cutter/manager,10+ years
meat manager,10+ years
meat manger,10+ years
meat market,10+ years
meat market clerk,< 1 year
meat market stocker,8 years
meat specialist,5 years
meatcutter,10+ years
meatince,2 years
mecanic,9 years
mech,9 years
mechanic,10+ years
mechanic lead,3 years
mechanic operator,4 years
mechanic specialist,4 years
mechanic/ helper,7 years
mechanic/technician,2 years
mechanical,5 years
mechanical adjuster,3 years
mechanical design,< 1 year
mechanical designer,10+ years
mechanical engineer,10+ years
mechanical operator cel,1 year
mechanical tech,1 year
mechanical technician,1 year
mechanical/plumbing services lead,4 years
mechanical/test technitian,5 years
mechanized stockhandler,6 years
mechcanic,10+ years
meco corporation,10+ years
med asst,10+ years
medaide,2 years
media consultant,7 years
media director,10+ years
media manager,6 years
media relations director,10+ years
media resource specialist,6 years
media specialist,10+ years
media technician,8 years
medic,4 years
"medic, office ncoic",10+ years
medicaid eligibility specialist,< 1 year
medical,10+ years
medical administration,9 years
medical affairs liaison,< 1 year
medical assembly,3 years
medical assiatant,10+ years
medical assistant,10+ years
medical assitent,2 years
medical bill coordinator,5 years
medical biller,3 years
medical billing,10+ years
medical billing manager,2 years
medical billing rep,10+ years
medical billing specialist,3 years
medical case manager,4 years
medical case worker,8 years
medical claim adjuster,8 years
medical coder,10+ years
medical coder/biller,2 years
medical coding specialist,3 years
medical device operator,3 years
medical director,< 1 year
medical distribution technician,10+ years
medical doctor,10+ years
medical esthection,8 years
medical executive assistant,10+ years
medical information technology,7 years
medical lab technician,3 years
medical lab. technologist,1 year
medical laboratory scientist,2 years
medical laboratory scientist (bsmt),7 years
medical laboratory technician,7 years
medical management specialist,5 years
medical marijuana premise inspector,< 1 year
medical office manager,8 years
medical office receptionist,7 years
medical office representative,3 years
medical office specialist,10+ years
medical policy nurse,2 years
medical receptionist,10+ years
medical records,10+ years
medical records assistant,1 year
medical records coodinator/registration,10+ years
medical records coordinator,10+ years
medical records director,< 1 year
medical records specialist,< 1 year
medical records technician,10+ years
medical sales rep,< 1 year
medical science liaison,4 years
medical security officer,3 years
medical specialist,10+ years
medical staff,3 years
medical staff coordinator,3 years
medical staff services coordinator,2 years
medical support assistant,10+ years
medical techician,7 years
medical technician,1 year
medical technologist,7 years
medical technologist supervisor,10+ years
medical transcription,10+ years
medical transcriptionist,6 years
medical writer,2 years
"medical, clinical liasion",6 years
medication aid,6 years
medication assistant,1 year
medication technician/ cna,10+ years
meetings coordinator,2 years
mel vending,7 years
melter,3 years
member,10+ years
member enrollment specialist,7 years
member manager,5 years
member relationship representative,< 1 year
member service,10+ years
member service officer,2 years
member service rep,2 years
member service representative,2 years
member service representitive,6 years
member service specialist,10+ years
member services,10+ years
member services specialist,1 year
membership director,10+ years
membership manager,10+ years
membrane fabricator,2 years
mental health behavior therapist,2 years
mental health clinican,5 years
mental health coordinator,2 years
mental health counselor,10+ years
mental health partner,2 years
mental health professional,10+ years
mental health support worker,5 years
mental health technician,2 years
mental health ther,6 years
mental health therapist,3 years
mental health therapy aide,10+ years
mental health worker,8 years
"mental hlth, sub use care coordinator",2 years
mentee management associate,3 years
mentor,6 years
mentor supervisor,3 years
meps guidance counselor,10+ years
merchandise,2 years
merchandise execution associate,7 years
merchandise host hostess,6 years
merchandise manager,10+ years
merchandise processor,1 year
merchandiser,2 years
merchandising,1 year
merchandising associate,2 years
merchandising coordinator,10+ years
merchandising manager,4 years
merchandisor,10+ years
merchandizing specialist,9 years
merchanic,10+ years
merck,8 years
mergers & acquisitions broker,2 years
meridian legal,1 year
merion matters,10+ years
meritec services,1 year
merrill lynch,2 years
mesa airlines,8 years
messenger,7 years
met tech.,7 years
metal construction materials,< 1 year
metal technician,3 years
metallurgist,6 years
meter reader,4 years
methodist hospital,1 year
mexico bureau chief,9 years
mfg. assoc.,10+ years
mfg. spec. iii,10+ years
mgmt support assistant,4 years
mgr,10+ years
"mgr, technical business analysis",4 years
mgr.,8 years
mgr. mutuels & simulcasting,10+ years
mgt,1 year
mh 2,10+ years
mi instructor,10+ years
miami dade county public schools,5 years
miami valley hospital,10+ years
"michael j. clark, cpa",2 years
michigan bankers title,10+ years
microbiologist,2 years
micron,10+ years
microsoft,6 years
microsoft corporation,< 1 year
microway systems,1 year
mid-level management,10+ years
mid-level practitioner,10+ years
midcom corporation,10+ years
middle school teacher,10+ years
migration consultant,1 year
miles & stockbridge,10+ years
milieu associate,< 1 year
military analyst iii,3 years
military family life counselor,< 1 year
military language instructor,4 years
military officder,10+ years
military pay technician,10+ years
military police,10+ years
military science instructor,10+ years
military service rep,2 years
military training leader,10+ years
millwright,10+ years
mine examiner,10+ years
mine foreman,5 years
miner operator,3 years
minister,10+ years
minister with youth,5 years
minnesota national bank,4 years
mission assurance coordinator,< 1 year
mission payload engineer,3 years
mixcer drivers,10+ years
mixer,10+ years
mixer driver,5 years
mlt outreach,10+ years
mobile diagnostic technician scheduler,10+ years
mobile maintenance superintendent,4 years
mobile road tech,1 year
mobile unit assiatant,10+ years
mobile waiter,1 year
mod crew,2 years
mod team,10+ years
model maker,1 year
modular team,7 years
module technician,10+ years
mold setter,< 1 year
mold shop supervisor,10+ years
molecular biologist,2 years
momentum worldwide,3 years
mondelez international,9 years
money center,10+ years
monitor tech,4 years
monitor tech/secretary,10+ years
monterey mills,10+ years
montgomery county public schools,10+ years
moody's corporation,8 years
moore & van allen,10+ years
morgage lender,3 years
morongo casino resort & spa,10+ years
morris school district,10+ years
mortgagage banker,10+ years
mortgage auditor,< 1 year
mortgage banker,3 years
mortgage banker & real estate broker,10+ years
mortgage banking assistant,7 years
mortgage closer,1 year
mortgage consultant,10+ years
mortgage coordinator,5 years
mortgage fraud investigator,10+ years
mortgage loan analyst,< 1 year
mortgage loan officer,5 years
mortgage loan originator,1 year
mortgage loan processor,1 year
mortgage loan underwriter,2 years
mortgage operations support,5 years
mortgage originator,4 years
mortgage processor,10+ years
mortgage professional,< 1 year
mortgage underwriter,2 years
mortician,10+ years
mosaic potash inc.,10+ years
mot,10+ years
motel manager,10+ years
motion industries,5 years
"motion industries, inc",10+ years
motor carrier safety specialist,10+ years
motor sergeant,10+ years
motor truck driver,10+ years
motor vehicle operator,5 years
motor vehicle operator specialist,10+ years
motorhand,2 years
motorman,10+ years
moving consultant,< 1 year
mow crew foreman,7 years
mprf,10+ years
mr. joe's chimney sweep service,10+ years
mrb representative,7 years
mri tech,5 years
mri technologist,10+ years
mri techologist,8 years
mro buyer,1 year
mrtg loan credit specialist,3 years
msa,2 years
msg,10+ years
msn,6 years
"msn,rn , cwocn",5 years
msnager,10+ years
msr,6 years
mt,6 years
mt manager,10+ years
mtm mechanical,9 years
mto,10+ years
mts,10+ years
multi machine operator,5 years
multi-channel agent,2 years
multimedia designer,4 years
munitions specialist,10+ years
music and liturgy director,5 years
music director,10+ years
music instructor,3 years
music supervisor,10+ years
musician/owner,4 years
mvm inc,4 years
mygrant glass co,7 years
na i,6 years
nading mech,10+ years
nail tech,2 years
nail technician,10+ years
nanny,< 1 year
nanny houskeper,9 years
napa auto parts,10+ years
nash finch,10+ years
nash rocky mount schools-coopers elemen,10+ years
nat'l mtgs and events mgr,1 year
national account ar specialist,5 years
national account director,10+ years
national account manager,6 years
national account pricing analyts,1 year
national accounts billing administrator,2 years
national accounts manager,10+ years
national accounts regional manager,6 years
national business development,4 years
national director of legal recruiting,< 1 year
national facilities manager,1 year
national hr leader,10+ years
national mobile fleet manager,1 year
national operations manager,10+ years
national sales director,7 years
national sales executive,< 1 year
national sales manager,2 years
national surgical consultant,10+ years
national underwriting trainer,3 years
nationwide power,10+ years
natural gas,4 years
natural resource specialist,< 1 year
natural selection promotions,7 years
navy chief,10+ years
nbc universal,7 years
nbis,10+ years
nc programmer,10+ years
nc taxi,10+ years
nca claims administration,4 years
ncma,4 years
ncoic,10+ years
ncsa,10+ years
ndi inspector,10+ years
ndt level ii inspector,< 1 year
ndt tecnichian,10+ years
neighborcare pharmacy,10+ years
neiman marcus,10+ years
neonatal nurse practitioner,10+ years
nestle,1 year
"netapp capital solutions, operations mgr",7 years
netsuite adminisatrator,< 1 year
netsuite administrator,4 years
network & pc specialist,5 years
network admin,10+ years
network administrator,10+ years
network adminstrator,10+ years
network analyst,1 year
network analyst ii,< 1 year
network and computer administrator,2 years
network architect,< 1 year
network delivery manager,10+ years
network engineer,< 1 year
network interconnection mgr,1 year
network maintenance technician,10+ years
network management director,< 1 year
network manager,10+ years
network operations tech (noc),4 years
network operations technician,10+ years
network representative,9 years
network security consultant,3 years
network security engineer,2 years
network security operations center analy,2 years
network support engineer ii,< 1 year
network tech,10+ years
network technical support,< 1 year
network technician,10+ years
networks operations,< 1 year
neu,10+ years
neurologist,10+ years
neuropsychologist,10+ years
new account installer,5 years
new accounts manager,7 years
new business analyst,3 years
new business development,3 years
new day productions,10+ years
new jersey transit corporation,7 years
new jersey transit rail operations,10+ years
new york city department of parks  & rec,10+ years
new york presbyterian,< 1 year
new york state nurses association,1 year
new york state tax & finance,7 years
newark mentoring movement,1 year
newell recycling of atlant,6 years
newmont mining corporation,1 year
news paper delivery,10+ years
news reporter,3 years
news writer,< 1 year
newspaper carrier,10+ years
nexcom usa,1 year
nextera energy,10+ years
nhn usa inc,3 years
nigel frank international,3 years
night aid,10+ years
night auditor,4 years
night cleaner,10+ years
night clerk,10+ years
night custodian,10+ years
night dispatcher,3 years
night grocery,1 year
night maintenance,4 years
night manager,10+ years
night manger,10+ years
night service manager,1 year
night shift charge nurse,3 years
night shift supervisor,10+ years
night shift work coordinarot,10+ years
night stocker,4 years
nightclub bartender,7 years
nightshift,10+ years
nightshift supervisor,4 years
nissan master technician,10+ years
njdep,9 years
"njvc, llc",2 years
noble finance,< 1 year
noc engineer,2 years
noc supervisor,3 years
noc technician,< 1 year
non clinical manager,8 years
non con order filler,3 years
non profit,10+ years
nordstrom,10+ years
norfolk naval shipyard,10+ years
norfolk southern corp,10+ years
north america sales manager,3 years
north american safety manager,10+ years
north carolina state bureau of inv.,5 years
north memorial medical center,10+ years
north park lexus,4 years
"northgatearinso, inc",10+ years
northrop grumman systems corp,5 years
northwestern medical faculty foundation,3 years
northwestern mutual,2 years
northwestern oklahoma state university,1 year
northwestern univeristy,10+ years
notice and scheduling clerk,2 years
noxious weed supervisor,10+ years
np,1 year
npa associates,5 years
nsss,6 years
"ntt data, inc.",1 year
nuclear medicine,10+ years
nuclear medicine technologist,10+ years
nuclear pharmacy technician,4 years
nuclear security officer,4 years
nuclear training instructor,3 years
nuclear training manager,10+ years
nuesr,8 years
nurse,10+ years
nurse administrator,10+ years
nurse analyst,10+ years
nurse anesthetist,10+ years
nurse assistant,10+ years
nurse care manager,10+ years
nurse care pardner,9 years
nurse case manager,2 years
nurse educator,5 years
nurse manager,10+ years
nurse manager rn iv,10+ years
nurse manger,10+ years
nurse pracititioner,2 years
nurse practictioner,7 years
nurse practitioner,10+ years
"nurse practitioner, hospitalist",5 years
"nurse practitioner, neurosurgery",2 years
nurse qi advisor remote,2 years
nurse supervisor,10+ years
nurse supervisor  -lpn,< 1 year
nurse technician,1 year
nurse/lvn,5 years
nurse/tech,10+ years
nurses aid,2 years
nurses aide,10+ years
nurses assistant,10+ years
nursing administrator,10+ years
nursing assistand,4 years
nursing assistant,10+ years
nursing assistant team leader,10+ years
nursing assistant/instructor,7 years
nursing assistant: unit secratary,10+ years
nursing attendant,10+ years
nursing clinical supervisor,10+ years
nursing director,1 year
nursing faculty,2 years
nursing instructor,< 1 year
nursing secretary,5 years
nursing supervisor,10+ years
nursing technician,10+ years
"nutri-health supplements, llc",7 years
nutrientist,4 years
nutrition associate,2 years
nutrition care nco,7 years
nutrition site supervisor,9 years
ny state dept. of corrections,10+ years
nyc department of corrections,4 years
nyc dept of parks and recreation,< 1 year
nypd traffic,1 year
o'reilly auto parts,5 years
o.s.t. trucking inc.,9 years
oak park and river forest high school,10+ years
oakley country club,10+ years
obgyn,2 years
occupational therapist,10+ years
occupational therapist assistant,10+ years
occupational therapist iii,10+ years
occupational therapy,3 years
ocean services,< 1 year
od consultant,3 years
oem specialist,10+ years
oeprations manager,3 years
offce engineer,3 years
office,10+ years
office & safety mgr.,5 years
office account manager,7 years
office admin,10+ years
office administrative assistant,5 years
office administrator,10+ years
office adminstrator,10+ years
office and sales manager,1 year
office asaistant iii,10+ years
office assistant,10+ years
office assistant 111,10+ years
office assistant ii,5 years
office assistant iii,8 years
office assistant/ receptionist,10+ years
office assistant/dispatch,5 years
office associate,10+ years
office automation assistant,< 1 year
office chairs incorporated,10+ years
office clerk,10+ years
office clerk/,10+ years
office coordinator,10+ years
office facilities administrator,2 years
office head and attorney,10+ years
office managed,1 year
office manager,10+ years
office manager & medical assistant,4 years
office manager / bookkeeper,10+ years
office manager / sales,10+ years
office manager/ paralegal,6 years
office manager/acctg,10+ years
office manager/administrative assistant,2 years
office manager/biller,10+ years
office manager/bookkeeper,10+ years
office manager/clearance officer,5 years
office manager/payroll,10+ years
office manager/receptionist,2 years
office managers,8 years
office mananger,4 years
office manger,10+ years
office mano,7 years
office mgr,10+ years
office mgr.,1 year
office mgr/executive asst.,10+ years
office of the state engineer,10+ years
office service manager,6 years
office services manager,< 1 year
office specialist,3 years
"office specialist, intermediate",< 1 year
office supervisor,5 years
office support,1 year
office support manager,10+ years
office support specialist,10+ years
office technician,2 years
officer,10+ years
officer -strategic planner,10+ years
officers,10+ years
offline,10+ years
offshore construction manager,4 years
ohsu,3 years
oiler,10+ years
olive garden,4 years
omd,2 years
omnicare,10+ years
on road supervisor,10+ years
on site business services,5 years
on site medical lpn,3 years
on-air operations supervisor,10+ years
on-air personality,5 years
on-call instructor/receptionist,3 years
onboarding manager,1 year
oncology clinic manager,2 years
oncology secretary,6 years
onconova therapeutics inc,10+ years
one,3 years
online coordinator,3 years
online marketing manager,3 years
onsite liaison,5 years
"oom yung doe, llc",9 years
op manager,10+ years
op supervisor,10+ years
op tech,3 years
operario,3 years
operater,6 years
operating engineer,2 years
operating partner,2 years
operating room nurse,6 years
operating room technician,7 years
operating technician,5 years
operation,10+ years
operation administrator,10+ years
operation dept asst mgr,10+ years
operation manager,2 years
operation nanager,6 years
operation sergeant,1 year
operation specialist,6 years
operation supervisor,7 years
operation tech 2,5 years
operational assistant manager,3 years
operational risk consultant,10+ years
operational supervisor,10+ years
operations,10+ years
operations & manufacturing manager,2 years
operations /purchasing agent,10+ years
operations accountant,1 year
operations administrative assistant,< 1 year
operations agent,10+ years
operations analysis,10+ years
operations analyst,10+ years
operations analyst i,10+ years
operations asm,10+ years
operations assistant,1 year
operations assistent,2 years
operations associate,< 1 year
operations clerk,10+ years
operations coach,2 years
operations consultant,8 years
operations controller,10+ years
operations coordinator,10+ years
operations director,1 year
operations director of membership,2 years
operations executive,5 years
operations expert,3 years
operations lead,1 year
operations management,3 years
operations manager,10+ years
operations manager emergency department,10+ years
operations manager/ sergeant,7 years
operations manger,10+ years
operations mgr,7 years
operations monitoring analyst,1 year
operations nco,10+ years
operations officer,10+ years
operations planning manager,4 years
operations program coordinator,10+ years
operations research analyst,10+ years
operations specialist,10+ years
operations store advisor,9 years
operations supervisor,10+ years
operations support manager,10+ years
operations support specialist,10+ years
operations team lead,2 years
operations technician,10+ years
operations workforce manager,9 years
operations/compliance,6 years
operations/events manager,8 years
operations/project manager,10+ years
operator,10+ years
operator iii,9 years
operator labor driver,< 1 year
operator machine,10+ years
operator tech,10+ years
operator technician,3 years
operator/controller,4 years
operator/laborer,7 years
operator/leadman,2 years
operattions manager,10+ years
opertions manager owner,10+ years
ophthalmic assisstant,4 years
ophthalmic technician,< 1 year
ophthlamic tech,3 years
opn,10+ years
opperations manager,2 years
opreations manager,10+ years
ops mgr,10+ years
ops supervisor,3 years
opt,6 years
optical laboratory manager,10+ years
optical tech,3 years
optical technician,10+ years
optician,3 years
option,10+ years
optometric tech,10+ years
optometrist,1 year
or attendant,10+ years
oracle,3 years
oracle dba,1 year
orden selector,10+ years
order administrator,6 years
order builder,10+ years
order desk,9 years
order filler,10+ years
order processing,2 years
order processing coordinator,9 years
order selector,3 years
orderfiller,1 year
orders,< 1 year
oregon state police,5 years
org. effectiveness consultant,1 year
orkin l.l.c.,10+ years
orthopaedic surgery resident physician,2 years
orthopedic technologist,10+ years
osp locator/inspector,6 years
ost,< 1 year
ot assistant,2 years
otr driver,4 years
otr tire tech,8 years
ou medical center,6 years
oun,10+ years
outage manager,< 1 year
outbound lead,2 years
outbound pick,9 years
outlets supervisor,< 1 year
outpatient coder specialist,5 years
outpatient counselor,8 years
outpatient medical coder,10+ years
outreach administrator,4 years
outreach coordinator,4 years
outreach services,10+ years
outside machinist,5 years
outside sales,10+ years
outside sales professional,3 years
outside sales rep,10+ years
outside supervisor,10+ years
outside territory manager,2 years
ove rep,1 year
over night frieght,5 years
over night supervisor,10+ years
over the road sriver,8 years
overhaul support services,10+ years
overnight cashier,< 1 year
overnight manager,5 years
overnight stocker,10+ years
owener,10+ years
own,10+ years
ownee,10+ years
owner,10+ years
owner - attorney,10+ years
owner - daycare provider,10+ years
owner - evp,5 years
owner - member,7 years
owner / broker,10+ years
owner / designer,10+ years
owner / nurse supervisor,4 years
owner / operater,8 years
owner / operator,10+ years
owner / president,10+ years
owner / self,10+ years
owner and operator,10+ years
owner artist,5 years
owner barber,10+ years
owner esthetician,10+ years
owner manger,10+ years
owner operater/ driver,5 years
owner operator,10+ years
owner operator / driver,7 years
owner operator/truck driver,< 1 year
owner services manager,10+ years
"owner, director",10+ years
"owner, licensed mental health counselor",8 years
"owner, president",10+ years
owner-operator,10+ years
owner-proprietor,3 years
owner/ administration manager,10+ years
owner/ ceo,7 years
owner/ manager,9 years
owner/agent,< 1 year
owner/art director,10+ years
owner/barber,10+ years
owner/broker,10+ years
owner/ceo,10+ years
owner/contractor,10+ years
owner/cosmetologist,2 years
owner/cosmotologist,10+ years
owner/creative director,5 years
owner/dentist,7 years
owner/general manager,7 years
owner/head instructor,10+ years
owner/hvac tech,10+ years
owner/manager,10+ years
owner/manager of rentals,10+ years
owner/operator,8 years
owner/painter,4 years
owner/partner,6 years
owner/photographer,10+ years
owner/pres,7 years
owner/president,10+ years
owner/president/ceo,10+ years
owner/proprietor,5 years
owner/senior editor,7 years
owner/team leader,4 years
owner/technical writer,10+ years
owner/technician,6 years
owner/treasure,10+ years
owners,10+ years
p & d driver,2 years
p&d driver,< 1 year
p&d manager,10+ years
pa,< 1 year
pa office of attorney general,10+ years
paa,10+ years
pacific air services,6 years
pacific university,10+ years
package car driver,10+ years
package handler,10+ years
package handler/hazmat responder,10+ years
packaging configuration coordinator ii,7 years
packaging line specialist,< 1 year
packaging mechanic multi-skilled,10+ years
packaging operator,3 years
packaging services,3 years
packaging specialists,9 years
packaging team member,10+ years
packer,10+ years
packer a,2 years
packing,10+ years
packing/shipping/inventory,10+ years
pacs implementation specialist,5 years
paddock mall/simon property,10+ years
paint and prep.,3 years
paint foreman,10+ years
painter,10+ years
painter maintenance department,10+ years
painter supervisor,10+ years
"painter, bodyshop manager",< 1 year
"painter, shop helper",8 years
painting supervisor,10+ years
pallet builder,2 years
pallet repair,< 1 year
panduit corp,10+ years
papermaker,10+ years
pappadeaux seafood kitchen,2 years
pappas group,2 years
par,1 year
para educator,10+ years
para planner,9 years
para professional,3 years
para-educator,1 year
paradies gifts inc,3 years
"paradigm precision,llc",1 year
paraeducator,10+ years
paralegal,10+ years
paralegal ii,5 years
paralegal supervisor,10+ years
"paralegal, operations",10+ years
paralegal/manager,10+ years
paralegal/office mgr,10+ years
paraligal,8 years
paramedic,3 years
paramedic firefighter,10+ years
paramedic supervisor,10+ years
paraprofessional,10+ years
paratransit driver,4 years
paratransit operator,2 years
park attendent,2 years
park forest ranger,10+ years
park ranger,10+ years
park ranger ii,8 years
parker staffing,10+ years
"parker staffing services, llc",1 year
parking service officer,2 years
parking shift supervisor,10+ years
parks and rec golf manager,10+ years
parks enforcement officer,10+ years
parole agent,< 1 year
parole officer,10+ years
parole staff technician 2,10+ years
part owner,10+ years
part time employee,2 years
partner,10+ years
partner communications manager,2 years
partner information specialist,10+ years
partner manager / qa analyst,2 years
partner services manager,2 years
partner trainer,2 years
partner/owner,3 years
partnerships officer,4 years
partnet,10+ years
parts,10+ years
parts & service manager,5 years
parts advisor,1 year
parts and service director,< 1 year
parts associate,10+ years
parts clerk,1 year
parts consultant,1 year
parts counterman,1 year
parts distribution,10+ years
parts manager,10+ years
parts mgr,< 1 year
parts professional,5 years
parts retail,10+ years
parts sales,3 years
parts specialist,5 years
parts technician,3 years
party chief,2 years
pas assessor,10+ years
pas supervisor of ed and integrity,10+ years
pasha automotive services,10+ years
pasting operator,10+ years
pastor,10+ years
pastor of spanish ministries,1 year
pastor/ president,10+ years
pastry chef,10+ years
patchline operator,10+ years
patent examiner,10+ years
pathologist assistant,5 years
pathologist's assistant,5 years
pathology assistant,1 year
patien access rep,7 years
patient access manager,10+ years
patient access representative,< 1 year
patient access specialist,1 year
patient account representative,10+ years
patient accounts,10+ years
patient accounts rep,5 years
patient advocate,1 year
patient assistant,2 years
patient care,1 year
patient care associate,10+ years
patient care coordinator,2 years
patient care laision,4 years
patient care liaison,1 year
patient care manager,2 years
patient care support,10+ years
patient care tech,10+ years
patient care technician,10+ years
patient coord.,8 years
patient coordinator,10+ years
patient discharge coordinator,3 years
patient finance,7 years
patient financial coordinator,< 1 year
patient flow supervisor,10+ years
patient liaison,3 years
patient practice administrator,3 years
patient rep,6 years
patient service coordinator,1 year
patient service rep,3 years
patient services manager,4 years
patient services representative,3 years
patient services specialist,2 years
patient services supervisor,10+ years
patient transport aide,10+ years
patients benefits coordinator,9 years
patriot communications,10+ years
patrol,5 years
patrol agent,9 years
patrol canine officer,5 years
patrol officer,4 years
patrol sergeant,10+ years
patrolling technician,3 years
patrolmam,10+ years
patrolman,1 year
"patten industries, inc.",5 years
patternmaker,3 years
paulstra,4 years
paulweiss,10+ years
payment pister,2 years
payment poster,2 years
payment services manager/avp,10+ years
payment specialst,3 years
payroll,5 years
payroll & accounting specialist,5 years
payroll accounting,7 years
payroll admin,2 years
payroll administrator,10+ years
payroll and benefits manager,< 1 year
payroll benefits manager,10+ years
payroll clerk,4 years
payroll consultant,3 years
payroll coordinator,1 year
payroll deduction specialist,8 years
payroll hr,10+ years
payroll manager,10+ years
payroll manager/hr assistant,8 years
payroll mgr/accounting,10+ years
payroll specialist,2 years
payroll supervisor,10+ years
payroll tax specialist,9 years
payroll/accounting,5 years
payroll/benefits,10+ years
pc technician,10+ years
pca,2 years
pca/mental health worker,< 1 year
pcs,1 year
pct,10+ years
pd engineer,< 1 year
pd manager,5 years
pdc representative,3 years
pe coach,1 year
pe teacher,2 years
peace officer,10+ years
peace river electric coop,10+ years
peace river regional medical center,1 year
pediatric dental resident,2 years
pediatric nurse practioner,10+ years
pediatrician,< 1 year
peer specialist,10+ years
peer supporter,4 years
pension analyst ii,2 years
pension plan specialist,10+ years
penske truck leasing,10+ years
people consultant,1 year
people operations,6 years
peoplelink staffing,9 years
peoplesbank,10+ years
pep officer,4 years
pepsi cola,6 years
pepsi salesman,5 years
perations manager,4 years
performance auditor iii,8 years
performance team,< 1 year
performing loan consultant,4 years
permit coordinator,2 years
permit tech,7 years
"pernicano realty & management, inc.",6 years
pershing llc,10+ years
personal advisor,10+ years
personal aide cdpap,2 years
personal assistant,10+ years
personal banker,2 years
personal banker/business specialist,9 years
personal banking secretary,< 1 year
personal banking specialist,10+ years
personal care assisstant,3 years
personal care assistant,1 year
personal care attendant,< 1 year
personal chauffer,< 1 year
personal chef,2 years
personal lines associate,< 1 year
personal loan advisor,5 years
personal service administrator,1 year
personal service representiave,< 1 year
personal support staff,3 years
personal trainer,8 years
personal trainer/fitness attendant,4 years
personal training director,10+ years
personnel assistant,10+ years
personnel asst,6 years
personnel manager,10+ years
personnel specialist,10+ years
personnel tech.,10+ years
pet groomer,< 1 year
pet technologist,1 year
pet/ct technologist,8 years
petroleum dispatcher,7 years
petroleum pricing admin,10+ years
petroleum scheduler,10+ years
petrolium technician,10+ years
pets hotel lead supervisor,7 years
petsmart,7 years
petty officer 3rd class,4 years
petty officer first class,8 years
petty officer second class,7 years
pfa,1 year
pfr rep,2 years
phamacist,2 years
pharm techniciant,1 year
pharmaceutical technician,4 years
pharmacist,10+ years
pharmacist in charge,< 1 year
pharmacy,10+ years
pharmacy assistant,1 year
pharmacy billing analyst,< 1 year
pharmacy clerk,3 years
pharmacy consultant,5 years
pharmacy director,2 years
pharmacy manager,10+ years
pharmacy operations supervisor,10+ years
"pharmacy ops mgr, specialty review unit",10+ years
pharmacy services technician,< 1 year
pharmacy specialist,1 year
pharmacy supervisor,10+ years
pharmacy tech,10+ years
pharmacy techician,10+ years
pharmacy technician,10+ years
pharmacy technician associate,6 years
phlebotomist,10+ years
phlebotomist tech,2 years
phlebotomy,8 years
phlebotomy supervisor,3 years
phlebotomy tech,10+ years
phone banker,5 years
phone minister,9 years
phone operator,8 years
photo editor,1 year
photo stylist,10+ years
photographer,3 years
physical damage specialist,6 years
physical education teacher,2 years
physical occupational therapist,10+ years
physical plant mechanic,1 year
physical science technician,10+ years
physical therapist,2 years
physical therapist assistant,8 years
physical therapist assistant (pta),2 years
physical therapist ii,< 1 year
physical therapist manager,5 years
physical therapy,2 years
physical therapy aide,10+ years
physical therapy assistant,4 years
physical therapy clinic manager,7 years
physical therapy technician,3 years
physician,10+ years
physician assistant,10+ years
physician assistant-certified,7 years
physician billing/medical billing,1 year
physician hospitalist,< 1 year
physician recruiter,6 years
"physician, medical director",3 years
physician/cardiologist,< 1 year
physicians assistant,10+ years
pick up and delivery driver,3 years
picker,2 years
pics manager,10+ years
pilates instructor,4 years
pilot,10+ years
pilot / sim instructor,< 1 year
pinchers crab shack,6 years
"pioneer country development, inc",10+ years
pipe fitter,1 year
pipe fitting foreman,1 year
pipe fitting supervisor,1 year
pipe layer,10+ years
pipe welder,10+ years
pipefitter,10+ years
pipefitter foreman,2 years
pipefitter spec,10+ years
pipefitter tech,10+ years
pipefitter/journeyman,10+ years
pipefitter/welder,10+ years
pipefitters local 597,10+ years
pipeline controller,< 1 year
pipeline inspector,2 years
pipeline tech,10+ years
pipeliner,2 years
pit boss,5 years
pit supervisor,7 years
pizza maker,8 years
placement coordinator,10+ years
placement specialist,2 years
plan builder,6 years
plan review supervisor,10+ years
planner,10+ years
planner/regitered nurse,10+ years
planner/scheduler,10+ years
planning analyst,< 1 year
planning professional,4 years
plans review technician,3 years
plant accountant,8 years
plant administrator,1 year
plant controller,10+ years
plant foreman,10+ years
plant maintenance,3 years
plant manager,10+ years
plant manger,10+ years
plant mechanic,7 years
plant merchandiser,< 1 year
plant office admin,< 1 year
plant operations manager,10+ years
plant operator,10+ years
plastering,< 1 year
plastic set up,10+ years
plater,10+ years
platform analyst,10+ years
platform controller,6 years
platinum consultant,10+ years
platoon leader,6 years
pleasant view dairy,10+ years
plumber,10+ years
plumber manager,10+ years
"plumber, job super",9 years
plumber/pipe fitter,10+ years
plumbing,3 years
plumbing dept. associate,< 1 year
plumbing inspector,9 years
plumbing journey man,7 years
plumbing supervisor,2 years
plumbing technician,8 years
plumer,10+ years
pm,6 years
pmg accountant,1 year
pmo manager,4 years
pmo specialist,2 years
pnc bank,6 years
pnc financial services,2 years
podiatrist,< 1 year
poker dealer,10+ years
police,10+ years
police aide,1 year
police captain,10+ years
police civilian/it,10+ years
police communications operator,5 years
police corporal,10+ years
police detective,10+ years
police disp,10+ years
police lieutenant,10+ years
police offcier,10+ years
police office,10+ years
police officer,10+ years
police officer ii,4 years
police oiccer,10+ years
police sergeant,10+ years
police service representative 2,7 years
police sgt,10+ years
police specialist k9,10+ years
police supervisor,10+ years
police/ sergeant,10+ years
policeoffcier,10+ years
policy analyst,1 year
policy director,1 year
polygraph examiner,< 1 year
polymer lab technican,10+ years
polysomnography technician,4 years
pomona valley hospital medical center,3 years
pool director,10+ years
pool tec,6 years
pool tech,9 years
pop supervisor,8 years
port authority of new york and nj,6 years
port authority of ny/nj,10+ years
port security system operator ii,3 years
portal admin,5 years
porter,10+ years
portfolio consultant,10+ years
portfolio control manager,7 years
portfolio manager,10+ years
portfolio manager of investments,7 years
portfolio revenue manager,7 years
pos leader,10+ years
post closing manager,3 years
post fund quality examiner 2,5 years
post legal,7 years
post production supervisor,5 years
postdoctoral research fellow,2 years
postmaster,10+ years
powder coater,10+ years
power acura of south bay,10+ years
powered systems support machanic,10+ years
poynter sheet metal,9 years
pr,1 year
pr & communications manager,4 years
pr account executive,1 year
pr management corp,10+ years
pr manager,3 years
"pr manager, americas",< 1 year
pra international,10+ years
practical nursing,3 years
practice administrator,7 years
practice area lead,1 year
practice development manager,1 year
practice leader,6 years
practice manager,10+ years
practice mgr,1 year
pragmatics inc,2 years
pratt & whitney,7 years
pre op registered nurse,10+ years
pre press printing,10+ years
pre-k teacher,7 years
pre-loader/clerk,10+ years
pre-press tech,10+ years
pre-rental sales manager,1 year
pre-school teacher,3 years
predoctoral fellow,3 years
prek lead teacher,1 year
preloader / air driver,9 years
prem tech,3 years
premier field engineer,2 years
premium auditor,9 years
prep,2 years
prepress,10+ years
prepress art dept.,10+ years
prepress specialist,10+ years
pres/ owner,5 years
presage,2 years
presale forester,3 years
preschool director,6 years
preschool teacher,4 years
preserve zoological collections speciali,7 years
president,10+ years
president & ceo,< 1 year
president / ceo,4 years
president and ceo,5 years
president ceo,2 years
president co founder,10+ years
president of americas tower division,2 years
president | ceo,5 years
president's club mortgage banker,3 years
"president, benefits division",3 years
"president, foundation",9 years
"president, founder, and physician",10+ years
"president, owner",10+ years
president.,10+ years
president/ceo,1 year
president/owner,10+ years
presidents assistant,3 years
press  operator,2 years
press brake oporator,< 1 year
press break operator,< 1 year
press helper,4 years
press operater,6 years
press operator,10+ years
pressman,10+ years
pressroom feeder,5 years
pressroom manager,5 years
pressure part designer,< 1 year
pressure washer,10+ years
pretrial services officer,3 years
pricewaterhousecoopers ltd,8 years
pricing analyst,10+ years
pricing department,1 year
pricing nalyst,10+ years
pricing specialist,1 year
priemmer mangar,10+ years
primary software engineer,2 years
prince william emergency veterinary clin,4 years
princeton biomolecular research,6 years
princeton university,10+ years
principal,10+ years
principal architect,1 year
principal attorney,10+ years
principal banking specialist,10+ years
principal compliance engineer,7 years
principal consultant,10+ years
principal data architect,3 years
principal engineer,10+ years
principal engineer ii,10+ years
principal engineering geologist,2 years
principal financial analyst,5 years
principal gas mapping tech,10+ years
principal gnc engineer,5 years
principal ic design engineer,10+ years
principal investigator,10+ years
principal ios engineer,2 years
principal planner,10+ years
principal product manager,< 1 year
principal project director,4 years
principal project manager,6 years
principal quality engineer,8 years
principal rate analyst,9 years
principal research analyst,8 years
principal software engineer,10+ years
principal systems architect,2 years
principal technical architect,10+ years
principal technical program manager,2 years
principal technical recruiter,< 1 year
principal web  architect,9 years
principal-accounting and auditing,5 years
principle,10+ years
principle analyst,10+ years
principle scientist,10+ years
print,2 years
printer,10+ years
printing services operator,10+ years
printshop/mail room,10+ years
private banker,9 years
private caregiver,< 1 year
private chauffeur,7 years
private client advisor,2 years
private dining director,5 years
private dining planner,< 1 year
private duty nurse,2 years
private investigator,4 years
private security guard,10+ years
private wealth manager,2 years
pro account sales associate,5 years
pro desk specialist,7 years
pro loader,10+ years
pro sales,2 years
pro shop assistance,5 years
pro shop manager,< 1 year
probation counselor ll,10+ years
probation officer,10+ years
probation officer ii,10+ years
process controls network admin,10+ years
process development associate i,1 year
process egineer,10+ years
process engineer,1 year
process flow manager,8 years
process improvement engineer,7 years
process improvement manager,10+ years
process line operator,8 years
process manager,1 year
process manufacturing technician,9 years
process operator,2 years
process server,5 years
process service,10+ years
process speacialist,10+ years
process specialist,10+ years
process tech,1 year
process technician,1 year
processing,3 years
processing associate,1 year
processing engineer,< 1 year
processing manager,< 1 year
processing team lead,6 years
processor,10+ years
procter & gamble,10+ years
proctor,< 1 year
procuement manager,9 years
procurement,10+ years
procurement & contracts director,10+ years
procurement analyst,10+ years
procurement credit specialist,1 year
procurement manager,10+ years
procurement professional,1 year
procurement specialist,6 years
procurement specialist ii,10+ years
produce,10+ years
produce associate,9 years
produce clerk,5 years
produce manager,10+ years
produce mgr,10+ years
producer,2 years
producers gin,5 years
product anaylist,5 years
product configuration specialist 1,1 year
product controller,10+ years
product coordinator,4 years
product developer,8 years
product development,6 years
product development coordinator,8 years
product development manager,10+ years
product engineer,2 years
product formulator,1 year
product line manager,10+ years
product management,3 years
product manager,10+ years
product marketing manager,10+ years
product owner,4 years
product planning manager,10+ years
product sales manager,10+ years
product sales support administrator,2 years
product specialist,10+ years
product specialsit,2 years
product stylist,< 1 year
product support manager,10+ years
product support rep,1 year
product support specialist,< 1 year
production,10+ years
production accountant,10+ years
production artist,4 years
production assistant,10+ years
production associate,10+ years
production controller,6 years
production coordinator,10+ years
production engineering tech,4 years
production group leader,10+ years
production iii,6 years
production lead,10+ years
production leadman,10+ years
production management,2 years
production manager,10+ years
production manager at collision center,4 years
production manger,10+ years
production operator,10+ years
production owner,5 years
production planner,10+ years
production scheduler,6 years
production shift supervisor,10+ years
production specialist,10+ years
production superviser,10+ years
production supervisor,10+ years
production support analyst,10+ years
production technician,7 years
production worker,10+ years
production/ shipping forklift operator,7 years
profesional driver,9 years
professional,5 years
professional administrator,< 1 year
professional biller,2 years
professional driver,1 year
professional sales associate,1 year
professional services consultant,1 year
professor,10+ years
professor and chair,10+ years
professor and head,< 1 year
professor of english,10+ years
professor of history,10+ years
professor of law and economics,10+ years
professor of medicine vice chair of medi,10+ years
professor/ campus manager,4 years
prog. manager,10+ years
program administrator,2 years
program analyst,10+ years
program analysts,7 years
program assistant,10+ years
program associate,1 year
program attorney,7 years
program coodinator,1 year
program coordinator,10+ years
program cordinator,10+ years
program development coordinator,3 years
program director,10+ years
program director management info systems,10+ years
program director ww enablement,10+ years
program director/counselor,10+ years
program logistics,10+ years
program management specialist,3 years
program manager,10+ years
program manager - sr tooling engineer,10+ years
program project coordinator,1 year
program quality,10+ years
program research specialist 3,9 years
program specialist,10+ years
program supervior,10+ years
program supervisor,10+ years
program support supervisor,< 1 year
program technician,10+ years
program/nurse manager,10+ years
programme officer,10+ years
programmer,10+ years
programmer analyst,4 years
programmer analyst iii,5 years
programmer/analyst,10+ years
programmer/project manager,10+ years
programmer/service technician,2 years
"programming chief, opats",2 years
programming coordinator,10+ years
programming specialist,10+ years
programs director,3 years
programs manager,2 years
project accountant,1 year
project accountant sr,9 years
project admin assistant,< 1 year
project administrator,3 years
project analyst,< 1 year
project and operations manager,5 years
project architect,10+ years
project architectural designer,7 years
project assistant,3 years
project associate,9 years
project asst,7 years
project controls engineer,10+ years
project controls supervisor,1 year
project coordinator,< 1 year
project cost analyst,5 years
project design specialist,10+ years
project designer,10+ years
project development manager,10+ years
project director,1 year
project eng,1 year
project engineer,10+ years
project engineer - municipal,10+ years
project executive,10+ years
project lead,2 years
project manageer,5 years
project management business analyst,10+ years
project manager,10+ years
project manager / estimator,2 years
project manager i,9 years
project manger,10+ years
project mgmt.,2 years
project portfolio service manager,3 years
project sales manager north america,4 years
project services manager,3 years
project specialist,6 years
project superintendant,< 1 year
project superintendent,10+ years
project supervisor,2 years
project surveyor,1 year
project team,5 years
project technition,4 years
project test coordinator,3 years
project/asset manager,5 years
project/program specialist,10+ years
projects coordinator,9 years
projects leader,10+ years
promethean inc,2 years
prominent leads llc,1 year
property administrator,2 years
property analyst,2 years
property controller,10+ years
property coordinator,10+ years
property maintenance,10+ years
property management,10+ years
property manager,2 years
property managment assistant,< 1 year
property manger,3 years
property mgr,10+ years
property operations manager,10+ years
property preservations,1 year
property specialist,10+ years
property supervisor,8 years
property tax analyst,10+ years
proposal coordinator,10+ years
proposal manager,< 1 year
proposal response specialist,1 year
proposal strategist,5 years
proposals manager,6 years
proprietor,10+ years
prosecutor,4 years
prosthetic tech,10+ years
protected services worker,9 years
proterty manager,10+ years
prototype,10+ years
prototype build technician,1 year
provide relations advocate,4 years
provider,10+ years
provider dispute resolution specialist,1 year
provider enrollment representative,1 year
provider network executive,2 years
provider network manager,5 years
provider network support,5 years
provider relations specialist,< 1 year
provost,8 years
psa,10+ years
psa financial,9 years
psc,9 years
psd,2 years
psd i,2 years
pse,< 1 year
pse clerk,3 years
psm manager,3 years
psr director,2 years
psr specialist,3 years
pst,6 years
psych tech,1 year
psych technician,5 years
psychiatric nurse,4 years
psychiatric nurse practitioner,1 year
psychiatric technician,3 years
psychologist,10+ years
psychology instructor,1 year
psychology postdoctoral fellow,2 years
psychotherapist,10+ years
pt assistant,5 years
pt intake collection superv,10+ years
pta,1 year
pts,< 1 year
public affairs,8 years
public areas,2 years
public health analyst,10+ years
public health nurse,2 years
public health sanitarian,5 years
public health sanitarian ii,10+ years
public information associate,9 years
public information officer,6 years
public information specialist,8 years
public relations account coordinator,3 years
public safety,3 years
public safety communications officer,2 years
public safety dispatcher,10+ years
public safety officer,10+ years
public safety supervisor,4 years
public services manager,2 years
public works superintendent,10+ years
public works technical assistant,2 years
public/professional relations,2 years
publisher/ceo,10+ years
pueblo of laguna,2 years
pump hand,6 years
pump supervisor,10+ years
pumper,< 1 year
purchase review team lead,6 years
purchase specialist,3 years
purchaser,10+ years
purchashing agent,10+ years
purchasing,10+ years
purchasing agent,10+ years
purchasing aide,10+ years
purchasing analyst,10+ years
purchasing assistant,2 years
purchasing coordinator,3 years
purchasing director,10+ years
purchasing manager,2 years
purchasing manager/county clerk,10+ years
purchasing supervisor,10+ years
purchasing/logistics mgr,4 years
pusher,8 years
pvm futures inc,6 years
pw buyer,10+ years
pyshiatric nurse pratitioner,1 year
q&a supervisor,< 1 year
q. c. tech,10+ years
q.c. tech,10+ years
qa,4 years
qa analyst,1 year
qa associate/team leader,10+ years
qa coordinator,10+ years
qa director,10+ years
qa engineer,1 year
qa lead,2 years
qa manager,2 years
qa portfolio lead,< 1 year
qa software engineer,5 years
qa specialist,10+ years
qa tech,5 years
qa/qc/sh manager,1 year
qa/software engineer,5 years
qae2,< 1 year
qas,2 years
qc manager,4 years
qc processor,7 years
qc tech,3 years
qc technician,10+ years
qc-certified welding inspector,< 1 year
qhse director,2 years
qidp,10+ years
qrc,2 years
qrk (line quality),8 years
quabaug corporation,10+ years
quaility assurance,5 years
qualified manager,10+ years
qualified professional,7 years
quality,10+ years
quality & process manager,1 year
quality advisor,10+ years
quality analyst,2 years
quality assessment manager,4 years
quality assurance,1 year
quality assurance analysis 1,1 year
quality assurance analyst,3 years
quality assurance clerk,10+ years
quality assurance engineer,2 years
quality assurance lead,10+ years
quality assurance manager,8 years
quality assurance mgr,< 1 year
quality assurance social work manager,10+ years
quality assurance specialist,3 years
quality assurance supervisor,10+ years
quality assurance tech.,10+ years
quality assurance technician,< 1 year
quality auditor,2 years
quality case manager,6 years
quality certification officer,10+ years
quality control,10+ years
quality control analyst,< 1 year
quality control manager,10+ years
quality control specialist,3 years
quality control supervisor,8 years
quality control technician,10+ years
quality control-field construction,1 year
quality director,10+ years
quality engineer,10+ years
quality excellence front line manager,10+ years
quality execution,10+ years
quality improvement coordinator,2 years
quality inspection,10+ years
quality inspector,10+ years
quality lead,7 years
quality management specialist,2 years
quality manager,10+ years
quality specialist,10+ years
quality supervisor,10+ years
quality tech,5 years
quality tech 2,2 years
quality tech ii,10+ years
quality tech.,8 years
quality technician,1 year
quality technician 2,10+ years
quintiles,7 years
quotes manager,5 years
r e appraiser,10+ years
r&d engineer tech,3 years
r&d manager,6 years
r&d scientist,3 years
rad tech,5 years
radiation therapist,10+ years
radiation therapist level 2,< 1 year
radio operations manager,10+ years
radio/television/film,3 years
radiographer,1 year
radiographer tech.,10+ years
radiographit level 2,3 years
radiologic technoligist iii,10+ years
radiologic technologist,7 years
radiological technologist,3 years
radiology secretary,< 1 year
radiology supervisor,10+ years
radiology technologist,10+ years
rail traffic controller,8 years
railroad retirement board,10+ years
ralphs,6 years
ramp agent,10+ years
ramp servive,9 years
ramp supervisor,10+ years
ramper,9 years
rancher/partner,< 1 year
range master,5 years
ranger instructor,9 years
rankin isd,9 years
"raytheon, space and airborne systems",6 years
rca,3 years
rcs ii,2 years
rda,2 years
rdh,10+ years
rdo,5 years
re assistant controller,2 years
reactor operator - control room,10+ years
reader advisor,10+ years
reader/evaluator,2 years
readiness nco,10+ years
reading specialist,4 years
ready america,2 years
ready mix truck driver,4 years
real estate,10+ years
real estate agent,10+ years
real estate agent and loan officer,5 years
real estate and booking agent,2 years
real estate appraiser,10+ years
real estate broker,10+ years
real estate broker / owner,< 1 year
real estate development director,< 1 year
real estate manager,10+ years
real estate paralegal,10+ years
real estate sales,10+ years
real estate sales agent,10+ years
real property information analyst,10+ years
realor,10+ years
realtor,10+ years
realtor administrative assistant,10+ years
realtor/sales agent,6 years
reapiratory therapist,< 1 year
rec leader 4 / parking enforcement offcr,10+ years
recap technician,10+ years
receipstist,9 years
receiveing support,10+ years
receiver,10+ years
receiving,1 year
receiving associate,10+ years
receiving checker,10+ years
receiving clerk,10+ years
receiving coordinator,7 years
receiving dept. lead,9 years
receiving manager,10+ years
reception,2 years
reception/ dog day care,< 1 year
receptioninst,10+ years
receptionist,< 1 year
receptionist/office manager,< 1 year
receptionlist,5 years
reclaims,< 1 year
reclamation compliance inspector,7 years
reconciliation analyst,10+ years
reconciliation specialist,3 years
reconditioning,3 years
record center coordinator,10+ years
record tech,10+ years
recording tv engin eer,10+ years
records assistant,8 years
records associatr,10+ years
records clerk,10+ years
records coordinator,8 years
records supervisor,10+ years
recoup area,6 years
recovery reo,1 year
recovery technician,10+ years
recreation program specialist,2 years
recreation specialist,10+ years
recreation supervisor,9 years
recruier,10+ years
recruited,3 years
recruiter,< 1 year
recruiter/supervisor,1 year
recruiting,10+ years
recruiting consultant,10+ years
recruiting manager,2 years
recruiting scheduler,< 1 year
recv sypervisor,10+ years
recycled labor,5 years
redwood credit union,8 years
reentry affairs coordinator,6 years
referral coordinator,1 year
referral specialist,7 years
refinery consultant,7 years
refinery operator,3 years
refrigeration tech,4 years
refrigeration technichian,2 years
refrigeration technician,< 1 year
refuse collector,10+ years
reg vp,3 years
reg. nurse,1 year
regger,10+ years
reginal processing manager,6 years
region manager,10+ years
region training manager,7 years
regional account executive,5 years
regional account manager,10+ years
regional account representative,3 years
regional administrator,10+ years
regional area property manager,5 years
regional business manager,10+ years
regional business office manager,4 years
regional buyer,10+ years
regional cfo/vp,2 years
regional channel mananger,< 1 year
regional clinic manager,3 years
regional clinical specialist,< 1 year
regional commercial sales manager,9 years
regional consultant,3 years
regional controller,7 years
regional coordiantor,10+ years
regional cv service line director,10+ years
regional data manager,10+ years
regional designate,10+ years
regional director,2 years
regional director of nursing,9 years
"regional director, north america",4 years
regional educator-east coast,< 1 year
regional field operations manager,10+ years
regional field safety manager,4 years
regional hr manager,10+ years
regional inside production manager,6 years
regional lead,4 years
regional lead digital systems engineer,10+ years
"regional leader, national risk control",10+ years
regional manager,3 years
regional manager manufacturing services,10+ years
regional market manager,7 years
regional marketing,5 years
regional marketing manager,3 years
regional mgr,6 years
regional operations manager,10+ years
regional operations manager - midwest,10+ years
regional private banker,10+ years
regional process controls engineer,8 years
regional process lead,< 1 year
regional production asst,10+ years
regional project mgr.,10+ years
regional recruiting manger,2 years
regional sales,< 1 year
regional sales consultant,< 1 year
regional sales director,10+ years
regional sales manager,3 years
regional sales mananger,10+ years
regional sales partner,2 years
regional sales vp,10+ years
regional service technician,1 year
regional services manager,10+ years
regional services senior consultant,10+ years
regional site manager,2 years
regional social work supervisor,10+ years
regional supervisor,10+ years
regional support engineer,1 year
regional support specialist,< 1 year
regional traffic director,10+ years
regional training manager,10+ years
regional transportation mgr.,10+ years
regional vice president,10+ years
"regional vp, clinical quality",10+ years
regions,1 year
register nurse,2 years
registerd nurse,3 years
registered  nurse,9 years
registered associate,3 years
registered behavior technician,2 years
registered client associate,8 years
registered csa,8 years
registered dental assistant,3 years
registered dental hygienist,10+ years
registered dietitian,< 1 year
registered medical assistant,5 years
registered nurs,10+ years
registered nurse,10+ years
registered nurse - case manager,2 years
registered nurse care coordinator,10+ years
registered nurse case manager,5 years
registered nurse clinical coordinator,5 years
registered nurse first assistant,10+ years
registered nurse mgr,10+ years
registered nurse supervisor,2 years
"registered nurse, team leader",10+ years
"registered nurse,charge",7 years
registered nurses,10+ years
registered pharmacist,1 year
registered pharmacy technician,4 years
registered professional nurse,10+ years
registered respiratory therapist,< 1 year
registered sales assistant,10+ years
registered vascular technologist,1 year
registerted nurse,10+ years
registrar,10+ years
registration,4 years
registration associate,2 years
registration lead,10+ years
registration specialist,10+ years
registrred nurse,10+ years
registry specialist,6 years
regonal mgr,4 years
reguistered nurse,1 year
regulatory  specialist,9 years
regulatory administration,10+ years
regulatory affairs compliance advisor,4 years
regulatory affairs project manager,10+ years
regulatory affairs specialist,3 years
regulatory analyst,10+ years
regulatory compliance supervisor,2 years
regulatory manager,3 years
regulatory operations manager,10+ years
regulatory project manager,5 years
regulatory specialist,< 1 year
rehab aide,2 years
rehab coordinator,10+ years
rehab director,7 years
rehab nurse,6 years
rehab technician,5 years
rehabcare,2 years
rehabilitation director,10+ years
reimbursement specialist,3 years
reinhart food service,10+ years
rek corporation,3 years
rel driver,6 years
related management company,3 years
relationship banker,4 years
relationship manager,1 year
relationship specialist ii,3 years
release test manager,10+ years
release trained engineer,1 year
reliability compliance coordinator,8 years
reliability engineer,4 years
reliability manager,2 years
reliable office solutions,10+ years
reliant north texas,4 years
relief manager,3 years
relief operator,10+ years
relief/lead,9 years
relieve operator,5 years
relocation manager,10+ years
remediation specialist,10+ years
reminiscence coordinator,6 years
remote coder,7 years
remote it management,9 years
remote paramedic,1 year
remote storage cataloger,10+ years
renewal coordinator,7 years
rensselaer polytechnic institute,1 year
rental management,10+ years
rental navigator,2 years
rep,3 years
repair associate,10+ years
repair department manager,10+ years
repair mechanic,10+ years
repair station manager,10+ years
repair tech,10+ years
repair technician,< 1 year
repairman,< 1 year
replenish landscape garden products,6 years
report analyst,3 years
report analysts,10+ years
report reviewer,4 years
reporter,2 years
"reporting analyst, finance",2 years
reports coordinator,10+ years
repossession agent,4 years
representative,4 years
republic services company,8 years
"republic services, inc.",5 years
rer division manager,4 years
res hab 2,10+ years
research advisor,7 years
research analyst,10+ years
research analyst iii,10+ years
research and development,6 years
research assistant,3 years
research associate,10+ years
research associate 2,3 years
research chef,5 years
research chemical operator,10+ years
research coordinator,10+ years
research development,5 years
research director,10+ years
research fellow,2 years
research institute director,2 years
research lab specialist  ii,9 years
research project manager,7 years
research projects manager,3 years
research scientist,8 years
research scientist i,10+ years
research scientist ii,2 years
research specialist,10+ years
research specialist ii,3 years
research study coordinator,9 years
research tech,10+ years
research technician,10+ years
research technologist,4 years
researcher,10+ years
researcher 5,5 years
researcher physicist,10+ years
reservation agent,10+ years
reservation department,9 years
reservation representative,1 year
reservationist,5 years
reservations manager,7 years
reservations supervisor,2 years
reservoir engineer,2 years
residency education coordinator,10+ years
resident,3 years
resident aid,10+ years
resident care director,3 years
resident counselor,< 1 year
resident director,5 years
resident engineer,7 years
resident internet manager,7 years
resident manager,1 year
resident physician,1 year
resident project inspector,< 1 year
resident relations,5 years
resident service director,2 years
resident services coordinator,10+ years
resident supervisor,10+ years
residential aftercare advocate,< 1 year
residential coordinator,10+ years
residential counselor,5 years
residential faculty,7 years
residential house manager,< 1 year
residential manager,10+ years
residential sales manager,1 year
residential supervisor,10+ years
residentual coordinator,10+ years
residetial evaluation analyst,6 years
resin tech,7 years
resmed,5 years
resolution specialist,2 years
resource auditor,10+ years
resource development officer,1 year
resource manager,10+ years
resource manger,10+ years
resourcr coordinator,1 year
respiratory therapist,10+ years
respiratory therapy,2 years
respiratory therapy.,9 years
respirtaory therapist,5 years
responsible person,5 years
respriatory therapist,3 years
restaurant,2 years
restaurant manager,1 year
restaurant services,9 years
restaurant systems coordinator,2 years
restaurant work,10+ years
restoration tech,2 years
restorative aide,7 years
restorative nursing asst.,10+ years
restuarant depot,7 years
resturaunt general manager,4 years
resurces-us,6 years
resurgens orthopedics,4 years
retail,1 year
retail assistant manager,7 years
retail banking manager,3 years
"retail clerk ,medical assistant",10+ years
retail coach,10+ years
retail coordinator,10+ years
retail investigator,10+ years
retail manager,10+ years
retail merchandiser,3 years
retail mgr,5 years
retail operations specialist,2 years
retail outfitter,1 year
retail sales,10+ years
retail sales associate,2 years
retail sales consultant,4 years
retail sales manager,10+ years
retail sales rep,1 year
retail store manager,3 years
retail supervisor,9 years
retail systems analyst,10+ years
retail technology it,10+ years
retail training manager,9 years
retention manager,6 years
retention mgr,5 years
retirement agent,5 years
retirement services rep,1 year
retirement specialist,10+ years
revenue accounting analyst,10+ years
revenue agent,10+ years
revenue auditor,10+ years
revenue cycle coding manager,10+ years
revenue cycle manager coding,10+ years
revenue cycle specialist,1 year
revenue distribution analyst,2 years
revenue integrity analyst,10+ years
revenue management coordinator,10+ years
revenue manager,10+ years
revenue officer,10+ years
revenue operations supervisor,10+ years
revenue services,4 years
revenue specialist,7 years
revisited nurse,2 years
rewinder,10+ years
rf engineer,2 years
rf engineer iii,7 years
rf technician,3 years
rgisered nurse,2 years
rgm,10+ years
rhia,9 years
ridehalgh & associates,3 years
ridgefield nazarene,10+ years
rig file clerk / offshore oil rig,1 year
rigger,3 years
rigger foreman,6 years
risk analyst,2 years
risk enterprise management,6 years
risk manager,1 year
risk managment specialist,9 years
risk mgr,10+ years
risk officer,9 years
river legacy foundation,6 years
riveroaks apartments,4 years
rma/ward clerk,1 year
rmlo,2 years
rn,10+ years
rn after hours nurse supervisor,10+ years
rn assistant,8 years
rn auditor,4 years
rn cardiac device specialist,2 years
rn care manager,5 years
rn case management,10+ years
"rn case management specialist, cbas",5 years
rn case manager,1 year
rn charge nurse,10+ years
rn clinical director,8 years
rn clinical education specialist,6 years
rn clinical liaison,3 years
rn director,10+ years
rn field case manager,2 years
rn lv1,8 years
rn manager,1 year
rn mds coordinator,6 years
rn medicare set-aside consultant,10+ years
rn nurse manager,10+ years
rn nursing consultant,7 years
rn nursing education instructor,< 1 year
rn nursing supervisor,4 years
rn supervisor,1 year
"rn, certified clinical research coordina",2 years
rn-hss,10+ years
rn-mds coordinator,10+ years
rn/program director,10+ years
rna,10+ years
rna certified nurse assistant,10+ years
rncm,5 years
road call coordinator,< 1 year
road driver,8 years
road equipment operator 1,< 1 year
road striper,4 years
robert sullivan cpa,< 1 year
robot tech,2 years
rockbridge church,5 years
rockwood service corp,4 years
rode car inspectore,10+ years
roll turner,10+ years
rolls-royce north america inc,10+ years
ronald thane morgan md pa,3 years
roofer,10+ years
room attendant,10+ years
rosendin electric,9 years
rotc instructor,10+ years
round rock independent school district,6 years
route 23 honda,10+ years
route driver,10+ years
route owner,10+ years
route sales,10+ years
route sales manager,4 years
route sales rep,1 year
route sales rep.,10+ years
route salesman,10+ years
route supervisor,10+ years
routesales rep,4 years
rover,10+ years
row,10+ years
roy schneider regional medical center,3 years
rr donnelley,10+ years
rr donnelly,3 years
rsa,5 years
rsc,4 years
rse,10+ years
rsp teacher,5 years
rsr,3 years
rt,3 years
rt salesman,10+ years
rth manager,10+ years
rtm clerk,2 years
rubber molder,2 years
rubberized crackfiller sealant inc.,10+ years
rugs professional restorer,10+ years
rules coordinator,10+ years
rural carrier,10+ years
rural letter carrier,10+ years
rush trucking,2 years
rx financial analyst,10+ years
s,10+ years
s&p carting,3 years
safariland,< 1 year
safe boats int.,9 years
safe environment /youth ministry,2 years
safety & quality coordinator,1 year
safety & security control center manager,7 years
safety advisor,1 year
safety advocate,8 years
safety agent,10+ years
safety and security manager,4 years
safety coordinator,10+ years
safety coordinator/purchasing,10+ years
safety director,10+ years
safety director/police chief,10+ years
safety engineer,3 years
safety facilities management,5 years
safety manager,5 years
safety oti group,6 years
safety tech,6 years
sagewell partners,9 years
sakes,5 years
salad bar manager,10+ years
"salad lead, cook",2 years
salaried mgmt. consultant,1 year
sale,10+ years
sale associate,2 years
sale floor lead,10+ years
sale legal,10+ years
sale manager,10+ years
sale operation admin,1 year
saleman,2 years
saleperson,4 years
sales,10+ years
sales & marketing,1 year
sales & marketing specialist,1 year
sales & service associate,< 1 year
sales & use tax coordinator,1 year
sales (only $8000.00) the rest is ss,1 year
sales - proposal analyst,10+ years
sales / customer service,2 years
sales a3,< 1 year
sales account manager,1 year
sales administrator,10+ years
sales advisor,2 years
sales agent,10+ years
sales agent / broker / owner,10+ years
sales and education executive,2 years
sales and leasing consultant,10+ years
sales and logistics,8 years
sales and management,10+ years
sales and marketing,2 years
sales and marketing manager,2 years
sales and service manager,4 years
sales and service rep,4 years
sales and service supervisor,5 years
sales assisitant,10+ years
sales assistant,8 years
sales assistant.,2 years
sales assistnat,4 years
sales associate,10+ years
sales associate/ stock,7 years
sales associste,1 year
sales asssociate,10+ years
sales broker,< 1 year
sales clerk,< 1 year
sales coach,3 years
sales compensation consultant,2 years
sales construction,3 years
sales consultant,10+ years
sales consultant - silver club level,3 years
sales coodinator,1 year
sales coordinator,10+ years
sales cosultant,5 years
sales counter representative,2 years
sales development representative,< 1 year
sales director,4 years
sales driver,10+ years
sales engineer,10+ years
sales executive,< 1 year
sales manager,10+ years
sales manager - security division,< 1 year
"sales manager, residences",2 years
"sales manager, strategic accounts",7 years
sales manager/certified credit counselor,6 years
sales manager/realtor,10+ years
sales mgr,10+ years
sales operations analyst,2 years
sales operations director,6 years
sales operations lead,10+ years
sales operations manager,8 years
sales parts counter,10+ years
sales person,10+ years
sales professional,1 year
sales rep,3 years
sales represenative,2 years
sales representative,10+ years
sales representive,9 years
sales retail,4 years
sales secretary,9 years
sales service rep.,3 years
sales specialist,10+ years
sales speialist,10+ years
sales strategist,2 years
sales supervisor,10+ years
sales support,10+ years
sales support administrator,10+ years
sales support coordinator,3 years
sales support manager,1 year
sales support specialist,8 years
sales team lead,3 years
sales territory manager,10+ years
sales trader,< 1 year
sales trainer,8 years
"sales, sales support manager",4 years
"sales,handbags",10+ years
sales/admin,1 year
sales/delivery driver,9 years
sales/dept manager,6 years
sales/finance,4 years
sales/marketing,8 years
sales/office manager,10+ years
sales/tech support,1 year
salesamanagr,4 years
salesforce analyst,< 1 year
salesforce developer/analyst,1 year
salesman,10+ years
salesman/cashier,2 years
salesmen,4 years
salesperson,2 years
salon care specialist,10+ years
salon manager,7 years
sals manager,2 years
salt lake city corp,5 years
salter college,1 year
sam's club,5 years
sam-son logistics,9 years
samaritan albany general hospital,2 years
sample coordinater,10+ years
san diego state university,5 years
san juan county,5 years
san manuel,7 years
sand driver,2 years
sanderson farm,6 years
sanitary engineers,10+ years
sanitation,2 years
sanitation engineer,10+ years
sanitation enginere,10+ years
sanitation worker,5 years
santa ana police,5 years
sap functional consultant,< 1 year
sap functional manager,6 years
sap hr consultant,10+ years
sap programmer,< 1 year
sas programmer,5 years
sawgrass mutual insurance company,1 year
sawyer,10+ years
sba closing specialist,2 years
sbm offshore,3 years
scan auditor,10+ years
scan coordinator,10+ years
scan price clerk,10+ years
scbp officer,10+ years
scheduler,10+ years
scheduler secretary,< 1 year
scheduler/planner,10+ years
scheduling coordinator,8 years
scheduling corrdinatore,1 year
scheduling manager,10+ years
scheduling operations officer,10+ years
scheduling specialist,10+ years
scheffel & company,5 years
schindler elevator,10+ years
schneider electric co.,10+ years
school administrator,1 year
school bus driver,10+ years
school clerk i,10+ years
school counselor,10+ years
school crossing guard,10+ years
school director,5 years
school food service manager,2 years
school guidance counselor,6 years
school liason officer,2 years
school nurse,5 years
school principal,10+ years
school psychologist,3 years
school resource officer,1 year
school safety agent,10+ years
school secretary,10+ years
school social worker,10+ years
school socila worker,10+ years
school teacher,10+ years
school-based counselor,10+ years
school-based occupational therapist,10+ years
schoolbus driver,10+ years
science supervisor,10+ years
science teacher,10+ years
scientist,10+ years
scott's hallmark #5,6 years
scout,2 years
scout oc/t,10+ years
scripps hospital,4 years
scrum master,10+ years
scsw,10+ years
sdb manager,10+ years
sdc teacher,10+ years
se. pastor,7 years
sea food manager,10+ years
seafood dept manager,3 years
seafood lead/ restaurant lead,5 years
seafood manager,1 year
seafood sales specialist,2 years
seamstress,4 years
sears,6 years
sears logistics services,10+ years
seaview jacksonville,2 years
sec/bookkeeper,9 years
secerity,4 years
second grade teacher,10+ years
second year electrician,2 years
secondary educator,< 1 year
secondary ela curriculum manager,5 years
secondary english teacher,4 years
secondary laborer,4 years
secondary market analyst,6 years
secondary principal/english teacher,2 years
secretary,10+ years
secretary 1,10+ years
secretary 2,10+ years
secretary ii,4 years
secretary iii,10+ years
secretary senior,3 years
secretary supervisor,10+ years
secretary/aide,10+ years
secretary/bookkeeper,4 years
section supervisor,10+ years
secuirty officer,2 years
securities operations rep iii,10+ years
security,10+ years
security access officer,7 years
security assurance engineer,10+ years
security consultant,1 year
security coordinator 3,1 year
security director,4 years
security dispatcher / officer,10+ years
security engineer,5 years
security forces,10+ years
security forces unit deployment manager,10+ years
security gaurd supervisor,3 years
security guard,1 year
security guard / terminal operator,3 years
security in kitcheb,10+ years
security manager,10+ years
security manger,10+ years
security mgr.,10+ years
security officer,10+ years
security officer/night watchman,10+ years
security operations manager,7 years
security police officer,< 1 year
security screener,10+ years
security specialist,10+ years
security supervisor,10+ years
security/ alarm monitor,5 years
secy,10+ years
seever,2 years
seewell motel corp,5 years
selecctor,10+ years
select medical,2 years
selector,1 year
self employed,3 years
self sufficiency spec,< 1 year
sell side equity analyst,10+ years
semi driver,7 years
semi skill labourer,3 years
senion project engineer,3 years
senior  instuctor team leader,4 years
senior account director,< 1 year
senior account executive,10+ years
senior account manager,< 1 year
senior accountant,1 year
senior accounting accociate,10+ years
senior accounting analyst,< 1 year
senior accounting manager,2 years
senior accounts manager,3 years
senior accounts payable specialist,1 year
senior acct support specialist,2 years
senior admin officet,2 years
senior administrative assistant,10+ years
senior administrative secretary,10+ years
senior administrator,4 years
senior administrator - specialty service,10+ years
senior advisor,10+ years
senior agency management specialist,3 years
senior air safety investigator,10+ years
senior analysis clerk,10+ years
senior analyst,2 years
"senior analyst, reporting and analytics",3 years
senior application analyst,10+ years
senior application developer,1 year
senior application programmer,10+ years
senior art director,1 year
senior assistant,2 years
senior assistant manager,10+ years
senior assistant program manager,4 years
senior associate,10+ years
senior associate - projects,5 years
senior associate editor,6 years
"senior asst director, admission",6 years
senior attorney,10+ years
senior auditor,10+ years
senior automotive warrant officer,10+ years
senior bank manager,10+ years
senior bank vault teller,10+ years
senior banker,5 years
senior banquet captain,8 years
senior benchmark coordinator,7 years
senior bi developer,< 1 year
senior biopharmaceutical representative,< 1 year
senior branch administrator,10+ years
senior branch office administrator,4 years
senior broker,4 years
senior building consultant,10+ years
senior building engineer,10+ years
senior business advisor,1 year
senior business analyst,5 years
senior business consultant,4 years
senior business development executive,< 1 year
senior business development manager,< 1 year
senior business intelligence developer,10+ years
senior business project manager,10+ years
senior business systems analyst,1 year
senior buyer,6 years
senior career manager,10+ years
senior case specialist,5 years
senior caseworker i,9 years
senior casualty adjuster,< 1 year
senior cathodic protection technician,< 1 year
senior certified pharmacy technician,10+ years
senior chemist,10+ years
senior claims examiner,4 years
senior claims service consultant,4 years
senior claims technician,4 years
senior client  services advocate,7 years
senior client relations specialist,10+ years
senior clinical data manager,1 year
senior clinical quality analyst,10+ years
senior clinical trial specialist,2 years
senior commercial lines underwriter,3 years
senior commercial portfolio manager,< 1 year
senior communication manager,3 years
senior compliance officer,9 years
senior computer programmer,1 year
senior computer tech,10+ years
senior consultand,4 years
senior consultant,1 year
senior content strategist,5 years
senior controller,1 year
senior corporal of police,6 years
senior corporate accountant,< 1 year
senior counsel,4 years
senior credit analyst,2 years
senior credit trader,10+ years
senior criminal list,10+ years
senior crisis specialist,4 years
senior csa,6 years
senior csr,8 years
senior custodian,9 years
senior customer sales agent,4 years
senior customer service,10+ years
senior customer service rep,10+ years
senior database administrator,2 years
senior demand planner,3 years
senior dental associate,7 years
senior dental lab terchnition,10+ years
senior design engineer,10+ years
senior designer,2 years
senior desktop support,1 year
senior detention officer,10+ years
senior developer,2 years
senior development associate,< 1 year
senior development consultant,1 year
senior development director,7 years
senior digital manager,2 years
senior digital marketing manager,5 years
senior director,1 year
senior director foreclosure & bankruptcy,2 years
senior director of network operations,10+ years
senior director of operations,6 years
"senior director, business intelligence",10+ years
"senior director, training & qa",10+ years
senior dispatcher,10+ years
senior driver sales rep,10+ years
senior ekg tech,5 years
senior electrical engineer,1 year
senior electrician,10+ years
senior employment specialist,3 years
senior energy consultant,7 years
senior engineer,10+ years
senior engineer - it infrastructure,6 years
senior engineer i,10+ years
senior environmental chemist,3 years
senior environmental engineer,3 years
senior environmental health specialist,9 years
senior environmental scientist,10+ years
senior estimator,1 year
senior executive assistant,5 years
senior executive general adjuster,10+ years
senior executive loss prevention,7 years
senior facility manager,10+ years
senior family services specialist,3 years
senior field engineer,10+ years
senior field supervisor,10+ years
senior field technician,4 years
senior film management,10+ years
senior finance expert,10+ years
senior finance manager,6 years
senior financial,2 years
senior financial accounting analyst,< 1 year
senior financial aid advisor,10+ years
senior financial analyst,2 years
senior financial associate,10+ years
senior financial consultant,< 1 year
senior foreman,10+ years
senior fund accountant,< 1 year
senior general manager,10+ years
senior global financial crime compliance,6 years
senior graphic designer,10+ years
senior grounds keeper,10+ years
senior health agent,2 years
senior health management consultant,10+ years
senior helicopter mechanic,10+ years
senior human resources,10+ years
senior human resources analyst,10+ years
senior human resources manager,3 years
senior i.t support analyst,2 years
senior implementation consultant,5 years
senior information systems manager,1 year
senior inspector,9 years
senior instructor,8 years
senior instructor/developer/designer,2 years
senior internal auditor,2 years
senior investment specialist,7 years
senior it compliance consultant,10+ years
senior it consultany,8 years
senior it engineer,4 years
senior it field tech,10+ years
senior it instructor,10+ years
senior it manager,1 year
senior it systems analyst,10+ years
senior job captain,< 1 year
senior lab tech,9 years
senior layout designer,9 years
senior lead,8 years
senior leadership,5 years
senior leads specialist,1 year
senior leasing professional,5 years
senior lecturer,3 years
senior lecturer in spanish,10+ years
senior legal operations analyst,3 years
senior legislative assistant,10+ years
senior lending specialist,2 years
senior line specialist,10+ years
senior linguist,10+ years
senior lis analyst,2 years
senior loan officer,< 1 year
senior loan processor,3 years
senior loan specialist,10+ years
senior local trial manager,9 years
senior maintenance manager,10+ years
senior maintenance worker (cemeteries),1 year
senior manager,10+ years
senior manager - program manager,3 years
senior manager - sec and financial repor,< 1 year
senior manager - tax,10+ years
senior manager leadership,10+ years
senior manager of fixed operations,8 years
senior manager systems and operational e,3 years
senior manager technical support,3 years
"senior manager, customer service",10+ years
"senior manager, finance",< 1 year
"senior manager, network engineering",10+ years
"senior manager, payer operations",10+ years
senior manufacturing supervisor,4 years
senior market manager,1 year
senior marketing assistant,10+ years
senior marketing consultant,4 years
senior marketing specialist,3 years
senior master sergeant,10+ years
senior materials manager,1 year
senior mechanic,10+ years
senior mechanical designer,10+ years
senior mechanical engineer,2 years
senior medical analyst,4 years
senior medical secretary,1 year
senior medicare advisor,1 year
senior meeting planner,1 year
senior merchandiser,6 years
senior metrology technician,10+ years
senior mortgage underwriter,< 1 year
senior ndt technician,8 years
senior network engineer,6 years
senior network support mgr,10+ years
senior noc supervisor,7 years
senior nurse consultant,9 years
senior nurse manager,10+ years
senior office technician,10+ years
senior officer,10+ years
senior officer specialist,10+ years
senior operations analyst,10+ years
senior operations logistics analyst,8 years
senior operations manager,10+ years
senior operations manager - 3q,< 1 year
senior operations mod,1 year
senior operator,6 years
senior oracle database administrator,5 years
senior p&c risk engineer,10+ years
senior paralegal,10+ years
senior past5,10+ years
senior pastor,3 years
senior patient  account representative,2 years
senior payment systems advisor,< 1 year
senior performance & attribution analyst,2 years
senior pharmacy technician,4 years
senior physical therapist,10+ years
senior pilot plant operator,10+ years
senior planner,3 years
senior planning supervisor,10+ years
senior police officer,10+ years
senior practice manager,4 years
senior process analyst,10+ years
senior process engineer,3 years
senior processor tl,10+ years
senior procurement tech,2 years
senior product manager,6 years
senior product marketing associate,9 years
senior professional sales representative,2 years
senior professional services consultant,3 years
senior program associate,4 years
senior program manager,1 year
senior programmer,10+ years
senior programmer analyst,5 years
senior project accountant,2 years
senior project business analyst,10+ years
senior project control specialist,10+ years
senior project designer,10+ years
senior project manager,< 1 year
senior project manager/planner,2 years
senior project officer,10+ years
senior public relations consultant,10+ years
senior pumper,9 years
senior qa analyst,3 years
senior quality engineer,10+ years
senior quality manager,10+ years
senior rating specialist,5 years
senior reactor operator,1 year
senior receptionist,10+ years
senior registered associate,10+ years
senior registered client associate,10+ years
senior reliability engineer,10+ years
senior reporter,1 year
senior research engineer,10+ years
senior research specialist,1 year
senior reservationist,10+ years
senior resolution specialist,3 years
senior resource manager,5 years
senior right of way agent,5 years
senior risk analyst,7 years
senior safety consultant,10+ years
senior sales,10+ years
senior sales engineer,3 years
senior sales manager,10+ years
senior salt assistant,8 years
senior scheduling analyst,10+ years
senior scientist,2 years
senior security consultant,2 years
senior service inspector,8 years
senior service technician,9 years
senior small group leader,10+ years
senior social worker,10+ years
senior software acct exec,10+ years
senior software analyst,9 years
senior software architect,4 years
senior software consultant,10+ years
senior software developer,2 years
senior software engineer,< 1 year
senior software enginer,4 years
senior software manager,2 years
senior solution consultant,2 years
senior solution integrator,10+ years
senior sourcing manager,10+ years
senior specialist,10+ years
senior staff accountant,9 years
senior staff associate,2 years
senior staff specialist avp,10+ years
senior statistical analyst,10+ years
"senior strategist, marketing and content",6 years
senior strategy analyst,5 years
senior subcontracts administrator,5 years
senior superintendent,3 years
senior supervisor,10+ years
senior switch tech,10+ years
senior system administrator,2 years
senior system engineer,2 years
senior systems analyst,10+ years
senior systems consultant,3 years
senior systems engineer,< 1 year
senior tax analyst,1 year
senior tax associate,4 years
senior team lead,5 years
senior team leader,10+ years
senior tech marketing engineer,2 years
senior tech rep,10+ years
senior technical advisor,2 years
senior technical analyst,10+ years
senior technical consultant,1 year
senior technical consultent,4 years
senior technical manager,5 years
senior technical project manager,10+ years
senior technical support advisor,2 years
senior technical support specialis,10+ years
senior technical support specialist,2 years
senior technical writer,7 years
senior teller,4 years
senior title & escrow officer,7 years
senior title attorney,1 year
senior trainer,7 years
senior transportation engineer,10+ years
senior truck driver,10+ years
senior underwriter,10+ years
senior validation engineer,2 years
senior vice preident,5 years
"senior vice pres, mortgage operations",< 1 year
senior vice president,10+ years
senior vice president & coo of group ret,10+ years
"senior vice president ,investments",9 years
senior vice president / chief operating,10+ years
senior vice president and cashier,7 years
senior vice president compliance,10+ years
senior vice president equip lease,10+ years
senior vice president sales and marketin,1 year
senior vice president/director of educat,2 years
senior video producer,10+ years
senior vp,10+ years
senior vp heads of commercial banking,10+ years
senior vp of sales,2 years
senior vp operations,10+ years
senior vp/investments,10+ years
senior web developer,2 years
senior whole health,6 years
senior writer/editor,2 years
senior youth market director,3 years
senoir slot tech supervisor,9 years
senor district leader,3 years
sensor operator,1 year
seo analyst,< 1 year
sergeant,10+ years
sergeant first class,10+ years
sergeant major,10+ years
serior programer,8 years
server,2 years
server / bartender,4 years
server assistant,10+ years
server engineer,2 years
server manager,5 years
server/bartender,2 years
server/supervisor,3 years
service,10+ years
service  adviser,3 years
service account manager,9 years
service adivser,< 1 year
service admin,3 years
service administrator,10+ years
service adviser,10+ years
service advisoe,2 years
service advisor,< 1 year
service agent,< 1 year
service agent 2,< 1 year
service aide,1 year
service assistant,10+ years
service associate 3,2 years
service center manager,10+ years
service clerk,10+ years
service consultant,10+ years
service coordination manager,4 years
service coordinator,10+ years
service cordinator,10+ years
service deli clerk,10+ years
service deli manager,8 years
service delivery coordinator,10+ years
service delivery manager,1 year
service department,2 years
service department lead,3 years
service design manager,10+ years
service desk analyst,7 years
service desk associate,2 years
service desk clerk,< 1 year
service desk specialist,10+ years
service desk technician,< 1 year
service director,10+ years
service engineer,2 years
service experience,3 years
service group director,3 years
service integration leader,10+ years
service manager,10+ years
service member,10+ years
service mgr,10+ years
service mgr. / technician,10+ years
service operator 2,8 years
service plumber,< 1 year
service provider,5 years
service rep,10+ years
service representative,10+ years
service roofing,6 years
service sales,7 years
service specialist,10+ years
service specialist ii,2 years
service supervisor,10+ years
service team lead,10+ years
service tech,10+ years
service tech.,2 years
service technician,3 years
service technitian,4 years
service tool co llc,10+ years
service writer,10+ years
service/installation mgr,< 1 year
services manager,3 years
servicing manager,4 years
set dresser,10+ years
set medic,10+ years
set up machine,5 years
set up operator,1 year
set up technician,3 years
setex,9 years
setss provider,4 years
setter/welder,2 years
sewer maintenance,5 years
sewing tech,10+ years
sexual assault coordinator,2 years
"sf mechanical services, inc.",10+ years
sfa,10+ years
sfc,10+ years
sfc/ e-7,10+ years
sfwpmm,5 years
sgm,10+ years
sgs wireless us,8 years
sgt. over traffic division,9 years
sgt. school safety,10+ years
shalag us inc,2 years
shands hospital,10+ years
shands jacksonville,9 years
shareholder,2 years
sheet metal,10+ years
sheet metal journyman,10+ years
sheet metal layout,10+ years
sheet metal mechanic,< 1 year
sheet metal tech,1 year
sheet metal worker,10+ years
sheeter operator,10+ years
shelf stocker,2 years
shell  output tech,10+ years
shell finish,8 years
shelter attendant,5 years
sheppard pratt health systems,7 years
sheriff,10+ years
sheriff dept,10+ years
sheriff deputy,10+ years
sheriff's sergeant,10+ years
shift,2 years
shift coordinator,10+ years
shift lead,3 years
shift leader,5 years
shift manager,10+ years
shift manager/associate,2 years
shift superviser,10+ years
shift supervisor,10+ years
shipfitter,6 years
shipment,2 years
shipment manger,< 1 year
shipment planner,8 years
shipping,10+ years
shipping  clerk,4 years
shipping and delivery,10+ years
shipping and receiving,10+ years
shipping and receiving manager,9 years
shipping cleck,10+ years
shipping clerck,9 years
shipping clerk,10+ years
shipping coordinator,10+ years
shipping cordination- warehouse,9 years
shipping department,2 years
shipping dept,10+ years
shipping lead,10+ years
shipping manager,10+ years
shipping shift lead,10+ years
shipping superintendent,8 years
shipping supervisor,10+ years
shipping team lead,2 years
shipping/ materials,10+ years
shipping/ receiving,3 years
shipping/receiving,4 years
shipping/receiving clerk,9 years
shipping/receiving manager,1 year
shipping/stock,10+ years
shoe technician,3 years
shop,2 years
shop foreman,10+ years
shop leadman,4 years
shop manager,10+ years
shop manager/mechanic,4 years
shop sheet metal worker,10+ years
shop superintendant,10+ years
shoreman/deckhand/blasters helper,< 1 year
shortline express market inc.,5 years
shot peens operator,8 years
showroom manager,10+ years
shta,1 year
shutte driver,5 years
shuttle driver,1 year
shuttle driver [transportion],10+ years
sierra pacific industries,8 years
sign language interpreter,10+ years
signal maintainer,10+ years
signal man,10+ years
signal operation engineer,10+ years
signal tech 4,3 years
signing specialist,9 years
simon's hardware and bath,5 years
simulation technician,3 years
simulcast supervisor,4 years
site acquisition manager,10+ years
site lead,1 year
site logistics loader,10+ years
site manager,1 year
site operations manager,10+ years
site reliability engineer,2 years
site steward,3 years
site supervisor,4 years
skechers,7 years
skilled laborer,10+ years
skilled trades,10+ years
skilled worker,10+ years
skilloed trades pipefitter,10+ years
skills trainer,7 years
skycap,10+ years
sleep tech,10+ years
slipsheet operator,10+ years
slitter operator,6 years
slot shift manager,10+ years
slot technican,10+ years
slot technician,1 year
slp,6 years
sm business senior sevice advocate,7 years
small business deposits associate,2 years
small business development,2 years
small truck co.llc.,5 years
smart storage systems,< 1 year
smelter operator,10+ years
"smooth-on, inc",4 years
smoothtop tech,10+ years
smsgt,10+ years
smss,6 years
snow college,10+ years
snowmass village police,10+ years
snr program advisor,6 years
snr. supervisor tax auditor,10+ years
so2,10+ years
soc coordinator,8 years
social finance,< 1 year
social media & digital content specialis,2 years
social media specialist,2 years
social science dept chair head/teacher,10+ years
social science-0101,8 years
social service director,4 years
social service supervisor,10+ years
social service worker,5 years
social services,6 years
social services director,10+ years
social work,2 years
social work supervisor,10+ years
social worker,10+ years
social worker manager,9 years
software,9 years
software analyst,6 years
software applications engineer,1 year
software architect,1 year
software consultant,10+ years
software content manager,3 years
software dev,4 years
software developer,< 1 year
software developer & integrator ii,< 1 year
software developer consultant,1 year
software development engineer,2 years
software development lead,2 years
software eng,10+ years
software engg,2 years
software engineer,< 1 year
software engineer manager,4 years
software engineer staff,10+ years
software engineering supervisor,10+ years
software implementation,1 year
software product manager,9 years
software programmer,2 years
software qa analyst,< 1 year
software qa engineer 2,1 year
software quality specialist,4 years
software sales profesional,2 years
software specialist,1 year
software support manager,10+ years
software systems architect,5 years
software test engineer,4 years
software tester,10+ years
soldier,10+ years
sole proprieter,10+ years
sole proprietor,10+ years
sole proprietorship/ owner,2 years
solution architect,2 years
solution architect electrical engineer,3 years
solution consultant,10+ years
solution implementor,10+ years
solution sales associate,3 years
solution specialist,4 years
solutions analyst,2 years
solutions architect,10+ years
solutions architect/business intell,10+ years
solutions consultant,1 year
solutions engineer,2 years
solutions engineering & development mgr,10+ years
solutions expert,10+ years
solutions manager,3 years
solutions specialist,1 year
sommelier,4 years
sonar tech,10+ years
sonographer,10+ years
sonographer ii,10+ years
sorter,1 year
sorting pallets,< 1 year
sossec inc,< 1 year
sou chef,10+ years
sound installer,3 years
sourcing agent,5 years
sourcing execution specialist,5 years
sourcing manager,4 years
sous chef,< 1 year
south beach contractors,8 years
south florida water management district,8 years
south texas center for pediatric care,1 year
southeast milk inc,3 years
southeastern hose inc.,10+ years
southern cal edison,6 years
southern california edison,3 years
sp - actuarial consulting,5 years
spa concierge,4 years
space simulation technician sr. lead,10+ years
spanish teacher,6 years
spawar systems center atlantic,10+ years
spcislist,3 years
spd tech,10+ years
spd tech ii,3 years
spec writer assistant,9 years
spec. ed. teacher,10+ years
special agent,3 years
special assets officer,2 years
special assistant,1 year
special assistant to the cfo,2 years
special ed teacher,1 year
special education,7 years
special education assistant,7 years
special education educator,10+ years
special education preschool teacher,5 years
special education teacher,5 years
special events coordinator,1 year
special federal investigator,4 years
special investigator,8 years
special kids care,7 years
special personal assignment,3 years
special police officer: supervisor,< 1 year
special programs administrator,2 years
special projec producer,10+ years
special projects estimator,10+ years
special tooling inspector,10+ years
specialist,10+ years
specialist - corporate,10+ years
specialist - digital production,5 years
specialist maintenance technician,1 year
specialist master,< 1 year
specialist senior,3 years
specialist technical analyst,7 years
specialized programs teacher's assistant,10+ years
specialty collections rep,2 years
specialty educator,< 1 year
specialty rep,3 years
specialty sales,3 years
specification technician,< 1 year
specification writer apprentice,< 1 year
spectrum manager,10+ years
speech lang pathologist,4 years
speech language pathologist,10+ years
speech pathologist,10+ years
speech therapist,10+ years
speech-language pathologist,2 years
speech-pathologist,10+ years
spfx,10+ years
spiritaerosystem,7 years
spiritis publishing,10+ years
splice technician,10+ years
sponsored residential,10+ years
sports editor,4 years
sports performace director,7 years
sports producer,10+ years
spotter driver,1 year
spray artist,3 years
spray tech,10+ years
spring-up technician,2 years
sprinkler fitter,5 years
sprint,2 years
sprouts farmers market,3 years
sql programmer,1 year
squad leader,10+ years
sr account manager,10+ years
sr accountant,2 years
sr accountant asst,10+ years
sr administrative assistant,10+ years
sr advisor global banking,4 years
sr analysis analytics,8 years
sr analyst,9 years
sr bi developer,3 years
sr branch manager,10+ years
sr business analyst and data manager,10+ years
sr business process analyst,10+ years
sr cad operator,5 years
sr claims examiner,10+ years
sr clinical product applications,10+ years
sr cna,10+ years
sr comm tech,10+ years
sr compliance analyst,8 years
sr consultant,1 year
sr contract admin,1 year
sr contracting specialist,10+ years
sr corporate recruiter,1 year
sr cra,< 1 year
sr credit analyst,10+ years
sr customer care rep,7 years
sr data clerk,7 years
sr data science analyst,2 years
sr data systems manager,10+ years
sr database developer,1 year
sr design engineer,2 years
sr disability benefits consultant,10+ years
sr engineer,4 years
sr engineering / supply chain systems,3 years
sr executive assistant,4 years
sr field tech.,3 years
sr financial analyst,6 years
sr global commodity manager,7 years
sr implementation consultant,10+ years
sr info systems analyst,10+ years
sr informations analyst,10+ years
sr infrastructure analyst,10+ years
sr instrument technician,4 years
sr investigation specialist,10+ years
sr it analyst,4 years
sr it developer,4 years
sr it manager,5 years
sr it product line specialist,4 years
sr it project manager,1 year
sr legal analyst,7 years
sr litigation paralegal/marketing admin,4 years
sr loan officer,8 years
sr loan operations specialist,10+ years
sr machine operator,10+ years
sr manager,10+ years
sr manager it,6 years
"sr manager, merch strategy & operations",< 1 year
sr marketing analyst,1 year
sr marketing research specialist,5 years
sr mgr,10+ years
sr mgr community engagement,4 years
"sr mgr, global business continuity",10+ years
sr middleware engineer,2 years
sr nat'l acct mngr,10+ years
sr network architect,2 years
sr network engineer,3 years
sr network engineerq,4 years
sr network specilist,10+ years
sr ops specialist,2 years
sr partner/attorney,5 years
sr pastor,10+ years
sr payroll analyst,10+ years
sr performance analyst,2 years
sr post closing specialist,9 years
sr principal consultant,4 years
sr program specialist,10+ years
sr programmer,10+ years
sr programmer anylist,7 years
sr project manager,5 years
sr project mgr,10+ years
sr project office manager,10+ years
sr proposal manager,4 years
sr public works inspector,10+ years
sr qa tech,10+ years
sr quality assurance coordinator,10+ years
sr quality engineer,6 years
sr registered nurse,2 years
sr regulatory specialist,4 years
sr risk control,5 years
sr risk specialist,10+ years
sr sales consultant,10+ years
sr sales instructor,10+ years
sr scr,4 years
sr security architect,1 year
sr security director,4 years
sr site manager,< 1 year
sr software engineer,10+ years
sr software engineer ii,1 year
sr software quality analyst,3 years
sr solutions architect,3 years
sr sous chef,6 years
sr staff it security engineer,2 years
sr staff systems engineer,10+ years
sr standards engineer in telecommuncatio,2 years
sr system engineer,6 years
sr systems programmer,2 years
sr tax accountant,2 years
sr tech,10+ years
sr tech team lead,10+ years
sr technical project manager,10+ years
sr underwriter,10+ years
sr uw,10+ years
sr vice president,2 years
sr vp,10+ years
sr vp & cfo,8 years
sr vp operations,10+ years
sr water plant operator,10+ years
sr web designer,9 years
"sr, systems analyst",< 1 year
"sr, volunteer specialist",2 years
sr. account clerk,10+ years
sr. account manager,< 1 year
sr. actuarial assistant,8 years
sr. admin assistant,10+ years
sr. admin specialist,10+ years
sr. administrative assistant,< 1 year
sr. administrative asst.,5 years
sr. administrative specialist,10+ years
sr. advisor residential colleges,4 years
sr. analyst,3 years
sr. app support specialists,10+ years
sr. applied research engineer,8 years
sr. art director,2 years
sr. associate,5 years
sr. associate - it audit and assurance,4 years
sr. benefits analyst,10+ years
sr. billing and reimbursement spevcialis,3 years
sr. business analyst,10+ years
sr. business consultant,1 year
sr. business development & marketing mgr,10+ years
sr. business systems analyst,1 year
sr. buyer,10+ years
sr. captain,10+ years
sr. center training coordinator,6 years
sr. civil engr. technician,10+ years
sr. client services rep,10+ years
sr. client solutions professional,8 years
sr. collector,10+ years
sr. community outreach specialist,10+ years
sr. compliance security architect,9 years
sr. compliance specialist,2 years
sr. computer specialist,10+ years
sr. construction manager,2 years
sr. consultant,2 years
sr. contract specialists,< 1 year
sr. contracts admin,5 years
sr. coordinator,10+ years
sr. cost accountant,< 1 year
sr. credit analyst,8 years
sr. credit risk analyst,5 years
sr. customer success manager,7 years
sr. data solution ananyst,1 year
sr. database administrator,10+ years
sr. directo,1 year
sr. director,3 years
sr. director of informatics,3 years
sr. director operating control,10+ years
"sr. director, global it customer service",3 years
"sr. director, infrastructure architectur",2 years
sr. district sales manager,10+ years
sr. editor,5 years
sr. electrical engineer,2 years
sr. electrician,10+ years
sr. engagement manager,9 years
sr. engineer,10+ years
sr. estimator,1 year
sr. field engineer,< 1 year
sr. finance analyst,10+ years
sr. financial analyst,2 years
sr. fire technician,10+ years
sr. graphic designer,6 years
sr. graphics illustrator,10+ years
sr. hr specialist,10+ years
sr. hris analyst,1 year
sr. human resources coordinator,9 years
sr. human resources generalist,5 years
sr. information systems analyst,< 1 year
sr. integration consultant,10+ years
sr. it asset analyst,1 year
sr. it business analyst,10+ years
sr. it consulting,10+ years
sr. lab oratory technician,10+ years
sr. land analyst,7 years
sr. learning & development specialist,1 year
sr. legal project manager,< 1 year
sr. loan officer,3 years
sr. loan processor,< 1 year
sr. loan processor iii,2 years
sr. logging engineer,6 years
sr. maintenance,8 years
sr. management analyst,10+ years
sr. manager,10+ years
sr. manager human resources,9 years
sr. manager ii shopper marketing,5 years
sr. manager occupational health,2 years
sr. manager of information systems,8 years
"sr. manager, category development",1 year
sr. manufacturing engineer,10+ years
sr. marketing specialist,4 years
sr. mech designer,10+ years
sr. mechanical engineer,1 year
sr. mgr of application development,10+ years
sr. minister,3 years
sr. network engineer,2 years
sr. nuclear specialist,10+ years
sr. operations manager,10+ years
sr. paralegal,5 years
sr. partner,6 years
sr. payroll analyst,7 years
sr. payroll specialist,< 1 year
sr. principal consultatn,6 years
sr. processor customer service,8 years
sr. procurement specialist,2 years
sr. producer,1 year
sr. product engineer,10+ years
sr. program manager,5 years
sr. program specialist,10+ years
sr. programmer/analyst,10+ years
sr. project manager,10+ years
sr. project rngineer,8 years
sr. publications associate,5 years
sr. qa development engineer,< 1 year
sr. quality technician,8 years
sr. radiation therapist,7 years
sr. revenue analyst (accountant),10+ years
sr. risk coordinator-loss mitigation,7 years
sr. risk manager,< 1 year
sr. sales engineer,2 years
sr. sales rep,2 years
sr. scientist,2 years
sr. sem specialist,1 year
sr. service technician,9 years
sr. sexuality educator,2 years
sr. software developer,10+ years
sr. software engineer,1 year
sr. solutions architect,5 years
sr. staff analyst,8 years
sr. staff software engineer,10+ years
sr. storage engineer,3 years
sr. stores supervisor,10+ years
sr. system administrator,10+ years
sr. system analyst,10+ years
sr. system engineer,8 years
sr. systems administrator,4 years
sr. systems analyst,7 years
sr. systems engineer,2 years
sr. systems integration developer,< 1 year
sr. technical recruiter,< 1 year
sr. technical writer,10+ years
sr. technician,10+ years
sr. traffic/project manager,3 years
sr. treasury analyst,10+ years
sr. tsr,10+ years
sr. underwriter,2 years
sr. underwriting team lead,10+ years
sr. vice president,10+ years
sr. vp,10+ years
sr. vp & general manager,10+ years
sr. web developer,10+ years
sr.business analyst,4 years
sr.qa analyst,4 years
sr.technical instructor,6 years
ssa,10+ years
ssda,7 years
ssg,10+ years
st agnes medical center,10+ years
st lucie county fire district,5 years
st marks umc,10+ years
st martin bank & trust,6 years
st stanislaus chuch,6 years
st. francis preschool,10+ years
st. johns river water management dist,5 years
st. johns riverside hospital gats,5 years
st. louis community college,9 years
st. patricks residence,10+ years
staff,10+ years
staff 1,< 1 year
staff account,< 1 year
staff accountant,< 1 year
staff accountant/manger,10+ years
staff acct,10+ years
staff assistant,< 1 year
staff assistant ii,10+ years
staff attorney,1 year
staff auditor,< 1 year
staff development manager,4 years
staff information system analyst,5 years
staff information systems analyst,9 years
staff manager,10+ years
staff nurse,10+ years
staff pharmacis,10+ years
staff physician,5 years
staff programmer analyst,10+ years
staff registered nurse,10+ years
staff research associate,10+ years
staff respiratory care practitioner,7 years
staff rn,4 years
staff scientist,5 years
staff sergeant,10+ years
staff service analyst,7 years
staff services analyst,7 years
staff services manager 2,6 years
staff services manager iii,10+ years
staff supervisor,3 years
staff usher,10+ years
staff/human resource coordinatior,2 years
staff/registered nurse,8 years
staffing assistant,2 years
staffing associate,< 1 year
staffing consultant,< 1 year
staffing coordinator,10+ years
staffing specialist,5 years
stage technician,10+ years
stainless specialist,6 years
standard parking,10+ years
starbuck's barista,1 year
starlight children's foundation,2 years
state certified caregiver,4 years
state farm,6 years
state farm insurance,10+ years
state law enforcement,9 years
state of alaska,10+ years
state of california,10+ years
state of colorado dept. of corrections,4 years
state of connecticut,6 years
state of de terry campu,10+ years
state of maryland,10+ years
state of michigan,3 years
state of ohio,7 years
state of south carolina,10+ years
state of wisconsin,3 years
state of wyoming,7 years
state organizing coord. for illinois,3 years
state worker 7,2 years
stater bros.,5 years
stathmore vanderbilt country club,10+ years
station manager,7 years
station operator,10+ years
stationary engineer,10+ years
statistical and research analyst iii,5 years
statistician i,2 years
steam fitter,10+ years
steamfitter,10+ years
steamfitter welder,10+ years
steel cutter,10+ years
steele hill resorts,10+ years
stelron components inc.,5 years
"stem internship, college & career coordi",< 1 year
stericycle,6 years
sterile processing tachnician,6 years
sterile processing tech,< 1 year
sterling collision center,9 years
sterling payment technologies,8 years
stewart title company,9 years
stf services,7 years
stitcher 1 tempo,10+ years
stitcher operator,10+ years
stna,4 years
stock,7 years
stock  and received,10+ years
stock clerck,8 years
stock clerk,2 years
stock crew manager,10+ years
stocker,10+ years
stockroom1 clerk,10+ years
stone mason,10+ years
stop n shop supermarket,10+ years
storage administrator,10+ years
store attendant,8 years
store auditor,10+ years
store clerk,10+ years
store director,7 years
store dock supervisor,10+ years
store leader,6 years
store manager,10+ years
store mgr,2 years
store operations manager,4 years
store sales manager,3 years
store supervisor,5 years
store worker,10+ years
storekeeper,10+ years
stores clerk,2 years
stores coordinator,10+ years
stores specialist,10+ years
stormont-vail west,2 years
stower,2 years
strategic account director,< 1 year
strategic account manager,7 years
strategic consultant,4 years
strategic markets director,< 1 year
strategic philanthropy director,10+ years
strategic reporting analyst,1 year
strategy,3 years
strategy manager 1,10+ years
street and sewer supervisor,10+ years
street services investigator,10+ years
street sweeper,4 years
strong pipkin bissell & ledyard,8 years
structural designer,8 years
structural inspector,3 years
structure analyst,5 years
structure fitter,6 years
student activity specialist,10+ years
student affairs representative,9 years
student minister,3 years
student navigator,1 year
studio archivist,2 years
studio director,3 years
studio manager,2 years
stylist,5 years
sub teacher,10+ years
subcontract administrator,< 1 year
subcontract administrator staff,10+ years
subcontractor electrician,5 years
subrogation specialist,< 1 year
substance abuse counselor,1 year
substitue,< 1 year
substitute classroom aide,1 year
substitute teacher,10+ years
substitute teacher/volleyball coach,5 years
summit ventures,10+ years
sun belt conference,8 years
sun-belt transportation,2 years
sunamerica asset management corp,9 years
sunlight supply,2 years
suntrust bank,7 years
sup buildings and grounds,8 years
supc. of communications,10+ years
super,5 years
super intendent,10+ years
super visor,9 years
super-attendant,10+ years
super/lab,9 years
superdisor,7 years
superenterndent,2 years
superintendant,10+ years
superintendent,10+ years
superintendent electrical distribution,7 years
superintendent of schools,< 1 year
"superintendent, afmesa",10+ years
superintendent/project manager,10+ years
superintendents,< 1 year
superintentant,10+ years
superior court judge,1 year
superivising projects manager,1 year
supervior,10+ years
superviors,1 year
superviser,10+ years
supervising deputy probation officer,10+ years
supervising foreman,3 years
supervising paralegal,10+ years
supervising pet/ct technologist,10+ years
supervising staff auditor,4 years
supervising teacher,2 years
supervising transportation planner,10+ years
supervision,10+ years
supervisior,10+ years
superviso,10+ years
supervisor,10+ years
supervisor & cashier,4 years
supervisor administrative services,10+ years
supervisor aeo,10+ years
supervisor body shop,10+ years
supervisor customer service,6 years
supervisor food and nutrition,< 1 year
supervisor grounds,10+ years
supervisor in dining services,10+ years
supervisor inspector,2 years
supervisor inventory control,8 years
supervisor of fiscal services,10+ years
supervisor of guidance counseling servic,3 years
supervisor of industrial maintenance,8 years
supervisor of mail processing,10+ years
supervisor of marketing and events,4 years
supervisor of network engineering,3 years
supervisor of parks technician,6 years
supervisor pharmacy department,10+ years
supervisor transportation security offic,10+ years
"supervisor, benefit migrations",10+ years
"supervisor, human resources",9 years
"supervisor, painter/blaster",10+ years
"supervisor, patient accounts",4 years
supervisor- bgco,7 years
supervisor-audit,10+ years
supervisor-network operations,10+ years
supervisor/ inspector,5 years
supervisor/ sales/trainer,7 years
supervisor/ sergeant,10+ years
supervisor/appointments,10+ years
supervisor/e-8 1st sergeant,10+ years
supervisor/exec asst to president,10+ years
supervisor; training and quality,5 years
supervisory border patrol agent,10+ years
supervisory contract specialist,3 years
supervisory environmental scientist,10+ years
supervisory intelligence analyst,10+ years
supervisory intelligence specialist,10+ years
supervisory it specialist,10+ years
supervisory logistics management spec,6 years
supervisory management analyst,10+ years
supervisory personal property,10+ years
supervizer,5 years
supply,10+ years
supply chain,2 years
supply chain & logistics manager,6 years
supply chain analyst,10+ years
supply chain manager,10+ years
supply chain order specialist,< 1 year
supply chain specialist,4 years
supply chain supervisor,6 years
supply chain warehouser,1 year
supply officer,10+ years
supply planner,2 years
supply room clerk,10+ years
supply sergeant,10+ years
supply sgt,9 years
supply systems analst,10+ years
supply tech,10+ years
support,10+ years
support account manager,5 years
support analyst,8 years
support ba,10+ years
support center analyst,2 years
support center supervisor,8 years
support coordinator,2 years
support desk analyst,2 years
support engineer,10+ years
support manager,10+ years
support mechanic,5 years
support planner,5 years
support representative,2 years
support services clerk,10+ years
support services ii,2 years
support services manager,10+ years
support services/imports,10+ years
support specialist,1 year
support supervisor,3 years
supported living,< 1 year
supported living instructor,1 year
supre,4 years
supt,10+ years
supt/foreman,3 years
surety specialsit,6 years
surface techician,5 years
surgeon,1 year
surgery coordinator,2 years
surgery coordniator/medical assitstan,10+ years
surgery scheduler,10+ years
surgery scheduling supervisor,5 years
surgery scheduluer,10+ years
surgical,10+ years
surgical consultant,8 years
surgical coordinator,10+ years
surgical financial counselor,10+ years
surgical first assistant,10+ years
surgical sales,7 years
surgical scheduler,10+ years
surgical support specialist,4 years
surgical tech,1 year
surgical technichian,10+ years
surgical technician,10+ years
surgical technologist,10+ years
surplus lines program administrator,5 years
surveillance manager,1 year
survey manager,10+ years
survey tech,10+ years
survey tech supervisor,10+ years
survey techinician,6 years
surveyer,< 1 year
surveyor,10+ years
survivor of appliance,< 1 year
sushi chef,10+ years
suspension technician,10+ years
sustainable transportation specialist,5 years
sutherland asbill &brennan,10+ years
svce. tech,8 years
svp,10+ years
svp - director of credit and operations,< 1 year
svp - it delivery,8 years
svp consumer,10+ years
svp credit risk officer,7 years
svp investments,10+ years
svp of hr,1 year
svp of operations,6 years
"svp, director of customer service",10+ years
"svp, sr tech mgr - apps prog",10+ years
sw engineer,8 years
swat,8 years
swing driver,10+ years
swingers santa monica,9 years
switch t,10+ years
switchback grille & trading company,7 years
switchboard operator,1 year
switching equipment tech,5 years
sylvania township fire department,10+ years
sys integration analyst,10+ years
sysco foods,10+ years
system admin,10+ years
system admin ii,10+ years
system administrator,< 1 year
system administrator it is,1 year
system analysis/database administrater,10+ years
system analyst,1 year
system and procedure analyst,2 years
system anslyst,1 year
system consulant,10+ years
system coordinator,10+ years
system designer,8 years
system director of compliance,10+ years
system director of operations,8 years
system engineeer,10+ years
system engineer,10+ years
system engineer sr,10+ years
system laborer,10+ years
system maintenance specialist,2 years
"system manager, clinical engineering",10+ years
system perinatal educator,7 years
system programer,10+ years
system programmer,10+ years
system protection engineer,< 1 year
system safety engineer,4 years
system service representative,3 years
system specialist,2 years
system support,10+ years
system support engineer 2,10+ years
systems administrator,10+ years
systems administrator intermediate,10+ years
"systems administrator, principal",7 years
systems administrator/it manager,2 years
systems analysis 3,< 1 year
systems analyst,10+ years
systems analyst ii,3 years
systems analyst supervisor,10+ years
systems application analyst,3 years
systems architect,4 years
systems consultant,< 1 year
systems developer-systems admin spec,4 years
systems engineer,3 years
systems engineer ii,2 years
systems gas controller,< 1 year
systems implementation specialist,10+ years
systems manager,10+ years
systems programmer,9 years
systems specialist,3 years
systems support analyst,2 years
t,8 years
t-mobile,5 years
t-system inc,4 years
taberstaffing,< 1 year
table game dealer,10+ years
table games,10+ years
table games dealer,10+ years
table games dual rate,10+ years
table games supervisor,3 years
table lead,8 years
tahoe truckee sierra disposal,< 1 year
talent placement specialist,< 1 year
talley,10+ years
tampa bay press,10+ years
tanker driver,10+ years
tankerman,3 years
tankman,4 years
tapfin,1 year
target,2 years
targeted case manager,< 1 year
tarrant county college,10+ years
"tasc, inc",< 1 year
task lead,2 years
tattoo artist,10+ years
tax accountant,4 years
tax administrator,10+ years
tax agent,2 years
tax analyst,7 years
tax associate,10+ years
tax clerk,1 year
tax consultant,10+ years
tax manager,10+ years
tax mgr,10+ years
tax preparer,10+ years
tax professional,10+ years
tax senior associate,2 years
tax specialist,10+ years
tax specialist 1,10+ years
tax staff,2 years
tax supervisor,10+ years
tax technician,10+ years
tax technology manager,3 years
taxi and lodging chief,10+ years
taxi driver,1 year
tcf inventory finance,3 years
tco2,2 years
teacher,10+ years
teacher & department chair,10+ years
teacher (instructional coach),10+ years
teacher aid,2 years
teacher aide,5 years
teacher and coach,7 years
teacher assistance,10+ years
teacher assistant,10+ years
teacher assistent,3 years
teacher assit,10+ years
teacher of the visually impaired,6 years
teacher of visually impaired,7 years
teacher specialist,10+ years
teacher's aide,10+ years
teacher's assistant,5 years
"teacher, afterschool supervisor",6 years
"teacher,coach",< 1 year
teacher/ insurance agent,10+ years
teacher/administrator,10+ years
teacher/coach,10+ years
teacher/dean,10+ years
teacher/department head,10+ years
teacher/football coach,10+ years
teacher/guidance counselor,9 years
teacher/instructional coach,10+ years
teacher/instructor,7 years
teacher/librarian,10+ years
teachers,10+ years
teachers aide,10+ years
teaching assistant,10+ years
teaching partner,3 years
teaching professional,10+ years
team 3 logistics,1 year
team chief aviation material support,6 years
team coach,1 year
team lead,4 years
team lead dallas development,4 years
team lead food service,4 years
team lead hr specialist,10+ years
team lead radiogic technologist,10+ years
team lead sales associate,4 years
team lead service advisor,2 years
"team lead, vp",10+ years
team lead-financial crime compliance,< 1 year
team leader,10+ years
team leader ii,10+ years
"team leader, collections & reporting",< 1 year
team leader/factory,10+ years
team manager,8 years
"team manager, regulatory complaints",10+ years
team member,10+ years
team supervisor,8 years
teamleader,10+ years
teamster,10+ years
teamster/driver,9 years
tech,10+ years
tech 3 pharmn tech,6 years
tech 5,10+ years
tech analyst,5 years
tech architect,8 years
tech iii / shift supervisor,10+ years
tech project manager and qa director,1 year
tech sergeant,10+ years
tech service manager,10+ years
tech services,4 years
tech specialist,10+ years
tech spt,7 years
tech supp engr iii,5 years
tech support,10+ years
tech support advisor,2 years
tech support engineer,2 years
tech support spealist,10+ years
tech.,10+ years
techincal service technician,10+ years
techinican,10+ years
techncial client manager,< 1 year
technical,10+ years
technical account manager,10+ years
technical advisor,10+ years
technical analyst,< 1 year
technical architect,2 years
technical artist,1 year
technical assistance specialist,4 years
technical assistant,10+ years
technical consultant,2 years
technical coordinator,10+ years
technical director,< 1 year
technical duty officer,5 years
technical editor,1 year
technical expert,8 years
technical information ops manager,8 years
technical lead,3 years
technical manager,9 years
technical marketing,5 years
technical mkt manager,2 years
technical operations,1 year
technical operations manager,10+ years
technical product manager,2 years
technical program manager,< 1 year
technical project coordinator,3 years
technical recruiter sourcer,< 1 year
technical risk officer,8 years
technical sales,2 years
technical sales rep,10+ years
technical sales specialist,1 year
technical sergeant / e-6,10+ years
technical service engineer,8 years
technical service mgr.,10+ years
technical service rep,8 years
technical service specialist,2 years
technical services coordinator,10+ years
technical services leader,1 year
technical services manager,8 years
technical specialist,10+ years
technical specialist iii,1 year
technical supervisor,10+ years
technical support,10+ years
technical support associate,9 years
technical support engineer,10+ years
technical support lead,2 years
technical support rep,1 year
technical support specialist,10+ years
technical support sr,5 years
technical training manager,10+ years
technical writer,2 years
technical writer iv,1 year
technical writer/editor,10+ years
technically,10+ years
technican   /  inboard and outboard,8 years
technician,10+ years
technician (associate),10+ years
technician 3,3 years
technician 4,< 1 year
technician fiber optics,5 years
technician ii,10+ years
technician service instructor,10+ years
technician/electrician,2 years
technician/engineer,10+ years
technician/group leader,10+ years
technician/scribe,3 years
technitian,1 year
techniton,10+ years
technologist,10+ years
technology,10+ years
technology consultant,10+ years
technology engineer,6 years
technology integration specialist,3 years
technology manager,10+ years
technology sales,< 1 year
technology service engineer,10+ years
technology services analist,< 1 year
technology specialist,10+ years
technology team leader,10+ years
technology technician,6 years
technology training coordinator,10+ years
teck,10+ years
teco peoples gas systems,10+ years
telecom,3 years
telecom analyst,10+ years
telecom engineer,10+ years
telecom infrastructure analyst ii,< 1 year
telecom manager,10+ years
telecom supervisor,10+ years
telecomm contractor &  project mgr.,3 years
telecommunication specialist,10+ years
telecommunications engineer,5 years
telecommunications manager,9 years
telecommunications officer,1 year
telecommunications operator iii,3 years
telecommunications specialist,10+ years
telecommunications supervisor,10+ years
telecommunicator,10+ years
telemarketer,2 years
telemarketing coordinator,< 1 year
telemarketing rep,4 years
telepacific communications,7 years
telephone maintainer,1 year
teleradiology-it workflow analyst,7 years
telesales,3 years
telesales rep,< 1 year
teleservice representative,10+ years
teller,2 years
teller coordinator,10+ years
teller services specialist,2 years
teller services supervisor,10+ years
teller/csr,10+ years
teller/csr iii,5 years
temp,< 1 year
temp dental assistant,< 1 year
tenant interviewer,7 years
tenant services director,6 years
tennis professional,3 years
tensile technician,3 years
tent lead,4 years
terex,8 years
terminal manager,10+ years
termite inspector,10+ years
terrazzo finisher,9 years
terriitory manager,6 years
territorial manager,10+ years
territorry manager,10+ years
territory account executive,4 years
territory admin assistant,4 years
territory business manager,2 years
territory manager,2 years
territory sales manager,< 1 year
terzian and fiorillo,8 years
tesoro corporation,5 years
test analys,1 year
test center administrator,2 years
test chairperson,2 years
test driver,< 1 year
test engineer,2 years
test lab tech,10+ years
test lead,3 years
test manager,10+ years
test operator,1 year
test tech eng,10+ years
test technician,4 years
tester qa,5 years
testing examiner,10+ years
texas capital bank,3 years
texas department of public safety,7 years
the coastal bank,< 1 year
the community hospital,4 years
the container store,< 1 year
the david agency,1 year
the eastburn,4 years
the fairweather group,10+ years
the french american school of new york,4 years
the geo group inc,5 years
the hartford,7 years
the home depot,10+ years
the jbg companies,10+ years
the learning experience,< 1 year
the long island home,5 years
the miriam hospital,3 years
the new school university,7 years
the orthopedic group,5 years
the preschool at seven hills,< 1 year
the real estate alternative llc,< 1 year
the scotts company,10+ years
the ursuline school,10+ years
the villages,5 years
the wilson t. ballard company,10+ years
the zitter group,1 year
theater and av technician,3 years
theater supervisor,3 years
theatre teacher,4 years
therapist,10+ years
third man,9 years
"thomas produce sales, inc.",3 years
three saints bay,< 1 year
thrower blanton & associates pc,9 years
tiaa-cref,1 year
tibco software inc,1 year
ticket agent,10+ years
tier 3 senior lead install technician,1 year
tig operator,1 year
tile setter,3 years
timbar,8 years
tinter working foreman,10+ years
tire installer/truck driver,10+ years
tire machine operator,8 years
tire tech,10+ years
title assistant,4 years
title clerk,1 year
title curative paralegal,2 years
title department manager,6 years
title examiner,2 years
title officer,< 1 year
title one interventionist,1 year
tjx companies,2 years
tl assembly,10+ years
tm financial forensics,1 year
tmt manager,10+ years
toll collector,10+ years
tool & die maker,5 years
tool & parts attendant,1 year
tool and die grinder,8 years
tool and die maker,10+ years
tool and die maker / machinist,1 year
tool attendant,1 year
tool crib,< 1 year
tool room,5 years
tooling engineer,< 1 year
tooling purchaser,4 years
toolmaker,7 years
tops solid surface,5 years
tornos,10+ years
tour driver,10+ years
tour marketing,1 year
tower crane operator,1 year
tower federal credit union,7 years
tower technition,3 years
town center surgery,10+ years
town manager,10+ years
toyota of charleston,9 years
tpi arcade inc.,10+ years
tppa,10+ years
trabajador de linea,7 years
tracher,10+ years
track maintenance,10+ years
track worker,6 years
trackman,10+ years
trackworker,10+ years
tractor trailer driver,3 years
tractor trailer operator / truck driver,9 years
trade admin,5 years
trade manager superintendent,< 1 year
trader,1 year
trader counselor,< 1 year
tradesman-5,5 years
traffic control agent,1 year
traffic control officer,3 years
traffic controller,4 years
traffic coordinator / marketing,10+ years
traffic enforcement agent,3 years
traffic international corporation,5 years
traffic management specialist,10+ years
traffic supervisor,2 years
trailer editor,10+ years
train coordinator,2 years
train dispatcher,5 years
train manager,10+ years
train operator,10+ years
train technician,10+ years
trainer,10+ years
trainer/foreman,10+ years
training,10+ years
training administrator,< 1 year
training and compliance manager,5 years
training and development technologist,3 years
training coordinator,10+ years
training development specialist,10+ years
training director,< 1 year
training instructor,1 year
training manager,10+ years
training nco,8 years
training non commissioned officer,10+ years
training officer,1 year
training specialist,10+ years
training supervisor,10+ years
training team lead,6 years
trainmaster,1 year
transaction coordinator,4 years
transaction processor,< 1 year
transaction services supervisor,3 years
transair,2 years
transcation coordinator,2 years
transfer packer,3 years
"transfinder, inc",3 years
transit,10+ years
transit driver,3 years
transit electro mechanical maintaner,10+ years
transit operator,10+ years
transit supervisor,10+ years
transition care coordinator,2 years
transition coordinator,4 years
translations specialist ii,10+ years
transmission system operator,10+ years
transporation,4 years
transport administrator,10+ years
transport driver,4 years
transport technician,6 years
transportation,10+ years
transportation analyst,10+ years
transportation buyer,10+ years
transportation communications union,10+ years
transportation designer,3 years
transportation driver,1 year
transportation manager,7 years
transportation officer,1 year
transportation security officer,2 years
transportation solutions coordinator,1 year
transportation specialist,3 years
transportation supervisor,< 1 year
transportation technologist,10+ years
transportation/logistics manager,6 years
transportations security officer,10+ years
transunion,10+ years
travel agent,3 years
travel consultant,2 years
travel coordinator adminitrative asst iv,5 years
travel expert,4 years
travel manager,1 year
travel nurse,1 year
travel rn,2 years
travel sales manager,1 year
travel specialist,7 years
traveling oral surgery asst,1 year
travelocity business/sabre,7 years
treasure island resort and casino,4 years
treasurer,10+ years
treasury,10+ years
treasury analyst,2 years
treasury coordinator,10+ years
treasury management advisor,6 years
treasury manager,10+ years
treatment coordinator,10+ years
treatment specialist,6 years
tree forman,10+ years
triage nurse,10+ years
trial attorney,10+ years
trial supply operations manager,1 year
tricorbraun,10+ years
trizetto inc,< 1 year
trk driver,10+ years
trooper,10+ years
trooper first class,6 years
troubleshooter,3 years
troy school district,10+ years
truck driver,10+ years
truck driver & diet aide,10+ years
truck driver operator,1 year
truck driver otr,10+ years
truck driver.,6 years
truck driver/ laborer,10+ years
truck driver/sales,10+ years
truck dtiver,8 years
truck loader,4 years
truck operator,< 1 year
truck owner operator,10+ years
truck pointer,4 years
truck tire tech,10+ years
truckdriver,4 years
trucking manager,10+ years
trucks driver,< 1 year
truss designer,2 years
trust administrator,10+ years
trust advisor,< 1 year
trust fund specialist,7 years
trust manager,10+ years
trust operations,3 years
trust reform specialist,10+ years
tsgt,10+ years
tso,10+ years
turbo technician,< 1 year
turf manager,3 years
tuto,< 1 year
tutor,10+ years
tv editor,3 years
tv editor producer,9 years
tv operator,6 years
tw2,8 years
tã©cnico elã©ctrico,5 years
u.s. army,6 years
u.s. deparment of labor wage and hour di,10+ years
u.s. federal government,4 years
u.s.b.p,10+ years
uas operator,6 years
uat acceptance analyst,10+ years
uaw iht/jett,10+ years
uaw union rep,10+ years
uber driver,2 years
ui/ux designer & developer,< 1 year
ultimate software,3 years
ultra sound tech,10+ years
ultrasound tech,10+ years
ultrasound technician,10+ years
ultrasound technologist,1 year
um clinical consultant,2 years
unc-ch,< 1 year
unc-chapel hill,10+ years
underground driller,6 years
underwood engineering,10+ years
underwriter,2 years
underwriter i,8 years
underwriter iii,5 years
underwriters laboratories,10+ years
underwriting,8 years
underwriting director,9 years
underwriting manager,10+ years
underwriting sr. specialist,10+ years
underwriting supervisor,10+ years
underwriting tech,1 year
underwriting technical leader,10+ years
unemployment benefits specialist 4,4 years
unified communications engineer,3 years
"uniglobe aerospace, inc.",10+ years
union bank,< 1 year
union butcher,9 years
union carpenter,< 1 year
union glazier,4 years
union journeyman electrician,4 years
union pacific railroad,< 1 year
union pipe fitter,8 years
union representative,10+ years
union sheetmetal worker,< 1 year
union storer,10+ years
unit adm.,10+ years
unit administrator,10+ years
unit chief,9 years
unit clerk,10+ years
unit clerk/cna,3 years
unit coordinator,10+ years
unit director,10+ years
unit leader,10+ years
unit mgr,9 years
unit production manager,10+ years
unit secretary,3 years
united airlines,6 years
united healthcare,2 years
united motor parts,10+ years
united parcel service inc,10+ years
united rentals,2 years
united states air force,1 year
united states marine,10+ years
united states marine corps,6 years
united states postal service,10+ years
united states postal services,10+ years
universal advisor,3 years
universal agent manager,5 years
universal banker,2 years
universal banker 1,< 1 year
universal banker 2,3 years
universal branch associate,2 years
university center east,3 years
university of central oklahoma,10+ years
university of florida,4 years
university of minnesota,4 years
university of pittsburgh,10+ years
university of texas hsc - houston,10+ years
universityh of phoenix,7 years
unloader,10+ years
unwind technician,4 years
upholster,10+ years
upholstery,< 1 year
uphostered,10+ years
upm raflatac,10+ years
upper business banking rm,5 years
upper perkiomen school district,9 years
ups,10+ years
urban science,5 years
urethane foam specialist,4 years
us air force,10+ years
us airways,10+ years
us army,10+ years
us bank,4 years
us border patrol agent,2 years
us coast guard,5 years
us customs and border protection,10+ years
us department of commerce,10+ years
us east coast coo,10+ years
us events coordinator,10+ years
us golf associtation,10+ years
us gov't,5 years
us marshal,10+ years
us marshals service,2 years
us military,10+ years
us navy,10+ years
us patent and trademark office,1 year
us postal service,10+ years
us sales manager,3 years
usa truck,3 years
usaf,10+ years
usairways,10+ years
usan,2 years
usda,10+ years
usda/nrcs,10+ years
used car manager,8 years
user experience consultant,1 year
user support engineer,3 years
usps,10+ years
utahamerican energy,2 years
utc aerospace systems,10+ years
utilities lead,10+ years
utilities operator,2 years
utilities superintendent,10+ years
utilities/repairs operator,10+ years
utility,10+ years
utility billing service rep.,10+ years
utility clerk,3 years
utility consultant,< 1 year
utility coordinator,5 years
utility field representative,10+ years
utility mechanic,6 years
utility operator,1 year
utility person,1 year
utility porter stage hand,10+ years
utility specialist technician,10+ years
utility technician,10+ years
utility work/realtor,10+ years
utility worker,10+ years
utilization management coordinator,4 years
utilization manager reviewer,3 years
utilization mnmt cordinator,10+ years
utilization review,10+ years
utilization review coordinator,10+ years
uto,2 years
uw training coordinator,< 1 year
ux designer,1 year
uxo tech ii/iii,5 years
v.p systems/q.a.,10+ years
v.p.,10+ years
v.p. of business development,1 year
v.p. of finance & operations,9 years
v.p. of sales,10+ years
"v.p., and attorney",10+ years
va medical center,6 years
vacation adviso,10+ years
valet,10+ years
valet booth attendent,1 year
valet driver,1 year
valet manager,5 years
valett,3 years
validation engineer,1 year
valley health,5 years
valuation analyst,4 years
value stream leader (operations mgr),5 years
valve tech,2 years
valve technician,5 years
vascular technologist,10+ years
vault cashier,4 years
vault lead,1 year
vault operations sr. manager,7 years
vault teller,5 years
vehicle maintenance,1 year
vehicle movement specialist,2 years
vehicle operator,10+ years
vehicle service agent,10+ years
vehicle upgrade manager,< 1 year
vending delivery,10+ years
vendor,3 years
vendor relations manager,2 years
ventra evart llc,10+ years
venture associate,< 1 year
venue manager,1 year
veolia transportation,5 years
verbatim reporter,10+ years
verifone,3 years
verizon,8 years
verizon wireless,10+ years
"vertical communications, inc.",10+ years
vestas american wind technology,5 years
vet assistant,4 years
vet tech,2 years
veteran's affairs,10+ years
veterans service rep,7 years
veterans service representative,4 years
veterinarian,4 years
veterinary assistant,< 1 year
veterinary technician,3 years
veterinary technologist,10+ years
vfx artist,< 1 year
vice presiden,7 years
vice president,10+ years
vice president - brand management,8 years
vice president - commercial lending,1 year
vice president - compliance,< 1 year
vice president - estimating,2 years
vice president - marketing,3 years
vice president - sales,1 year
vice president administrative services,10+ years
vice president and counsel,5 years
vice president commercial banking,2 years
vice president community manager,10+ years
vice president for public affairs,9 years
vice president fulfillment,10+ years
vice president global operations,9 years
vice president hr,9 years
vice president institutional trust,1 year
vice president legal services,10+ years
vice president of construction,10+ years
vice president of hr,2 years
vice president of major accounts,6 years
vice president of national accounts,2 years
vice president of operations,5 years
vice president of production,2 years
vice president of regional operations,6 years
vice president of sales marketing,10+ years
vice president operations,10+ years
vice president private banking,5 years
vice president sales/marketing,< 1 year
vice president security,10+ years
vice president virtual learning,2 years
vice president west region,3 years
"vice president, account management",10+ years
"vice president, application support mgr",10+ years
"vice president, community branch manager",4 years
"vice president, corporate paralegal",6 years
"vice president, public affairs",9 years
"vice president, school content design",2 years
vice president-senior portfolio advisor,10+ years
vice president-sr. client associate,10+ years
vice president/estimator,10+ years
vice president/fiu manager,1 year
vice president/hr director,10+ years
vice president/senior underwriter,10+ years
vice-chairman,10+ years
vice-president,5 years
vice-principal,10+ years
victaulic,< 1 year
victim witness coordinator,10+ years
video engineer,10+ years
video producer,5 years
video producer/editor,10+ years
video repair representative,1 year
video technician,3 years
videographer,5 years
viewer,< 1 year
village of northport,10+ years
violinist,< 1 year
virtual retail specialist,2 years
visalia medical clinic,10+ years
visger precision inc,3 years
visitor list driver,< 1 year
visual information specialist,3 years
visual merchandiser,1 year
visual merchandising manager,8 years
visual specialist,< 1 year
vital stats coordinator,10+ years
vitamin buyer,10+ years
vocational adjustment counselor,10+ years
vocational rehabilitation specialist,1 year
voice engineer,7 years
volunteer support coordinator,10+ years
vommunication billing coordinator,10+ years
von maur,10+ years
vonage,5 years
vp,10+ years
vp & counsel,3 years
vp - cash managenemt,1 year
vp - marketing,3 years
vp - operations,10+ years
vp account,4 years
vp analytics platform,3 years
vp and special assets officer,< 1 year
vp applications systems,4 years
vp benefits,< 1 year
vp branch manager ii,< 1 year
vp business development,3 years
vp business solutions,5 years
vp client services,4 years
vp clinical services,6 years
vp consumer marketing,< 1 year
vp customer and vendor relations,5 years
vp customer operations,5 years
vp due diligence manager,6 years
vp ead division,2 years
vp engineering,3 years
vp enterprise services,5 years
vp finance,1 year
vp financial center manager,2 years
vp fp&a,1 year
vp hr,5 years
vp human capital management,4 years
vp industrial group,9 years
vp infrastructure tech specialst,5 years
vp it & security,< 1 year
vp liquidator,10+ years
vp manufacturing,10+ years
vp national accounts,< 1 year
vp of accounting/controller,10+ years
vp of airborne operations,7 years
vp of claims,2 years
vp of client services,10+ years
vp of corporate operations,8 years
vp of finance,10+ years
vp of human resources,10+ years
vp of latin america cert. programs,10+ years
vp of operations,4 years
vp of production,6 years
vp of sales,2 years
vp of sales and marketing,< 1 year
vp of strategy,1 year
vp of technology,10+ years
vp operations,10+ years
vp planning and admin. - ger and czr,10+ years
vp product implementation,2 years
vp reimbursement,7 years
vp risk technology - utah,3 years
vp sales,< 1 year
vp sales & marketing,10+ years
vp senior consultant recruiting,1 year
vp southeast region,10+ years
vp sr credit analyst,3 years
vp strategic alignment,7 years
vp technical support,10+ years
vp technology,4 years
vp third party fulfillment,4 years
"vp, client software engineering",1 year
"vp, corporate counsel",6 years
"vp, ecommerce",< 1 year
"vp, finance",10+ years
"vp, global leverage",10+ years
"vp, head of wealth management consultant",< 1 year
"vp, housing",10+ years
"vp, human resources",10+ years
"vp, manager",10+ years
"vp, marketing",< 1 year
"vp, quality monitoring",10+ years
"vp, regional hr manager",1 year
"vp, sales",5 years
"vp, software development",8 years
"vp, sr. underwriter",1 year
vp/bclc operations manager,5 years
vp/gm,10+ years
vp/lender,10+ years
w & a dist.,10+ years
waggener edstrom,2 years
wait staff,6 years
waiter,10+ years
"waiter, catering coordinator",10+ years
waitress,8 years
waitress/bartender,4 years
waitstaff,3 years
wakefern food corp / pricerite,4 years
wal-mart,10+ years
"wal-mart, inc.",6 years
walgreen's,7 years
walmart,4 years
walmart pharmacy,5 years
wan/lan spec,10+ years
ware house manager,3 years
warehouse,10+ years
warehouse  clerk,9 years
warehouse associate,1 year
warehouse associate ii,< 1 year
warehouse associates,3 years
warehouse asst.,6 years
warehouse attendant,10+ years
warehouse clerk,1 year
warehouse co-ordinator,10+ years
warehouse coorindate,< 1 year
warehouse data clerk,2 years
warehouse employee,1 year
warehouse forklift driver,7 years
warehouse forklift operator,10+ years
warehouse inventory supervisor,10+ years
warehouse lead,10+ years
warehouse manager,10+ years
warehouse manager/quality control,6 years
warehouse operator,5 years
warehouse operator i,6 years
warehouse stock,8 years
warehouse supervisor,1 year
warehouse tech,10+ years
warehouse technician,3 years
warehouse utility,5 years
warehouse work,8 years
warehouse worker,2 years
warehouse/ forklift operator,8 years
warehouse/delivery,1 year
warehouse/driver,10+ years
warehouseman,1 year
warehousman,10+ years
warner bros. studio facilities,3 years
warr admin,3 years
warrant officer,10+ years
warranty admin,2 years
warranty administrator,10+ years
warranty administrator & booker,4 years
warranty administrator - fleet maintenan,10+ years
warranty analysts,10+ years
washington university in st. louis,2 years
waste management,2 years
waste manager,10+ years
waste opertor,1 year
waste water operator,10+ years
waste water operator/grounds keeper,10+ years
wastewater operator,2 years
wastewater operator 1,2 years
watch commander,10+ years
water & street dept.,10+ years
water billing clerk,9 years
water compliance specialist,3 years
water conservation technician,< 1 year
water distribution,2 years
water distribution technician,5 years
water operator ii,6 years
water quality specialist,10+ years
water service tech,4 years
water supervisor,10+ years
water supt,9 years
water system superintendent,10+ years
water utilities foreman,4 years
water/wastewater operator iv,10+ years
watermaster,< 1 year
watson's towing inc,1 year
wealth advisor,10+ years
weapons superintendent,10+ years
weather forecaster,10+ years
weather technician,7 years
web application developer,3 years
web comm director,10+ years
web designer,2 years
web developer,1 year
web developer ii,2 years
web editor,5 years
web marketing manager,< 1 year
web master,10+ years
web operations manager,3 years
web optimization iii,2 years
webmaster,1 year
website manager,3 years
weichert relocation,10+ years
weighmaster,< 1 year
weight loss consultant,1 year
weik investment,< 1 year
weld ispector,6 years
welder,10+ years
welder fabricator,3 years
welder pipefitter,10+ years
welder/mechanic,3 years
welding mechanic,10+ years
welding supervisor,10+ years
wellness cordinator,5 years
wellness specialist,1 year
wellpoint,6 years
wellpoint inc,5 years
wells fargo,10+ years
wells fargo bank,6 years
west coast coffee company,10+ years
west coast dermatology,2 years
west region support / office manager,10+ years
west texas district manager,2 years
western allied mechanical,6 years
western and southern financial grp,2 years
western state hospital,6 years
westinghouse electric co.,10+ years
westmed medical group,5 years
weston diplomat,10+ years
westwood college,4 years
wfisd cpr instructor,2 years
wheaton franciscan healthcare,6 years
whitewater designs,10+ years
whitman college,10+ years
wholesale coordinator,1 year
wholesale marketing and sales,10+ years
wholesale parts,8 years
whose manager,10+ years
wic services assoc.,10+ years
wicdirector,10+ years
wildlife biologist,10+ years
winchester medical center,9 years
wind technician,5 years
wind turbine technician,2 years
winder inspector,10+ years
window cleaner,6 years
window installation,5 years
window installer,10+ years
window/ door installer,5 years
wine supplier,1 year
wine/ beverage director,10+ years
wire clerk,10+ years
wire tech,3 years
wire technician,1 year
wish coordinator,5 years
wok cook,7 years
wolfpk,2 years
wonder montesorri school,< 1 year
wood creek junior high-katyisd,10+ years
work flow specialist,10+ years
work order assistant,10+ years
work supervisor,10+ years
worker,10+ years
workers' compensation claims manager,10+ years
workflow consultant,9 years
workforce advantage,4 years
workforce development specialist,10+ years
working foreman construction,10+ years
world fuel services,1 year
world media enterprise inc,7 years
world travel holdings,7 years
worldwidw tech services,10+ years
worship pastor,3 years
wraparound supervisor,5 years
wrapper operater/truck driver,< 1 year
writer /  producer,10+ years
writer/editer,9 years
writer/editor,10+ years
wyle,4 years
x ray technician,1 year
x-ray tech,10+ years
x-ray technologist,2 years
x-ray technologists,10+ years
xerox corp,10+ years
xerox corp.,10+ years
xr modality supervisor,6 years
xray tech,3 years
xray technician,10+ years
xray technologist,10+ years
xtime,< 1 year
yard clerk,10+ years
yard coordinator,10+ years
yard driver,< 1 year
yard manager,5 years
yard/receiving manager,9 years
yardmaster,10+ years
yarn treater,5 years
yavapai county free library district,1 year
young and bowman,10+ years
youth correctional counselor,10+ years
youth crew leader,3 years
youth division aide iv,5 years
youth engagement coordinator,7 years
youth justice manager,10+ years
youth leader specialist ii,< 1 year
youth minister,5 years
youth ministry director,3 years
youth pastor,9 years
youth senior coordinator,10+ years
yum! brands inc.,10+ years
ywca,10+ years
z microsystems,3 years
zanjero,10+ years
zoning technician,< 1 year
zookeeper,1 year
zupan's markets,5 years
